SET FOREIGN_KEY_CHECKS = 0;

UPDATE `config` SET `value`='2.1.0-beta1' WHERE `name`='thelia_version';
UPDATE `config` SET `value`='1' WHERE `name`='thelia_minus_version';
UPDATE `config` SET `value`='0' WHERE `name`='thelia_release_version';
UPDATE `config` SET `value`='beta1' WHERE `name`='thelia_extra_version';

DELETE FROM `config` WHERE `name`='session_config.handlers';

CREATE TABLE IF NOT EXISTS `api`
(
    `id` INTEGER NOT NULL AUTO_INCREMENT,
    `label` VARCHAR(255),
    `api_key` VARCHAR(100),
    `profile_id` INTEGER,
    `created_at` DATETIME,
    `updated_at` DATETIME,
    PRIMARY KEY (`id`),
    INDEX `idx_api_profile_id` (`profile_id`),
    CONSTRAINT `fk_api_profile_id`
        FOREIGN KEY (`profile_id`)
        REFERENCES `profile` (`id`)
        ON UPDATE RESTRICT
        ON DELETE RESTRICT
) ENGINE=InnoDB CHARACTER SET='utf8';

SELECT @max_id := IFNULL(MAX(`id`),0) FROM `config`;

-- Add the session_config.lifetime configuration variable
INSERT INTO `config` (`id`, `name`, `value`, `secured`, `hidden`, `created_at`, `updated_at`) VALUES
(@max_id + 1, 'session_config.lifetime', '0', 0, 0, NOW(), NOW()),
(@max_id + 2, 'error_message.show', '1', 0, 0, NOW(), NOW()),
(@max_id + 3, 'error_message.page_name', 'error.html', 0, 0, NOW(), NOW())
;

INSERT INTO `config_i18n` (`id`, `locale`, `title`, `description`, `chapo`, `postscriptum`) VALUES
(@max_id + 1, 'ar_SA', NULL, NULL, NULL, NULL),
(@max_id + 2, 'ar_SA', NULL, NULL, NULL, NULL),
(@max_id + 3, 'ar_SA', NULL, NULL, NULL, NULL),
(@max_id + 1, 'cs_CZ', NULL, NULL, NULL, NULL),
(@max_id + 2, 'cs_CZ', NULL, NULL, NULL, NULL),
(@max_id + 3, 'cs_CZ', NULL, NULL, NULL, NULL),
(@max_id + 1, 'de_DE', 'Dauer der Session-Cookie in dem Kunden-Browser, in Sekunden', NULL, NULL, NULL),
(@max_id + 2, 'de_DE', 'Fehlermeldung zeigen anstatt einer weißen Seite im Falle eines eines Serverfehlers', NULL, NULL, NULL),
(@max_id + 3, 'de_DE', 'Dateiname der Fehlerseite', NULL, NULL, NULL),
(@max_id + 1, 'el_GR', NULL, NULL, NULL, NULL),
(@max_id + 2, 'el_GR', NULL, NULL, NULL, NULL),
(@max_id + 3, 'el_GR', NULL, NULL, NULL, NULL),
(@max_id + 1, 'en_US', 'Life time of the session cookie in the customer browser, in seconds', NULL, NULL, NULL),
(@max_id + 2, 'en_US', 'Show error message instead of a white page on a server error', NULL, NULL, NULL),
(@max_id + 3, 'en_US', 'Filename of the error page', NULL, NULL, NULL),
(@max_id + 1, 'es_ES', 'Tiempo de vida de la cookie de la sesión en el navegador del cliente, en segundos', NULL, NULL, NULL),
(@max_id + 2, 'es_ES', 'Mostrar mensaje de error en lugar de una página en blanco cuando ocurre un error de servidor', NULL, NULL, NULL),
(@max_id + 3, 'es_ES', 'Nombre de archivo de la página de error', NULL, NULL, NULL),
(@max_id + 1, 'fa_IR', NULL, NULL, NULL, NULL),
(@max_id + 2, 'fa_IR', NULL, NULL, NULL, NULL),
(@max_id + 3, 'fa_IR', NULL, NULL, NULL, NULL),
(@max_id + 1, 'fr_FR', 'Durée de vie du cookie de la session dans le navigateur du client, en secondes', NULL, NULL, NULL),
(@max_id + 2, 'fr_FR', 'Afficher un message d\'erreur à la place d\'une page blanche lors d\'une erreur serveur', NULL, NULL, NULL),
(@max_id + 3, 'fr_FR', 'Nom du fichier de la page d\'erreur', NULL, NULL, NULL),
(@max_id + 1, 'hu_HU', NULL, NULL, NULL, NULL),
(@max_id + 2, 'hu_HU', NULL, NULL, NULL, NULL),
(@max_id + 3, 'hu_HU', NULL, NULL, NULL, NULL),
(@max_id + 1, 'id_ID', NULL, NULL, NULL, NULL),
(@max_id + 2, 'id_ID', NULL, NULL, NULL, NULL),
(@max_id + 3, 'id_ID', NULL, NULL, NULL, NULL),
(@max_id + 1, 'it_IT', NULL, NULL, NULL, NULL),
(@max_id + 2, 'it_IT', NULL, NULL, NULL, NULL),
(@max_id + 3, 'it_IT', NULL, NULL, NULL, NULL),
(@max_id + 1, 'pl_PL', NULL, NULL, NULL, NULL),
(@max_id + 2, 'pl_PL', NULL, NULL, NULL, NULL),
(@max_id + 3, 'pl_PL', 'Nazwa pliku strony błędu', NULL, NULL, NULL),
(@max_id + 1, 'pt_BR', NULL, NULL, NULL, NULL),
(@max_id + 2, 'pt_BR', NULL, NULL, NULL, NULL),
(@max_id + 3, 'pt_BR', NULL, NULL, NULL, NULL),
(@max_id + 1, 'pt_PT', NULL, NULL, NULL, NULL),
(@max_id + 2, 'pt_PT', NULL, NULL, NULL, NULL),
(@max_id + 3, 'pt_PT', NULL, NULL, NULL, NULL),
(@max_id + 1, 'ru_RU', 'Время жизни cookie сессии клиента в секундах', NULL, NULL, NULL),
(@max_id + 2, 'ru_RU', 'Показывать страницу ошибок вместо белой страницы при ошибке сервера', NULL, NULL, NULL),
(@max_id + 3, 'ru_RU', 'Имя файла для страницы ошибок', NULL, NULL, NULL),
(@max_id + 1, 'sk_SK', NULL, NULL, NULL, NULL),
(@max_id + 2, 'sk_SK', NULL, NULL, NULL, NULL),
(@max_id + 3, 'sk_SK', NULL, NULL, NULL, NULL),
(@max_id + 1, 'tr_TR', 'Müşteri tarayıcı oturum çerezinin yaşam süresi saniye içinde', NULL, NULL, NULL),
(@max_id + 2, 'tr_TR', 'Bir sunucu hatası üzerinde beyaz bir sayfa yerine hata iletisi göster', NULL, NULL, NULL),
(@max_id + 3, 'tr_TR', 'Hata sayfasının dosya adı', NULL, NULL, NULL),
(@max_id + 1, 'uk_UA', NULL, NULL, NULL, NULL),
(@max_id + 2, 'uk_UA', NULL, NULL, NULL, NULL),
(@max_id + 3, 'uk_UA', NULL, NULL, NULL, NULL)
;

-- Hide the session_config.handlers configuration variable
UPDATE `config` SET `secured`=1, `hidden`=1 where `name`='session_config.handlers';

-- Hooks

-- front hooks

SELECT @max_id := IFNULL(MAX(`id`),0) FROM `hook`;

INSERT INTO `hook` (`id`, `code`, `type`, `by_module`, `block`, `native`, `activate`, `position`, `created_at`, `updated_at`)
  VALUES
(@max_id + 1, 'category.content-top', 1, 0, 0, 1, 1, 1, NOW(), NOW()),
(@max_id + 2, 'category.content-bottom', 1, 0, 0, 1, 1, 1, NOW(), NOW()),
(@max_id + 3, 'content.content-top', 1, 0, 0, 1, 1, 1, NOW(), NOW()),
(@max_id + 4, 'content.content-bottom', 1, 0, 0, 1, 1, 1, NOW(), NOW()),
(@max_id + 5, 'folder.content-top', 1, 0, 0, 1, 1, 1, NOW(), NOW()),
(@max_id + 6, 'folder.content-bottom', 1, 0, 0, 1, 1, 1, NOW(), NOW()),
(@max_id + 7, 'brand.top', 1, 0, 0, 1, 1, 1, NOW(), NOW()),
(@max_id + 8, 'brand.bottom', 1, 0, 0, 1, 1, 1, NOW(), NOW()),
(@max_id + 9, 'brand.main-top', 1, 0, 0, 1, 1, 1, NOW(), NOW()),
(@max_id + 10, 'brand.main-bottom', 1, 0, 0, 1, 1, 1, NOW(), NOW()),
(@max_id + 11, 'brand.content-top', 1, 0, 0, 1, 1, 1, NOW(), NOW()),
(@max_id + 12, 'brand.content-bottom', 1, 0, 0, 1, 1, 1, NOW(), NOW()),
(@max_id + 13, 'brand.stylesheet', 1, 0, 0, 1, 1, 1, NOW(), NOW()),
(@max_id + 14, 'brand.after-javascript-include', 1, 0, 0, 1, 1, 1, NOW(), NOW()),
(@max_id + 15, 'brand.javascript-initialization', 1, 0, 0, 1, 1, 1, NOW(), NOW()),
(@max_id + 16, 'brand.sidebar-top', 1, 0, 0, 1, 1, 1, NOW(), NOW()),
(@max_id + 17, 'brand.sidebar-body', 1, 0, 0, 1, 1, 1, NOW(), NOW()),
(@max_id + 18, 'brand.sidebar-bottom', 1, 0, 0, 1, 1, 1, NOW(), NOW()),
(@max_id + 19, 'account-order.top', 1,  0, 0, 1, 1, 1, NOW(), NOW()),
(@max_id + 20, 'account-order.information', 1, 0, 1, 1, 1, 1, NOW(), NOW()),
(@max_id + 21, 'account-order.after-information', 1,  0, 0, 1, 1, 1, NOW(), NOW()),
(@max_id + 22, 'account-order.delivery-information', 1, 1, 0, 1, 1, 1, NOW(), NOW()),
(@max_id + 23, 'account-order.delivery-address', 1, 1, 0, 1, 1, 1, NOW(), NOW()),
(@max_id + 24, 'account-order.invoice-information', 1, 1, 0, 1, 1, 1, NOW(), NOW()),
(@max_id + 25, 'account-order.invoice-address', 1, 1, 0, 1, 1, 1, NOW(), NOW()),
(@max_id + 26, 'account-order.after-addresses', 1,  0, 0, 1, 1, 1, NOW(), NOW()),
(@max_id + 27, 'account-order.products-top', 1,  0, 0, 1, 1, 1, NOW(), NOW()),
(@max_id + 28, 'account-order.product-extra', 1,  0, 0, 1, 1, 1, NOW(), NOW()),
(@max_id + 29, 'account-order.products-bottom', 1,  0, 0, 1, 1, 1, NOW(), NOW()),
(@max_id + 30, 'account-order.after-products', 1,  0, 0, 1, 1, 1, NOW(), NOW()),
(@max_id + 31, 'account-order.bottom', 1,  0, 0, 1, 1, 1, NOW(), NOW()),
(@max_id + 32, 'account-order.stylesheet', 1,  0, 0, 1, 1, 1, NOW(), NOW()),
(@max_id + 33, 'account-order.after-javascript-include', 1,  0, 0, 1, 1, 1, NOW(), NOW()),
(@max_id + 34, 'account-order.javascript-initialization', 1,  0, 0, 1, 1, 1, NOW(), NOW())
;

INSERT INTO  `hook_i18n` (`id`, `locale`, `title`, `description`, `chapo`) VALUES
(@max_id + 1, 'ar_SA', NULL, '', ''),
(@max_id + 2, 'ar_SA', NULL, '', ''),
(@max_id + 3, 'ar_SA', NULL, '', ''),
(@max_id + 4, 'ar_SA', NULL, '', ''),
(@max_id + 5, 'ar_SA', NULL, '', ''),
(@max_id + 6, 'ar_SA', NULL, '', ''),
(@max_id + 7, 'ar_SA', NULL, '', ''),
(@max_id + 8, 'ar_SA', NULL, '', ''),
(@max_id + 9, 'ar_SA', NULL, '', ''),
(@max_id + 10, 'ar_SA', NULL, '', ''),
(@max_id + 11, 'ar_SA', NULL, '', ''),
(@max_id + 12, 'ar_SA', NULL, '', ''),
(@max_id + 13, 'ar_SA', NULL, '', ''),
(@max_id + 14, 'ar_SA', NULL, '', ''),
(@max_id + 15, 'ar_SA', NULL, '', ''),
(@max_id + 16, 'ar_SA', NULL, '', ''),
(@max_id + 17, 'ar_SA', NULL, '', ''),
(@max_id + 18, 'ar_SA', NULL, '', ''),
(@max_id + 19, 'ar_SA', NULL, '', ''),
(@max_id + 20, 'ar_SA', NULL, '', ''),
(@max_id + 21, 'ar_SA', NULL, '', ''),
(@max_id + 22, 'ar_SA', NULL, '', ''),
(@max_id + 23, 'ar_SA', NULL, '', ''),
(@max_id + 24, 'ar_SA', NULL, '', ''),
(@max_id + 25, 'ar_SA', NULL, '', ''),
(@max_id + 26, 'ar_SA', NULL, '', ''),
(@max_id + 27, 'ar_SA', NULL, '', ''),
(@max_id + 28, 'ar_SA', NULL, '', ''),
(@max_id + 29, 'ar_SA', NULL, '', ''),
(@max_id + 30, 'ar_SA', NULL, '', ''),
(@max_id + 31, 'ar_SA', NULL, '', ''),
(@max_id + 32, 'ar_SA', NULL, '', ''),
(@max_id + 33, 'ar_SA', NULL, '', ''),
(@max_id + 34, 'ar_SA', NULL, '', ''),
(@max_id + 1, 'cs_CZ', NULL, '', ''),
(@max_id + 2, 'cs_CZ', NULL, '', ''),
(@max_id + 3, 'cs_CZ', NULL, '', ''),
(@max_id + 4, 'cs_CZ', NULL, '', ''),
(@max_id + 5, 'cs_CZ', NULL, '', ''),
(@max_id + 6, 'cs_CZ', NULL, '', ''),
(@max_id + 7, 'cs_CZ', NULL, '', ''),
(@max_id + 8, 'cs_CZ', NULL, '', ''),
(@max_id + 9, 'cs_CZ', NULL, '', ''),
(@max_id + 10, 'cs_CZ', NULL, '', ''),
(@max_id + 11, 'cs_CZ', NULL, '', ''),
(@max_id + 12, 'cs_CZ', NULL, '', ''),
(@max_id + 13, 'cs_CZ', NULL, '', ''),
(@max_id + 14, 'cs_CZ', NULL, '', ''),
(@max_id + 15, 'cs_CZ', NULL, '', ''),
(@max_id + 16, 'cs_CZ', NULL, '', ''),
(@max_id + 17, 'cs_CZ', NULL, '', ''),
(@max_id + 18, 'cs_CZ', NULL, '', ''),
(@max_id + 19, 'cs_CZ', NULL, '', ''),
(@max_id + 20, 'cs_CZ', NULL, '', ''),
(@max_id + 21, 'cs_CZ', NULL, '', ''),
(@max_id + 22, 'cs_CZ', NULL, '', ''),
(@max_id + 23, 'cs_CZ', NULL, '', ''),
(@max_id + 24, 'cs_CZ', NULL, '', ''),
(@max_id + 25, 'cs_CZ', NULL, '', ''),
(@max_id + 26, 'cs_CZ', NULL, '', ''),
(@max_id + 27, 'cs_CZ', NULL, '', ''),
(@max_id + 28, 'cs_CZ', NULL, '', ''),
(@max_id + 29, 'cs_CZ', NULL, '', ''),
(@max_id + 30, 'cs_CZ', NULL, '', ''),
(@max_id + 31, 'cs_CZ', NULL, '', ''),
(@max_id + 32, 'cs_CZ', NULL, '', ''),
(@max_id + 33, 'cs_CZ', NULL, '', ''),
(@max_id + 34, 'cs_CZ', NULL, '', ''),
(@max_id + 1, 'de_DE', 'Kategorieseite - vor dem Hauptinhaltsbereich', '', ''),
(@max_id + 2, 'de_DE', 'Kategorieseite - nach dem Hauptinhaltsbereich', '', ''),
(@max_id + 3, 'de_DE', 'Inhaltseite- vor dem Hauptinhaltsbereich', '', ''),
(@max_id + 4, 'de_DE', 'Inhaltseite - nach dem Hauptinhaltsbereich', '', ''),
(@max_id + 5, 'de_DE', 'Ordnerseite - vor dem Hauptinhaltsbereich', '', ''),
(@max_id + 6, 'de_DE', 'Ordnerseite - nach dem Hauptinhaltsbereich', '', ''),
(@max_id + 7, 'de_DE', 'Marken Seite - oben', '', ''),
(@max_id + 8, 'de_DE', 'Marken Seite - unten', '', ''),
(@max_id + 9, 'de_DE', 'Marken Seite - oben des Hauptbereichs', '', ''),
(@max_id + 10, 'de_DE', 'Marken Seite - unten des Hauptbereichs', '', ''),
(@max_id + 11, 'de_DE', 'Marken Seite - vor dem Hauptinhaltsbereich', '', ''),
(@max_id + 12, 'de_DE', 'Marken Seite - Nach dem Hauptinhalt Bereich', '', ''),
(@max_id + 13, 'de_DE', 'Marken Seite - CSS-Stylesheet', '', ''),
(@max_id + 14, 'de_DE', 'Marken Seite - Nach der Integration von Javascript', '', ''),
(@max_id + 15, 'de_DE', 'Marken Seite - Javascript Initialisation', '', ''),
(@max_id + 16, 'de_DE', 'Marken Seite - oben der Sidebar', '', ''),
(@max_id + 17, 'de_DE', 'Marken Seite - Sidebars Body', '', ''),
(@max_id + 18, 'de_DE', 'Marken Seite - unten der Sidebar', '', ''),
(@max_id + 19, 'de_DE', 'Bestellungsdetails - oben', '', ''),
(@max_id + 20, 'de_DE', 'Bestellungsdetails - weitere Informationen', '', ''),
(@max_id + 21, 'de_DE', 'Bestellungsdetails - nach den allgemeinen Informationen', '', ''),
(@max_id + 22, 'de_DE', 'Bestellungsdetails - weitere Informationen für den Versand', '', ''),
(@max_id + 23, 'de_DE', 'Bestellungsdetails - Lieferadresse', '', ''),
(@max_id + 24, 'de_DE', 'Bestellungsdetails - weitere Informationen für die Rechnung', '', ''),
(@max_id + 25, 'de_DE', 'Bestellungsdetails - Rechnungsadresse', '', ''),
(@max_id + 26, 'de_DE', 'Bestellungsdetails - Nach den Adressen', '', ''),
(@max_id + 27, 'de_DE', 'Bestellungsdetails - vor der Produktliste', '', ''),
(@max_id + 28, 'de_DE', 'Bestellungsdetails - weitere Informationen für ein Produkt', '', ''),
(@max_id + 29, 'de_DE', 'Bestellungsdetails - nach der Produktliste', '', ''),
(@max_id + 30, 'de_DE', 'Bestellungsdetails - nach den Produkten', '', ''),
(@max_id + 31, 'de_DE', 'Bestellungsdetails - unten', '', ''),
(@max_id + 32, 'de_DE', 'Bestellungsdetails - CSS-Stylesheet', '', ''),
(@max_id + 33, 'de_DE', 'Bestellungsdetails - nach Integration von JavaScript', '', ''),
(@max_id + 34, 'de_DE', 'Bestellungsdetails - Initialisierung von Javascript', '', ''),
(@max_id + 1, 'el_GR', NULL, '', ''),
(@max_id + 2, 'el_GR', NULL, '', ''),
(@max_id + 3, 'el_GR', NULL, '', ''),
(@max_id + 4, 'el_GR', NULL, '', ''),
(@max_id + 5, 'el_GR', NULL, '', ''),
(@max_id + 6, 'el_GR', NULL, '', ''),
(@max_id + 7, 'el_GR', NULL, '', ''),
(@max_id + 8, 'el_GR', NULL, '', ''),
(@max_id + 9, 'el_GR', NULL, '', ''),
(@max_id + 10, 'el_GR', NULL, '', ''),
(@max_id + 11, 'el_GR', NULL, '', ''),
(@max_id + 12, 'el_GR', NULL, '', ''),
(@max_id + 13, 'el_GR', NULL, '', ''),
(@max_id + 14, 'el_GR', NULL, '', ''),
(@max_id + 15, 'el_GR', NULL, '', ''),
(@max_id + 16, 'el_GR', NULL, '', ''),
(@max_id + 17, 'el_GR', NULL, '', ''),
(@max_id + 18, 'el_GR', NULL, '', ''),
(@max_id + 19, 'el_GR', NULL, '', ''),
(@max_id + 20, 'el_GR', NULL, '', ''),
(@max_id + 21, 'el_GR', NULL, '', ''),
(@max_id + 22, 'el_GR', NULL, '', ''),
(@max_id + 23, 'el_GR', NULL, '', ''),
(@max_id + 24, 'el_GR', NULL, '', ''),
(@max_id + 25, 'el_GR', NULL, '', ''),
(@max_id + 26, 'el_GR', NULL, '', ''),
(@max_id + 27, 'el_GR', NULL, '', ''),
(@max_id + 28, 'el_GR', NULL, '', ''),
(@max_id + 29, 'el_GR', NULL, '', ''),
(@max_id + 30, 'el_GR', NULL, '', ''),
(@max_id + 31, 'el_GR', NULL, '', ''),
(@max_id + 32, 'el_GR', NULL, '', ''),
(@max_id + 33, 'el_GR', NULL, '', ''),
(@max_id + 34, 'el_GR', NULL, '', ''),
(@max_id + 1, 'en_US', 'Category page - before the main content area', '', ''),
(@max_id + 2, 'en_US', 'Category page - after the main content area', '', ''),
(@max_id + 3, 'en_US', 'Content page - before the main content area', '', ''),
(@max_id + 4, 'en_US', 'Content page - after the main content area', '', ''),
(@max_id + 5, 'en_US', 'Folder page - before the main content area', '', ''),
(@max_id + 6, 'en_US', 'Folder page - after the main content area', '', ''),
(@max_id + 7, 'en_US', 'Brands page - at the top', '', ''),
(@max_id + 8, 'en_US', 'Brands page - at the bottom', '', ''),
(@max_id + 9, 'en_US', 'Brands page - at the top of the main area', '', ''),
(@max_id + 10, 'en_US', 'Brands page - at the bottom of the main area', '', ''),
(@max_id + 11, 'en_US', 'Brands page - before the main content area', '', ''),
(@max_id + 12, 'en_US', 'Brands page - after the main content area', '', ''),
(@max_id + 13, 'en_US', 'Brands page - CSS stylesheet', '', ''),
(@max_id + 14, 'en_US', 'Brands page - after javascript include', '', ''),
(@max_id + 15, 'en_US', 'Brands page - javascript initialization', '', ''),
(@max_id + 16, 'en_US', 'Brands page - at the top of the sidebar', '', ''),
(@max_id + 17, 'en_US', 'Brands page - the body of the sidebar', '', ''),
(@max_id + 18, 'en_US', 'Brands page - at the bottom of the sidebar', '', ''),
(@max_id + 19, 'en_US', 'Order details - at the top', '', ''),
(@max_id + 20, 'en_US', 'Order details - additional information', '', ''),
(@max_id + 21, 'en_US', 'Order details - after global information', '', ''),
(@max_id + 22, 'en_US', 'Order details - additional delivery information', '', ''),
(@max_id + 23, 'en_US', 'Order details - delivery address', '', ''),
(@max_id + 24, 'en_US', 'Order details - additional invoice information', '', ''),
(@max_id + 25, 'en_US', 'Order details - invoice address', '', ''),
(@max_id + 26, 'en_US', 'Order details - after addresses', '', ''),
(@max_id + 27, 'en_US', 'Order details - before products list', '', ''),
(@max_id + 28, 'en_US', 'Order details - additional product information', '', ''),
(@max_id + 29, 'en_US', 'Order details - after products list', '', ''),
(@max_id + 30, 'en_US', 'Order details - after products', '', ''),
(@max_id + 31, 'en_US', 'Order details - at the bottom', '', ''),
(@max_id + 32, 'en_US', 'Order details - CSS stylesheet', '', ''),
(@max_id + 33, 'en_US', 'Order details - after javascript include', '', ''),
(@max_id + 34, 'en_US', 'Order details - javascript initialization', '', ''),
(@max_id + 1, 'es_ES', 'Página de categoría - antes el área de contenido principal', '', ''),
(@max_id + 2, 'es_ES', 'Página de la categoría - después el área de contenido principal', '', ''),
(@max_id + 3, 'es_ES', 'Página de contenido - antes del área de contenido principal', '', ''),
(@max_id + 4, 'es_ES', 'Página de contenido - después del área de contenido principal', '', ''),
(@max_id + 5, 'es_ES', 'Carpeta de página - antes del área de contenido principal', '', ''),
(@max_id + 6, 'es_ES', 'Carpeta de página - después del área de contenido principal', '', ''),
(@max_id + 7, 'es_ES', 'Página de las marcas - en la parte superior', '', ''),
(@max_id + 8, 'es_ES', 'Página de las marcas - en la parte inferior', '', ''),
(@max_id + 9, 'es_ES', 'Página de las marcas - en la parte inferior del área principal', '', ''),
(@max_id + 10, 'es_ES', 'Página de las marcas - en la parte inferior del área principal', '', ''),
(@max_id + 11, 'es_ES', 'Página de marcas - antes del área de contenido principal', '', ''),
(@max_id + 12, 'es_ES', 'Página de marcas - después el área de contenido principal', '', ''),
(@max_id + 13, 'es_ES', 'Página de marcas - hoja de estilos CSS', '', ''),
(@max_id + 14, 'es_ES', 'Página de marcas - después de inclusión de javascript', '', ''),
(@max_id + 15, 'es_ES', 'Página de marcas - inicialización de javascript', '', ''),
(@max_id + 16, 'es_ES', 'Página de las marcas - en la parte inferior de la barra lateral', '', ''),
(@max_id + 17, 'es_ES', 'Página de marcas - el cuerpo de la barra lateral', '', ''),
(@max_id + 18, 'es_ES', 'Página de las marcas - en la parte inferior de la barra lateral', '', ''),
(@max_id + 19, 'es_ES', 'Detalles de la orden - en la parte superior', '', ''),
(@max_id + 20, 'es_ES', 'Detalles de la Orden - información adicional', '', ''),
(@max_id + 21, 'es_ES', 'Detalles de la orden - después de la información global', '', ''),
(@max_id + 22, 'es_ES', 'Detalles de la Orden - información adicional del envío', '', ''),
(@max_id + 23, 'es_ES', 'Pedir detalles - dirección de envío', '', ''),
(@max_id + 24, 'es_ES', 'Detalles de la Orden - información adicional de la factura', '', ''),
(@max_id + 25, 'es_ES', 'Detalles de la orden - dirección de factura', '', ''),
(@max_id + 26, 'es_ES', 'Detalles de la Orden - después de direcciones', '', ''),
(@max_id + 27, 'es_ES', 'Detalles de la orden - antes de lista de productos', '', ''),
(@max_id + 28, 'es_ES', 'Detalles de la Orden - información adicional del producto', '', ''),
(@max_id + 29, 'es_ES', 'Detalles de la orden - después de la lista de productos', '', ''),
(@max_id + 30, 'es_ES', 'Detalles de la orden - después de los productos', '', ''),
(@max_id + 31, 'es_ES', 'Detalles de la orden - en la parte inferior', '', ''),
(@max_id + 32, 'es_ES', 'Detalles de la Orden - hoja de estilos CSS', '', ''),
(@max_id + 33, 'es_ES', 'Detalles de la orden - después de incluir JavaScript', '', ''),
(@max_id + 34, 'es_ES', 'Detalles de la Orden - inicialización de JavaScript', '', ''),
(@max_id + 1, 'fa_IR', NULL, '', ''),
(@max_id + 2, 'fa_IR', NULL, '', ''),
(@max_id + 3, 'fa_IR', NULL, '', ''),
(@max_id + 4, 'fa_IR', NULL, '', ''),
(@max_id + 5, 'fa_IR', NULL, '', ''),
(@max_id + 6, 'fa_IR', NULL, '', ''),
(@max_id + 7, 'fa_IR', NULL, '', ''),
(@max_id + 8, 'fa_IR', NULL, '', ''),
(@max_id + 9, 'fa_IR', NULL, '', ''),
(@max_id + 10, 'fa_IR', NULL, '', ''),
(@max_id + 11, 'fa_IR', NULL, '', ''),
(@max_id + 12, 'fa_IR', NULL, '', ''),
(@max_id + 13, 'fa_IR', NULL, '', ''),
(@max_id + 14, 'fa_IR', NULL, '', ''),
(@max_id + 15, 'fa_IR', NULL, '', ''),
(@max_id + 16, 'fa_IR', NULL, '', ''),
(@max_id + 17, 'fa_IR', NULL, '', ''),
(@max_id + 18, 'fa_IR', NULL, '', ''),
(@max_id + 19, 'fa_IR', NULL, '', ''),
(@max_id + 20, 'fa_IR', NULL, '', ''),
(@max_id + 21, 'fa_IR', NULL, '', ''),
(@max_id + 22, 'fa_IR', NULL, '', ''),
(@max_id + 23, 'fa_IR', NULL, '', ''),
(@max_id + 24, 'fa_IR', NULL, '', ''),
(@max_id + 25, 'fa_IR', NULL, '', ''),
(@max_id + 26, 'fa_IR', NULL, '', ''),
(@max_id + 27, 'fa_IR', NULL, '', ''),
(@max_id + 28, 'fa_IR', NULL, '', ''),
(@max_id + 29, 'fa_IR', NULL, '', ''),
(@max_id + 30, 'fa_IR', NULL, '', ''),
(@max_id + 31, 'fa_IR', NULL, '', ''),
(@max_id + 32, 'fa_IR', NULL, '', ''),
(@max_id + 33, 'fa_IR', NULL, '', ''),
(@max_id + 34, 'fa_IR', NULL, '', ''),
(@max_id + 1, 'fr_FR', 'Page catégorie - au dessus de la zone de contenu principale', '', ''),
(@max_id + 2, 'fr_FR', 'Page catégorie - en dessous de la zone de contenu principale', '', ''),
(@max_id + 3, 'fr_FR', 'Page de contenu - au dessus de la zone de contenu principale', '', ''),
(@max_id + 4, 'fr_FR', 'Page de contenu - en dessous de la zone de contenu principale', '', ''),
(@max_id + 5, 'fr_FR', 'Page dossier - au dessus de la zone de contenu principale', '', ''),
(@max_id + 6, 'fr_FR', 'Page dossier - en dessous de la zone de contenu principale', '', ''),
(@max_id + 7, 'fr_FR', 'Page des marques - en haut', '', ''),
(@max_id + 8, 'fr_FR', 'Page des marques - en bas', '', ''),
(@max_id + 9, 'fr_FR', 'Page des marques - en haut de la zone principal', '', ''),
(@max_id + 10, 'fr_FR', 'Page des marques - en bas de la zone principal', '', ''),
(@max_id + 11, 'fr_FR', 'Page des marques - au dessus de la zone de contenu principale', '', ''),
(@max_id + 12, 'fr_FR', 'Page des marques - en dessous de la zone de contenu principale', '', ''),
(@max_id + 13, 'fr_FR', 'Page des marques - feuille de style CSS', '', ''),
(@max_id + 14, 'fr_FR', 'Page des marques - après l\'inclusion du JavaScript', '', ''),
(@max_id + 15, 'fr_FR', 'Page des marques - initialisation du JavaScript', '', ''),
(@max_id + 16, 'fr_FR', 'Page des marques - en haut de la sidebar', '', ''),
(@max_id + 17, 'fr_FR', 'Page des marques - le corps de la sidebar', '', ''),
(@max_id + 18, 'fr_FR', 'Page des marques - en bas de la sidebar', '', ''),
(@max_id + 19, 'fr_FR', 'Détail d\'une commande - en haut', '', ''),
(@max_id + 20, 'fr_FR', 'Détail d\'une commande - informations additionnelles', '', ''),
(@max_id + 21, 'fr_FR', 'Détail d\'une commande - après les informations générales', '', ''),
(@max_id + 22, 'fr_FR', 'Détail d\'une commande - informations additionnelles pour l\'expédition', '', ''),
(@max_id + 23, 'fr_FR', 'Détail d\'une commande - adresse de livraison', '', ''),
(@max_id + 24, 'fr_FR', 'Détail d\'une commande - informations additionnelles pour la facturation', '', ''),
(@max_id + 25, 'fr_FR', 'Détail d\'une commande - adresse de facturation', '', ''),
(@max_id + 26, 'fr_FR', 'Détail d\'une commande - Après les adresses', '', ''),
(@max_id + 27, 'fr_FR', 'Détail d\'une commande - avant la liste des produits', '', ''),
(@max_id + 28, 'fr_FR', 'Détail d\'une commande - informations additionnelles pour un produit', '', ''),
(@max_id + 29, 'fr_FR', 'Détail d\'une commande - après la liste des produits', '', ''),
(@max_id + 30, 'fr_FR', 'Détail d\'une commande - Après les produits', '', ''),
(@max_id + 31, 'fr_FR', 'Détail d\'une commande - en bas', '', ''),
(@max_id + 32, 'fr_FR', 'Détail d\'une commande - feuille de style CSS', '', ''),
(@max_id + 33, 'fr_FR', 'Détail d\'une commande - après l\'inclusion du JavaScript', '', ''),
(@max_id + 34, 'fr_FR', 'Détail d\'une commande - initialisation du JavaScript', '', ''),
(@max_id + 1, 'hu_HU', NULL, '', ''),
(@max_id + 2, 'hu_HU', NULL, '', ''),
(@max_id + 3, 'hu_HU', NULL, '', ''),
(@max_id + 4, 'hu_HU', NULL, '', ''),
(@max_id + 5, 'hu_HU', NULL, '', ''),
(@max_id + 6, 'hu_HU', NULL, '', ''),
(@max_id + 7, 'hu_HU', NULL, '', ''),
(@max_id + 8, 'hu_HU', NULL, '', ''),
(@max_id + 9, 'hu_HU', NULL, '', ''),
(@max_id + 10, 'hu_HU', NULL, '', ''),
(@max_id + 11, 'hu_HU', NULL, '', ''),
(@max_id + 12, 'hu_HU', NULL, '', ''),
(@max_id + 13, 'hu_HU', NULL, '', ''),
(@max_id + 14, 'hu_HU', NULL, '', ''),
(@max_id + 15, 'hu_HU', NULL, '', ''),
(@max_id + 16, 'hu_HU', NULL, '', ''),
(@max_id + 17, 'hu_HU', NULL, '', ''),
(@max_id + 18, 'hu_HU', NULL, '', ''),
(@max_id + 19, 'hu_HU', NULL, '', ''),
(@max_id + 20, 'hu_HU', NULL, '', ''),
(@max_id + 21, 'hu_HU', NULL, '', ''),
(@max_id + 22, 'hu_HU', NULL, '', ''),
(@max_id + 23, 'hu_HU', NULL, '', ''),
(@max_id + 24, 'hu_HU', NULL, '', ''),
(@max_id + 25, 'hu_HU', NULL, '', ''),
(@max_id + 26, 'hu_HU', NULL, '', ''),
(@max_id + 27, 'hu_HU', NULL, '', ''),
(@max_id + 28, 'hu_HU', NULL, '', ''),
(@max_id + 29, 'hu_HU', NULL, '', ''),
(@max_id + 30, 'hu_HU', NULL, '', ''),
(@max_id + 31, 'hu_HU', NULL, '', ''),
(@max_id + 32, 'hu_HU', NULL, '', ''),
(@max_id + 33, 'hu_HU', NULL, '', ''),
(@max_id + 34, 'hu_HU', NULL, '', ''),
(@max_id + 1, 'id_ID', NULL, '', ''),
(@max_id + 2, 'id_ID', NULL, '', ''),
(@max_id + 3, 'id_ID', NULL, '', ''),
(@max_id + 4, 'id_ID', NULL, '', ''),
(@max_id + 5, 'id_ID', NULL, '', ''),
(@max_id + 6, 'id_ID', NULL, '', ''),
(@max_id + 7, 'id_ID', NULL, '', ''),
(@max_id + 8, 'id_ID', NULL, '', ''),
(@max_id + 9, 'id_ID', NULL, '', ''),
(@max_id + 10, 'id_ID', NULL, '', ''),
(@max_id + 11, 'id_ID', NULL, '', ''),
(@max_id + 12, 'id_ID', NULL, '', ''),
(@max_id + 13, 'id_ID', NULL, '', ''),
(@max_id + 14, 'id_ID', NULL, '', ''),
(@max_id + 15, 'id_ID', NULL, '', ''),
(@max_id + 16, 'id_ID', NULL, '', ''),
(@max_id + 17, 'id_ID', NULL, '', ''),
(@max_id + 18, 'id_ID', NULL, '', ''),
(@max_id + 19, 'id_ID', NULL, '', ''),
(@max_id + 20, 'id_ID', NULL, '', ''),
(@max_id + 21, 'id_ID', NULL, '', ''),
(@max_id + 22, 'id_ID', NULL, '', ''),
(@max_id + 23, 'id_ID', NULL, '', ''),
(@max_id + 24, 'id_ID', NULL, '', ''),
(@max_id + 25, 'id_ID', NULL, '', ''),
(@max_id + 26, 'id_ID', NULL, '', ''),
(@max_id + 27, 'id_ID', NULL, '', ''),
(@max_id + 28, 'id_ID', NULL, '', ''),
(@max_id + 29, 'id_ID', NULL, '', ''),
(@max_id + 30, 'id_ID', NULL, '', ''),
(@max_id + 31, 'id_ID', NULL, '', ''),
(@max_id + 32, 'id_ID', NULL, '', ''),
(@max_id + 33, 'id_ID', NULL, '', ''),
(@max_id + 34, 'id_ID', NULL, '', ''),
(@max_id + 1, 'it_IT', NULL, '', ''),
(@max_id + 2, 'it_IT', NULL, '', ''),
(@max_id + 3, 'it_IT', NULL, '', ''),
(@max_id + 4, 'it_IT', NULL, '', ''),
(@max_id + 5, 'it_IT', NULL, '', ''),
(@max_id + 6, 'it_IT', NULL, '', ''),
(@max_id + 7, 'it_IT', NULL, '', ''),
(@max_id + 8, 'it_IT', NULL, '', ''),
(@max_id + 9, 'it_IT', NULL, '', ''),
(@max_id + 10, 'it_IT', NULL, '', ''),
(@max_id + 11, 'it_IT', NULL, '', ''),
(@max_id + 12, 'it_IT', NULL, '', ''),
(@max_id + 13, 'it_IT', NULL, '', ''),
(@max_id + 14, 'it_IT', NULL, '', ''),
(@max_id + 15, 'it_IT', NULL, '', ''),
(@max_id + 16, 'it_IT', NULL, '', ''),
(@max_id + 17, 'it_IT', NULL, '', ''),
(@max_id + 18, 'it_IT', NULL, '', ''),
(@max_id + 19, 'it_IT', NULL, '', ''),
(@max_id + 20, 'it_IT', NULL, '', ''),
(@max_id + 21, 'it_IT', NULL, '', ''),
(@max_id + 22, 'it_IT', NULL, '', ''),
(@max_id + 23, 'it_IT', NULL, '', ''),
(@max_id + 24, 'it_IT', NULL, '', ''),
(@max_id + 25, 'it_IT', NULL, '', ''),
(@max_id + 26, 'it_IT', NULL, '', ''),
(@max_id + 27, 'it_IT', NULL, '', ''),
(@max_id + 28, 'it_IT', NULL, '', ''),
(@max_id + 29, 'it_IT', NULL, '', ''),
(@max_id + 30, 'it_IT', NULL, '', ''),
(@max_id + 31, 'it_IT', NULL, '', ''),
(@max_id + 32, 'it_IT', NULL, '', ''),
(@max_id + 33, 'it_IT', NULL, '', ''),
(@max_id + 34, 'it_IT', NULL, '', ''),
(@max_id + 1, 'pl_PL', 'Strona kategorii - przed obszarem głównej treści', '', ''),
(@max_id + 2, 'pl_PL', 'Strona kategorii - pod obszarem głównej treści', '', ''),
(@max_id + 3, 'pl_PL', NULL, '', ''),
(@max_id + 4, 'pl_PL', NULL, '', ''),
(@max_id + 5, 'pl_PL', NULL, '', ''),
(@max_id + 6, 'pl_PL', NULL, '', ''),
(@max_id + 7, 'pl_PL', NULL, '', ''),
(@max_id + 8, 'pl_PL', NULL, '', ''),
(@max_id + 9, 'pl_PL', NULL, '', ''),
(@max_id + 10, 'pl_PL', NULL, '', ''),
(@max_id + 11, 'pl_PL', NULL, '', ''),
(@max_id + 12, 'pl_PL', NULL, '', ''),
(@max_id + 13, 'pl_PL', 'Strona marek - style CSS', '', ''),
(@max_id + 14, 'pl_PL', NULL, '', ''),
(@max_id + 15, 'pl_PL', NULL, '', ''),
(@max_id + 16, 'pl_PL', NULL, '', ''),
(@max_id + 17, 'pl_PL', NULL, '', ''),
(@max_id + 18, 'pl_PL', NULL, '', ''),
(@max_id + 19, 'pl_PL', NULL, '', ''),
(@max_id + 20, 'pl_PL', NULL, '', ''),
(@max_id + 21, 'pl_PL', NULL, '', ''),
(@max_id + 22, 'pl_PL', NULL, '', ''),
(@max_id + 23, 'pl_PL', NULL, '', ''),
(@max_id + 24, 'pl_PL', NULL, '', ''),
(@max_id + 25, 'pl_PL', NULL, '', ''),
(@max_id + 26, 'pl_PL', NULL, '', ''),
(@max_id + 27, 'pl_PL', NULL, '', ''),
(@max_id + 28, 'pl_PL', NULL, '', ''),
(@max_id + 29, 'pl_PL', NULL, '', ''),
(@max_id + 30, 'pl_PL', NULL, '', ''),
(@max_id + 31, 'pl_PL', NULL, '', ''),
(@max_id + 32, 'pl_PL', NULL, '', ''),
(@max_id + 33, 'pl_PL', NULL, '', ''),
(@max_id + 34, 'pl_PL', NULL, '', ''),
(@max_id + 1, 'pt_BR', NULL, '', ''),
(@max_id + 2, 'pt_BR', NULL, '', ''),
(@max_id + 3, 'pt_BR', NULL, '', ''),
(@max_id + 4, 'pt_BR', NULL, '', ''),
(@max_id + 5, 'pt_BR', NULL, '', ''),
(@max_id + 6, 'pt_BR', NULL, '', ''),
(@max_id + 7, 'pt_BR', NULL, '', ''),
(@max_id + 8, 'pt_BR', NULL, '', ''),
(@max_id + 9, 'pt_BR', NULL, '', ''),
(@max_id + 10, 'pt_BR', NULL, '', ''),
(@max_id + 11, 'pt_BR', NULL, '', ''),
(@max_id + 12, 'pt_BR', NULL, '', ''),
(@max_id + 13, 'pt_BR', NULL, '', ''),
(@max_id + 14, 'pt_BR', NULL, '', ''),
(@max_id + 15, 'pt_BR', NULL, '', ''),
(@max_id + 16, 'pt_BR', NULL, '', ''),
(@max_id + 17, 'pt_BR', NULL, '', ''),
(@max_id + 18, 'pt_BR', NULL, '', ''),
(@max_id + 19, 'pt_BR', NULL, '', ''),
(@max_id + 20, 'pt_BR', NULL, '', ''),
(@max_id + 21, 'pt_BR', NULL, '', ''),
(@max_id + 22, 'pt_BR', NULL, '', ''),
(@max_id + 23, 'pt_BR', NULL, '', ''),
(@max_id + 24, 'pt_BR', NULL, '', ''),
(@max_id + 25, 'pt_BR', NULL, '', ''),
(@max_id + 26, 'pt_BR', NULL, '', ''),
(@max_id + 27, 'pt_BR', NULL, '', ''),
(@max_id + 28, 'pt_BR', NULL, '', ''),
(@max_id + 29, 'pt_BR', NULL, '', ''),
(@max_id + 30, 'pt_BR', NULL, '', ''),
(@max_id + 31, 'pt_BR', NULL, '', ''),
(@max_id + 32, 'pt_BR', NULL, '', ''),
(@max_id + 33, 'pt_BR', NULL, '', ''),
(@max_id + 34, 'pt_BR', NULL, '', ''),
(@max_id + 1, 'pt_PT', NULL, '', ''),
(@max_id + 2, 'pt_PT', NULL, '', ''),
(@max_id + 3, 'pt_PT', NULL, '', ''),
(@max_id + 4, 'pt_PT', NULL, '', ''),
(@max_id + 5, 'pt_PT', NULL, '', ''),
(@max_id + 6, 'pt_PT', NULL, '', ''),
(@max_id + 7, 'pt_PT', NULL, '', ''),
(@max_id + 8, 'pt_PT', NULL, '', ''),
(@max_id + 9, 'pt_PT', NULL, '', ''),
(@max_id + 10, 'pt_PT', NULL, '', ''),
(@max_id + 11, 'pt_PT', NULL, '', ''),
(@max_id + 12, 'pt_PT', NULL, '', ''),
(@max_id + 13, 'pt_PT', NULL, '', ''),
(@max_id + 14, 'pt_PT', NULL, '', ''),
(@max_id + 15, 'pt_PT', NULL, '', ''),
(@max_id + 16, 'pt_PT', NULL, '', ''),
(@max_id + 17, 'pt_PT', NULL, '', ''),
(@max_id + 18, 'pt_PT', NULL, '', ''),
(@max_id + 19, 'pt_PT', NULL, '', ''),
(@max_id + 20, 'pt_PT', NULL, '', ''),
(@max_id + 21, 'pt_PT', NULL, '', ''),
(@max_id + 22, 'pt_PT', NULL, '', ''),
(@max_id + 23, 'pt_PT', NULL, '', ''),
(@max_id + 24, 'pt_PT', NULL, '', ''),
(@max_id + 25, 'pt_PT', NULL, '', ''),
(@max_id + 26, 'pt_PT', NULL, '', ''),
(@max_id + 27, 'pt_PT', NULL, '', ''),
(@max_id + 28, 'pt_PT', NULL, '', ''),
(@max_id + 29, 'pt_PT', NULL, '', ''),
(@max_id + 30, 'pt_PT', NULL, '', ''),
(@max_id + 31, 'pt_PT', NULL, '', ''),
(@max_id + 32, 'pt_PT', NULL, '', ''),
(@max_id + 33, 'pt_PT', NULL, '', ''),
(@max_id + 34, 'pt_PT', NULL, '', ''),
(@max_id + 1, 'ru_RU', 'Страница категории - перед основной зоной контента', '', ''),
(@max_id + 2, 'ru_RU', 'Страница категории - после основной зоны контента', '', ''),
(@max_id + 3, 'ru_RU', 'Страница контента - перед основной зоной контента', '', ''),
(@max_id + 4, 'ru_RU', 'Страница контента - после основной зоны контента', '', ''),
(@max_id + 5, 'ru_RU', 'Страница папки - перед основной зоной контента', '', ''),
(@max_id + 6, 'ru_RU', 'Страница папки - после основной зоны контента', '', ''),
(@max_id + 7, 'ru_RU', 'Страница брендов - вверху', '', ''),
(@max_id + 8, 'ru_RU', 'Страница брендов - внизу', '', ''),
(@max_id + 9, 'ru_RU', 'Страница брендов - вверху основной зоны', '', ''),
(@max_id + 10, 'ru_RU', 'Страница брендов - внизу основной зоны', '', ''),
(@max_id + 11, 'ru_RU', 'Страница брендов - перед основной зоной контента', '', ''),
(@max_id + 12, 'ru_RU', 'Страница брендов - после основной зоны контента', '', ''),
(@max_id + 13, 'ru_RU', 'Страница брендов - CSS стили', '', ''),
(@max_id + 14, 'ru_RU', 'Страница брендов - после включения javascript', '', ''),
(@max_id + 15, 'ru_RU', 'Страница брендов - после инициализации javascript', '', ''),
(@max_id + 16, 'ru_RU', 'Страница брендов - вверху боковой панели', '', ''),
(@max_id + 17, 'ru_RU', 'Страница брендов - содержимое боковой панели', '', ''),
(@max_id + 18, 'ru_RU', 'Страница брендов - внизу боковой панели', '', ''),
(@max_id + 19, 'ru_RU', 'Детали заказа - вверху', '', ''),
(@max_id + 20, 'ru_RU', 'Детали заказа - дополнительная информация', '', ''),
(@max_id + 21, 'ru_RU', 'Детали заказа - после общей информации', '', ''),
(@max_id + 22, 'ru_RU', 'Детали заказа - дополнительная информация доставки', '', ''),
(@max_id + 23, 'ru_RU', 'Детали заказа - адрес доставки', '', ''),
(@max_id + 24, 'ru_RU', 'Детали заказа - дополнительная информация счет-фактуры', '', ''),
(@max_id + 25, 'ru_RU', 'Детали заказа - адрес счет-фактуры', '', ''),
(@max_id + 26, 'ru_RU', 'Детали заказа - после адресов', '', ''),
(@max_id + 27, 'ru_RU', 'Детали заказа - перед списком товаров', '', ''),
(@max_id + 28, 'ru_RU', 'Детали заказа - дополнительная информация товара', '', ''),
(@max_id + 29, 'ru_RU', 'Детали заказа - после списка товаров', '', ''),
(@max_id + 30, 'ru_RU', 'Детали заказа - после товаров', '', ''),
(@max_id + 31, 'ru_RU', 'Детали заказа - внизу', '', ''),
(@max_id + 32, 'ru_RU', 'Детали заказа - CSS стили', '', ''),
(@max_id + 33, 'ru_RU', 'Детали заказа - после включения javascript', '', ''),
(@max_id + 34, 'ru_RU', 'Детали заказа - после инициализщации javascript', '', ''),
(@max_id + 1, 'sk_SK', NULL, '', ''),
(@max_id + 2, 'sk_SK', NULL, '', ''),
(@max_id + 3, 'sk_SK', NULL, '', ''),
(@max_id + 4, 'sk_SK', NULL, '', ''),
(@max_id + 5, 'sk_SK', NULL, '', ''),
(@max_id + 6, 'sk_SK', NULL, '', ''),
(@max_id + 7, 'sk_SK', NULL, '', ''),
(@max_id + 8, 'sk_SK', NULL, '', ''),
(@max_id + 9, 'sk_SK', NULL, '', ''),
(@max_id + 10, 'sk_SK', NULL, '', ''),
(@max_id + 11, 'sk_SK', NULL, '', ''),
(@max_id + 12, 'sk_SK', NULL, '', ''),
(@max_id + 13, 'sk_SK', NULL, '', ''),
(@max_id + 14, 'sk_SK', NULL, '', ''),
(@max_id + 15, 'sk_SK', NULL, '', ''),
(@max_id + 16, 'sk_SK', NULL, '', ''),
(@max_id + 17, 'sk_SK', NULL, '', ''),
(@max_id + 18, 'sk_SK', NULL, '', ''),
(@max_id + 19, 'sk_SK', NULL, '', ''),
(@max_id + 20, 'sk_SK', NULL, '', ''),
(@max_id + 21, 'sk_SK', NULL, '', ''),
(@max_id + 22, 'sk_SK', NULL, '', ''),
(@max_id + 23, 'sk_SK', NULL, '', ''),
(@max_id + 24, 'sk_SK', NULL, '', ''),
(@max_id + 25, 'sk_SK', NULL, '', ''),
(@max_id + 26, 'sk_SK', NULL, '', ''),
(@max_id + 27, 'sk_SK', NULL, '', ''),
(@max_id + 28, 'sk_SK', NULL, '', ''),
(@max_id + 29, 'sk_SK', NULL, '', ''),
(@max_id + 30, 'sk_SK', NULL, '', ''),
(@max_id + 31, 'sk_SK', NULL, '', ''),
(@max_id + 32, 'sk_SK', NULL, '', ''),
(@max_id + 33, 'sk_SK', NULL, '', ''),
(@max_id + 34, 'sk_SK', NULL, '', ''),
(@max_id + 1, 'tr_TR', 'Kategori sayfası - ana içerik alanına önce', '', ''),
(@max_id + 2, 'tr_TR', 'Kategori sayfası - ana içerik alanına sonra', '', ''),
(@max_id + 3, 'tr_TR', '-Daha önce ana içerik alanına içerik sayfası', '', ''),
(@max_id + 4, 'tr_TR', 'İçerik sayfası - ana içerik alanına sonra', '', ''),
(@max_id + 5, 'tr_TR', '-Ana içerik alanına önce klasörü sayfası', '', ''),
(@max_id + 6, 'tr_TR', 'Klasör sayfası - ana içerik alanına sonra', '', ''),
(@max_id + 7, 'tr_TR', 'Markalar sayfa - üst', '', ''),
(@max_id + 8, 'tr_TR', 'Markalar sayfa - alt', '', ''),
(@max_id + 9, 'tr_TR', 'Markalar sayfa - ana alanının altındaki', '', ''),
(@max_id + 10, 'tr_TR', 'Markalar sayfa - ana alanının altındaki', '', ''),
(@max_id + 11, 'tr_TR', '-Ana içerik alanına önce markalar sayfa', '', ''),
(@max_id + 12, 'tr_TR', 'Markalar sayfa - ana içerik alanına sonra', '', ''),
(@max_id + 13, 'tr_TR', 'Markalar sayfa - CSS stil sayfası', '', ''),
(@max_id + 14, 'tr_TR', 'Markalar - JavaScript içerme sonra sayfa', '', ''),
(@max_id + 15, 'tr_TR', 'Markalar sayfa - javascript başlatma', '', ''),
(@max_id + 16, 'tr_TR', 'Markalar sayfa - alt kenar çubuğu', '', ''),
(@max_id + 17, 'tr_TR', 'Markalar sayfa - kenar gövdesi', '', ''),
(@max_id + 18, 'tr_TR', 'Markalar sayfa - alt kenar çubuğu', '', ''),
(@max_id + 19, 'tr_TR', 'Sipariş ayrıntıları - üst', '', ''),
(@max_id + 20, 'tr_TR', 'Daha fazla bilgi ayrıntılı bilgi - sipariş', '', ''),
(@max_id + 21, 'tr_TR', 'Sipariş ayrıntıları - küresel bilgi sonra', '', ''),
(@max_id + 22, 'tr_TR', 'Ek teslimat bilgilerini detaylar - sipariş', '', ''),
(@max_id + 23, 'tr_TR', 'Teslimat adresi detaylar - sipariş', '', ''),
(@max_id + 24, 'tr_TR', 'Detaylar - ek fatura bilgileri sipariş', '', ''),
(@max_id + 25, 'tr_TR', 'Sipariş ayrıntıları - fatura adresi', '', ''),
(@max_id + 26, 'tr_TR', 'Sipariş ayrıntıları - adresleri sonra', '', ''),
(@max_id + 27, 'tr_TR', 'Sipariş ayrıntıları - önce ürün listesi', '', ''),
(@max_id + 28, 'tr_TR', 'Daha fazla ürün bilgisi detaylar - sipariş', '', ''),
(@max_id + 29, 'tr_TR', 'Sipariş ayrıntıları - ürünler listesinden sonra', '', ''),
(@max_id + 30, 'tr_TR', 'Sipariş ayrıntıları - ürün sonra', '', ''),
(@max_id + 31, 'tr_TR', 'Sipariş ayrıntıları - alt', '', ''),
(@max_id + 32, 'tr_TR', 'Detaylar - CSS stil sayfası sipariş', '', ''),
(@max_id + 33, 'tr_TR', 'JavaScript içerme sonra detaylar - siparişi', '', ''),
(@max_id + 34, 'tr_TR', 'Detaylar - javascript başlatma sipariş', '', ''),
(@max_id + 1, 'uk_UA', NULL, '', ''),
(@max_id + 2, 'uk_UA', NULL, '', ''),
(@max_id + 3, 'uk_UA', NULL, '', ''),
(@max_id + 4, 'uk_UA', NULL, '', ''),
(@max_id + 5, 'uk_UA', NULL, '', ''),
(@max_id + 6, 'uk_UA', NULL, '', ''),
(@max_id + 7, 'uk_UA', NULL, '', ''),
(@max_id + 8, 'uk_UA', NULL, '', ''),
(@max_id + 9, 'uk_UA', NULL, '', ''),
(@max_id + 10, 'uk_UA', NULL, '', ''),
(@max_id + 11, 'uk_UA', NULL, '', ''),
(@max_id + 12, 'uk_UA', NULL, '', ''),
(@max_id + 13, 'uk_UA', NULL, '', ''),
(@max_id + 14, 'uk_UA', NULL, '', ''),
(@max_id + 15, 'uk_UA', NULL, '', ''),
(@max_id + 16, 'uk_UA', NULL, '', ''),
(@max_id + 17, 'uk_UA', NULL, '', ''),
(@max_id + 18, 'uk_UA', NULL, '', ''),
(@max_id + 19, 'uk_UA', NULL, '', ''),
(@max_id + 20, 'uk_UA', NULL, '', ''),
(@max_id + 21, 'uk_UA', NULL, '', ''),
(@max_id + 22, 'uk_UA', NULL, '', ''),
(@max_id + 23, 'uk_UA', NULL, '', ''),
(@max_id + 24, 'uk_UA', NULL, '', ''),
(@max_id + 25, 'uk_UA', NULL, '', ''),
(@max_id + 26, 'uk_UA', NULL, '', ''),
(@max_id + 27, 'uk_UA', NULL, '', ''),
(@max_id + 28, 'uk_UA', NULL, '', ''),
(@max_id + 29, 'uk_UA', NULL, '', ''),
(@max_id + 30, 'uk_UA', NULL, '', ''),
(@max_id + 31, 'uk_UA', NULL, '', ''),
(@max_id + 32, 'uk_UA', NULL, '', ''),
(@max_id + 33, 'uk_UA', NULL, '', ''),
(@max_id + 34, 'uk_UA', NULL, '', '')
;


-- admin hooks

SELECT @max_id := IFNULL(MAX(`id`),0) FROM `hook`;

INSERT INTO `hook` (`id`, `code`, `type`, `by_module`, `block`, `native`, `activate`, `position`, `created_at`, `updated_at`) VALUES
(@max_id + 1, 'category.tab', 2, 0, 1, 1, 1, 1, NOW(), NOW()),
(@max_id + 2, 'product.tab', 2, 0, 1, 1, 1, 1, NOW(), NOW()),
(@max_id + 3, 'folder.tab', 2, 0, 1, 1, 1, 1, NOW(), NOW()),
(@max_id + 4, 'content.tab', 2, 0, 1, 1, 1, 1, NOW(), NOW()),
(@max_id + 5, 'brand.tab', 2, 0, 1, 1, 1, 1, NOW(), NOW()),
(@max_id + 6, 'order-edit.bill-delivery-address', 2, 1, 0, 1, 1, 1, NOW(), NOW())
;

INSERT INTO  `hook_i18n` (`id`, `locale`, `title`, `description`, `chapo`) VALUES
(@max_id + 1, 'ar_SA', NULL, '', ''),
(@max_id + 2, 'ar_SA', NULL, '', ''),
(@max_id + 3, 'ar_SA', NULL, '', ''),
(@max_id + 4, 'ar_SA', NULL, '', ''),
(@max_id + 5, 'ar_SA', NULL, '', ''),
(@max_id + 6, 'ar_SA', NULL, '', ''),
(@max_id + 1, 'cs_CZ', NULL, '', ''),
(@max_id + 2, 'cs_CZ', NULL, '', ''),
(@max_id + 3, 'cs_CZ', NULL, '', ''),
(@max_id + 4, 'cs_CZ', NULL, '', ''),
(@max_id + 5, 'cs_CZ', NULL, '', ''),
(@max_id + 6, 'cs_CZ', NULL, '', ''),
(@max_id + 1, 'de_DE', 'Kategorie - Tab', '', ''),
(@max_id + 2, 'de_DE', 'Produkt - Tab', '', ''),
(@max_id + 3, 'de_DE', 'Ordner - Tab', '', ''),
(@max_id + 4, 'de_DE', 'Inhalt - Tab', '', ''),
(@max_id + 5, 'de_DE', 'Marke - Tab', '', ''),
(@max_id + 6, 'de_DE', 'Bestellungs-Änderung - Lieferadresse', '', ''),
(@max_id + 1, 'el_GR', NULL, '', ''),
(@max_id + 2, 'el_GR', NULL, '', ''),
(@max_id + 3, 'el_GR', NULL, '', ''),
(@max_id + 4, 'el_GR', NULL, '', ''),
(@max_id + 5, 'el_GR', NULL, '', ''),
(@max_id + 6, 'el_GR', NULL, '', ''),
(@max_id + 1, 'en_US', 'Category - Tab', '', ''),
(@max_id + 2, 'en_US', 'Product - Tab', '', ''),
(@max_id + 3, 'en_US', 'Folder - Tab', '', ''),
(@max_id + 4, 'en_US', 'Content - Tab', '', ''),
(@max_id + 5, 'en_US', 'Brand - Tab', '', ''),
(@max_id + 6, 'en_US', 'Order edit - delivery address', '', ''),
(@max_id + 1, 'es_ES', 'Categoría - Tab', '', ''),
(@max_id + 2, 'es_ES', 'Producto - Pestaña', '', ''),
(@max_id + 3, 'es_ES', 'Carpeta - Pestaña', '', ''),
(@max_id + 4, 'es_ES', 'Contenido - Pestaña', '', ''),
(@max_id + 5, 'es_ES', 'Marca - Tab', '', ''),
(@max_id + 6, 'es_ES', 'Editar Orden - dirección de envío', '', ''),
(@max_id + 1, 'fa_IR', NULL, '', ''),
(@max_id + 2, 'fa_IR', NULL, '', ''),
(@max_id + 3, 'fa_IR', NULL, '', ''),
(@max_id + 4, 'fa_IR', NULL, '', ''),
(@max_id + 5, 'fa_IR', NULL, '', ''),
(@max_id + 6, 'fa_IR', NULL, '', ''),
(@max_id + 1, 'fr_FR', 'Catégorie - Onglet', '', ''),
(@max_id + 2, 'fr_FR', 'Produit - Onglet', '', ''),
(@max_id + 3, 'fr_FR', 'Dossier - Onglet', '', ''),
(@max_id + 4, 'fr_FR', 'Contenu - Onglet', '', ''),
(@max_id + 5, 'fr_FR', 'Marque - Onglet', '', ''),
(@max_id + 6, 'fr_FR', 'Modification commande - adresse de livraison', '', ''),
(@max_id + 1, 'hu_HU', NULL, '', ''),
(@max_id + 2, 'hu_HU', NULL, '', ''),
(@max_id + 3, 'hu_HU', NULL, '', ''),
(@max_id + 4, 'hu_HU', NULL, '', ''),
(@max_id + 5, 'hu_HU', NULL, '', ''),
(@max_id + 6, 'hu_HU', NULL, '', ''),
(@max_id + 1, 'id_ID', NULL, '', ''),
(@max_id + 2, 'id_ID', NULL, '', ''),
(@max_id + 3, 'id_ID', NULL, '', ''),
(@max_id + 4, 'id_ID', NULL, '', ''),
(@max_id + 5, 'id_ID', NULL, '', ''),
(@max_id + 6, 'id_ID', NULL, '', ''),
(@max_id + 1, 'it_IT', NULL, '', ''),
(@max_id + 2, 'it_IT', NULL, '', ''),
(@max_id + 3, 'it_IT', NULL, '', ''),
(@max_id + 4, 'it_IT', NULL, '', ''),
(@max_id + 5, 'it_IT', NULL, '', ''),
(@max_id + 6, 'it_IT', NULL, '', ''),
(@max_id + 1, 'pl_PL', 'Kategoria - Zakładka', '', ''),
(@max_id + 2, 'pl_PL', NULL, '', ''),
(@max_id + 3, 'pl_PL', NULL, '', ''),
(@max_id + 4, 'pl_PL', 'Treść - Zakładka', '', ''),
(@max_id + 5, 'pl_PL', 'Marka - zakładka', '', ''),
(@max_id + 6, 'pl_PL', NULL, '', ''),
(@max_id + 1, 'pt_BR', 'Categoria - guia', '', ''),
(@max_id + 2, 'pt_BR', NULL, '', ''),
(@max_id + 3, 'pt_BR', NULL, '', ''),
(@max_id + 4, 'pt_BR', NULL, '', ''),
(@max_id + 5, 'pt_BR', 'Marca - guia', '', ''),
(@max_id + 6, 'pt_BR', NULL, '', ''),
(@max_id + 1, 'pt_PT', NULL, '', ''),
(@max_id + 2, 'pt_PT', NULL, '', ''),
(@max_id + 3, 'pt_PT', NULL, '', ''),
(@max_id + 4, 'pt_PT', NULL, '', ''),
(@max_id + 5, 'pt_PT', NULL, '', ''),
(@max_id + 6, 'pt_PT', NULL, '', ''),
(@max_id + 1, 'ru_RU', 'Категория - Вкладка', '', ''),
(@max_id + 2, 'ru_RU', 'Товар - Вкладка', '', ''),
(@max_id + 3, 'ru_RU', 'Папка - Вкладка', '', ''),
(@max_id + 4, 'ru_RU', 'Контент - Вкладка', '', ''),
(@max_id + 5, 'ru_RU', 'Бренд - Вкладка', '', ''),
(@max_id + 6, 'ru_RU', 'Редактирование заказа - адрес доставки', '', ''),
(@max_id + 1, 'sk_SK', NULL, '', ''),
(@max_id + 2, 'sk_SK', NULL, '', ''),
(@max_id + 3, 'sk_SK', NULL, '', ''),
(@max_id + 4, 'sk_SK', NULL, '', ''),
(@max_id + 5, 'sk_SK', NULL, '', ''),
(@max_id + 6, 'sk_SK', NULL, '', ''),
(@max_id + 1, 'tr_TR', 'Kategori - sekmesi', '', ''),
(@max_id + 2, 'tr_TR', 'Ürün - sekmesi', '', ''),
(@max_id + 3, 'tr_TR', 'Klasör - sekmesi', '', ''),
(@max_id + 4, 'tr_TR', 'İçerik - sekmesi', '', ''),
(@max_id + 5, 'tr_TR', 'Marka - sekmesi', '', ''),
(@max_id + 6, 'tr_TR', 'Siparişi gir - teslimat adresi', '', ''),
(@max_id + 1, 'uk_UA', NULL, '', ''),
(@max_id + 2, 'uk_UA', NULL, '', ''),
(@max_id + 3, 'uk_UA', NULL, '', ''),
(@max_id + 4, 'uk_UA', NULL, '', ''),
(@max_id + 5, 'uk_UA', NULL, '', ''),
(@max_id + 6, 'uk_UA', NULL, '', '')
;


SET FOREIGN_KEY_CHECKS = 1;

