SET FOREIGN_KEY_CHECKS = 0;

UPDATE `config` SET `value`='2.1.0-alpha1' WHERE `name`='thelia_version';
UPDATE `config` SET `value`='1' WHERE `name`='thelia_minus_version';
UPDATE `config` SET `value`='0' WHERE `name`='thelia_release_version';
UPDATE `config` SET `value`='alpha1' WHERE `name`='thelia_extra_version';


# ======================================================================================================================
# Add sale related tables
# ======================================================================================================================

-- ---------------------------------------------------------------------
-- sale
-- ---------------------------------------------------------------------

DROP TABLE IF EXISTS `sale`;

CREATE TABLE `sale`
(
    `id` INTEGER NOT NULL AUTO_INCREMENT,
    `active` TINYINT(1) DEFAULT 0 NOT NULL,
    `display_initial_price` TINYINT(1) DEFAULT 1 NOT NULL,
    `start_date` DATETIME,
    `end_date` DATETIME,
    `price_offset_type` TINYINT,
    `created_at` DATETIME,
    `updated_at` DATETIME,
    PRIMARY KEY (`id`),
    INDEX `idx_sales_active_start_end_date` (`active`, `start_date`, `end_date`),
    INDEX `idx_sales_active` (`active`)
) ENGINE=InnoDB CHARACTER SET='utf8';

-- ---------------------------------------------------------------------
-- sale_i18n
-- ---------------------------------------------------------------------

DROP TABLE IF EXISTS `sale_i18n`;

CREATE TABLE `sale_i18n`
(
    `id` INTEGER NOT NULL,
    `locale` VARCHAR(5) DEFAULT 'en_US' NOT NULL,
    `title` VARCHAR(255),
    `description` LONGTEXT,
    `chapo` TEXT,
    `postscriptum` TEXT,
    `sale_label` VARCHAR(255),
    PRIMARY KEY (`id`,`locale`),
    CONSTRAINT `sale_i18n_FK_1`
        FOREIGN KEY (`id`)
        REFERENCES `sale` (`id`)
        ON DELETE CASCADE
) ENGINE=InnoDB CHARACTER SET='utf8';

-- ---------------------------------------------------------------------
-- sale_offset_currency
-- ---------------------------------------------------------------------

DROP TABLE IF EXISTS `sale_offset_currency`;

CREATE TABLE `sale_offset_currency`
(
    `sale_id` INTEGER NOT NULL,
    `currency_id` INTEGER NOT NULL,
    `price_offset_value` FLOAT DEFAULT 0,
    PRIMARY KEY (`sale_id`,`currency_id`),
    INDEX `fk_sale_offset_currency_currency1_idx` (`currency_id`),
    CONSTRAINT `fk_sale_offset_currency_sales_id`
        FOREIGN KEY (`sale_id`)
        REFERENCES `sale` (`id`)
        ON DELETE CASCADE,
    CONSTRAINT `fk_sale_offset_currency_currency_id`
        FOREIGN KEY (`currency_id`)
        REFERENCES `currency` (`id`)
        ON UPDATE RESTRICT
        ON DELETE CASCADE
) ENGINE=InnoDB CHARACTER SET='utf8';

-- ---------------------------------------------------------------------
-- sale_product
-- ---------------------------------------------------------------------

DROP TABLE IF EXISTS `sale_product`;

CREATE TABLE `sale_product`
(
    `id` INTEGER NOT NULL AUTO_INCREMENT,
    `sale_id` INTEGER NOT NULL,
    `product_id` INTEGER NOT NULL,
    `attribute_av_id` INTEGER,
    PRIMARY KEY (`id`),
    INDEX `fk_sale_product_product_idx` (`product_id`),
    INDEX `fk_sale_product_attribute_av_idx` (`attribute_av_id`),
    INDEX `idx_sale_product_sales_id_product_id` (`sale_id`, `product_id`),
    CONSTRAINT `fk_sale_product_sales_id`
        FOREIGN KEY (`sale_id`)
        REFERENCES `sale` (`id`)
        ON UPDATE RESTRICT
        ON DELETE CASCADE,
    CONSTRAINT `fk_sale_product_product_id`
        FOREIGN KEY (`product_id`)
        REFERENCES `product` (`id`)
        ON UPDATE RESTRICT
        ON DELETE CASCADE,
    CONSTRAINT `fk_sale_product_attribute_av_id`
        FOREIGN KEY (`attribute_av_id`)
        REFERENCES `attribute_av` (`id`)
        ON UPDATE RESTRICT
        ON DELETE CASCADE
) ENGINE=InnoDB CHARACTER SET='utf8';


# ======================================================================================================================
# Product sale elements images and documents
# ======================================================================================================================

-- ---------------------------------------------------------------------
-- product_sale_elements_product_image
-- ---------------------------------------------------------------------

DROP TABLE IF EXISTS `product_sale_elements_product_image`;

CREATE TABLE `product_sale_elements_product_image`
(
    `id` INTEGER NOT NULL AUTO_INCREMENT,
    `product_sale_elements_id` INTEGER NOT NULL,
    `product_image_id` INTEGER NOT NULL,
    PRIMARY KEY (`id`),
    INDEX `fk_pse_product_image_product_image_id_idx` (`product_image_id`),
    INDEX `fk_pse_product_image_product_sale_element_idx` (`product_sale_elements_id`),
    CONSTRAINT `fk_pse_product_image_product_sale_elements_id`
        FOREIGN KEY (`product_sale_elements_id`)
        REFERENCES `product_sale_elements` (`id`),
    CONSTRAINT `fk_pse_product_image_product_image_id`
        FOREIGN KEY (`product_image_id`)
        REFERENCES `product_image` (`id`)
) ENGINE=InnoDB CHARACTER SET='utf8';

-- ---------------------------------------------------------------------
-- product_sale_elements_product_document
-- ---------------------------------------------------------------------

DROP TABLE IF EXISTS `product_sale_elements_product_document`;

CREATE TABLE `product_sale_elements_product_document`
(
    `id` INTEGER NOT NULL AUTO_INCREMENT,
    `product_sale_elements_id` INTEGER NOT NULL,
    `product_document_id` INTEGER NOT NULL,
    PRIMARY KEY (`id`),
    INDEX `fk_pse_product_document_product_document__idx` (`product_document_id`),
    INDEX `fk_pse_product_document_product_sale_elem_idx` (`product_sale_elements_id`),
    CONSTRAINT `fk_pse_product_document_product_sale_elements_id`
        FOREIGN KEY (`product_sale_elements_id`)
        REFERENCES `product_sale_elements` (`id`),
    CONSTRAINT `fk_pse_product_document_product_document_id`
        FOREIGN KEY (`product_document_id`)
        REFERENCES `product_document` (`id`)
) ENGINE=InnoDB CHARACTER SET='utf8';


# ======================================================================================================================
# Hooks
# ======================================================================================================================

SELECT @max_pos := IFNULL(MAX(`position`),0) FROM `module`;
SELECT @max_id := IFNULL(MAX(`id`),0) FROM `module`;

INSERT INTO `module` (`id`, `code`, `type`, `activate`, `position`, `full_namespace`, `created_at`, `updated_at`) VALUES
  (@max_id+1, 'HookNavigation', 1, 1, @max_pos+1, 'HookNavigation\\HookNavigation', NOW(), NOW()),
  (@max_id+2, 'HookCurrency', 1, 1, @max_pos+2, 'HookCurrency\\HookCurrency', NOW(), NOW()),
  (@max_id+3, 'HookLang', 1, 1, @max_pos+3, 'HookLang\\HookLang', NOW(), NOW()),
  (@max_id+4, 'HookSearch', 1, 1, @max_pos+4, 'HookSearch\\HookSearch', NOW(), NOW()),
  (@max_id+5, 'HookCustomer', 1, 1, @max_pos+5, 'HookCustomer\\HookCustomer', NOW(), NOW()),
  (@max_id+6, 'HookCart', 1, 1, @max_pos+6, 'HookCart\\HookCart', NOW(), NOW()),
  (@max_id+7, 'HookAnalytics', 1, 1, @max_pos+7, 'HookAnalytics\\HookAnalytics', NOW(), NOW()),
  (@max_id+8, 'HookContact', 1, 1, @max_pos+8, 'HookContact\\HookContact', NOW(), NOW()),
  (@max_id+9, 'HookLinks', 1, 1, @max_pos+9, 'HookLinks\\HookLinks', NOW(), NOW()),
  (@max_id+10, 'HookNewsletter', 1, 1, @max_pos+10, 'HookNewsletter\\HookNewsletter', NOW(), NOW()),
  (@max_id+11, 'HookSocial', 1, 1, @max_pos+11, 'HookSocial\\HookSocial', NOW(), NOW()),
  (@max_id+12, 'HookProductsNew', 1, 1, @max_pos+12, 'HookProductsNew\\HookProductsNew', NOW(), NOW()),
  (@max_id+13, 'HookProductsOffer', 1, 1, @max_pos+13, 'HookProductsOffer\\HookProductsOffer', NOW(), NOW())
;

INSERT INTO  `module_i18n` (`id`, `locale`, `title`, `description`, `chapo`, `postscriptum`) VALUES
  (@max_id+1, 'ar_SA', NULL, NULL,  NULL,  NULL),
  (@max_id+2, 'ar_SA', NULL, NULL,  NULL,  NULL),
  (@max_id+3, 'ar_SA', NULL, NULL,  NULL,  NULL),
  (@max_id+4, 'ar_SA', NULL, NULL,  NULL,  NULL),
  (@max_id+5, 'ar_SA', NULL, NULL,  NULL,  NULL),
  (@max_id+6, 'ar_SA', NULL, NULL,  NULL,  NULL),
  (@max_id+7, 'ar_SA', NULL, NULL,  NULL,  NULL),
  (@max_id+8, 'ar_SA', NULL, NULL,  NULL,  NULL),
  (@max_id+9, 'ar_SA', NULL, NULL,  NULL,  NULL),
  (@max_id+10, 'ar_SA', NULL, NULL,  NULL,  NULL),
  (@max_id+11, 'ar_SA', NULL, NULL,  NULL,  NULL),
  (@max_id+12, 'ar_SA', NULL, NULL,  NULL,  NULL),
  (@max_id+13, 'ar_SA', NULL, NULL,  NULL,  NULL),
  (@max_id+1, 'de_DE', 'Menü Block', NULL,  NULL,  NULL),
  (@max_id+2, 'de_DE', 'Währungensblock', NULL,  NULL,  NULL),
  (@max_id+3, 'de_DE', 'Sprachen Block', NULL,  NULL,  NULL),
  (@max_id+4, 'de_DE', 'Suche-Block', NULL,  NULL,  NULL),
  (@max_id+5, 'de_DE', 'Kundenkonto-Block', NULL,  NULL,  NULL),
  (@max_id+6, 'de_DE', 'Warenkorb Block', NULL,  NULL,  NULL),
  (@max_id+7, 'de_DE', 'Google Analytics Block', NULL,  NULL,  NULL),
  (@max_id+8, 'de_DE', 'Kontakt-Block', NULL,  NULL,  NULL),
  (@max_id+9, 'de_DE', 'Links Block', NULL,  NULL,  NULL),
  (@max_id+10, 'de_DE', 'Newsletter Block', NULL,  NULL,  NULL),
  (@max_id+11, 'de_DE', 'Social Networks Block', NULL,  NULL,  NULL),
  (@max_id+12, 'de_DE', 'Neue Produkte Block', NULL,  NULL,  NULL),
  (@max_id+13, 'de_DE', 'Sonderangebot-Block', NULL,  NULL,  NULL),
  (@max_id+1, 'en_US', 'Navigation block', NULL,  NULL,  NULL),
  (@max_id+2, 'en_US', 'Currency block', NULL,  NULL,  NULL),
  (@max_id+3, 'en_US', 'Languages block', NULL,  NULL,  NULL),
  (@max_id+4, 'en_US', 'Search block', NULL,  NULL,  NULL),
  (@max_id+5, 'en_US', 'Customer account block', NULL,  NULL,  NULL),
  (@max_id+6, 'en_US', 'Cart block', NULL,  NULL,  NULL),
  (@max_id+7, 'en_US', 'Google Analytics block', NULL,  NULL,  NULL),
  (@max_id+8, 'en_US', 'Contact block', NULL,  NULL,  NULL),
  (@max_id+9, 'en_US', 'Links block', NULL,  NULL,  NULL),
  (@max_id+10, 'en_US', 'Newsletter block', NULL,  NULL,  NULL),
  (@max_id+11, 'en_US', 'Social Networks block', NULL,  NULL,  NULL),
  (@max_id+12, 'en_US', 'New Products block', NULL,  NULL,  NULL),
  (@max_id+13, 'en_US', 'Products offer block', NULL,  NULL,  NULL),
  (@max_id+1, 'es_ES', NULL, NULL,  NULL,  NULL),
  (@max_id+2, 'es_ES', NULL, NULL,  NULL,  NULL),
  (@max_id+3, 'es_ES', NULL, NULL,  NULL,  NULL),
  (@max_id+4, 'es_ES', NULL, NULL,  NULL,  NULL),
  (@max_id+5, 'es_ES', NULL, NULL,  NULL,  NULL),
  (@max_id+6, 'es_ES', NULL, NULL,  NULL,  NULL),
  (@max_id+7, 'es_ES', NULL, NULL,  NULL,  NULL),
  (@max_id+8, 'es_ES', NULL, NULL,  NULL,  NULL),
  (@max_id+9, 'es_ES', NULL, NULL,  NULL,  NULL),
  (@max_id+10, 'es_ES', NULL, NULL,  NULL,  NULL),
  (@max_id+11, 'es_ES', NULL, NULL,  NULL,  NULL),
  (@max_id+12, 'es_ES', NULL, NULL,  NULL,  NULL),
  (@max_id+13, 'es_ES', NULL, NULL,  NULL,  NULL),
  (@max_id+1, 'fr_FR', 'Bloc menu', NULL,  NULL,  NULL),
  (@max_id+2, 'fr_FR', 'Bloc des devises', NULL,  NULL,  NULL),
  (@max_id+3, 'fr_FR', 'Bloc des langues', NULL,  NULL,  NULL),
  (@max_id+4, 'fr_FR', 'Bloc de recherche', NULL,  NULL,  NULL),
  (@max_id+5, 'fr_FR', 'Bloc compte client', NULL,  NULL,  NULL),
  (@max_id+6, 'fr_FR', 'Bloc panier', NULL,  NULL,  NULL),
  (@max_id+7, 'fr_FR', 'Bloc Google Analytics', NULL,  NULL,  NULL),
  (@max_id+8, 'fr_FR', 'Bloc contact', NULL,  NULL,  NULL),
  (@max_id+9, 'fr_FR', 'Bloc liens', NULL,  NULL,  NULL),
  (@max_id+10, 'fr_FR', 'Bloc newsletter', NULL,  NULL,  NULL),
  (@max_id+11, 'fr_FR', 'Bloc réseaux sociaux', NULL,  NULL,  NULL),
  (@max_id+12, 'fr_FR', 'Bloc nouveaux produits', NULL,  NULL,  NULL),
  (@max_id+13, 'fr_FR', 'Bloc promotions', NULL,  NULL,  NULL),
  (@max_id+1, 'it_IT', NULL, NULL,  NULL,  NULL),
  (@max_id+2, 'it_IT', NULL, NULL,  NULL,  NULL),
  (@max_id+3, 'it_IT', NULL, NULL,  NULL,  NULL),
  (@max_id+4, 'it_IT', NULL, NULL,  NULL,  NULL),
  (@max_id+5, 'it_IT', NULL, NULL,  NULL,  NULL),
  (@max_id+6, 'it_IT', NULL, NULL,  NULL,  NULL),
  (@max_id+7, 'it_IT', NULL, NULL,  NULL,  NULL),
  (@max_id+8, 'it_IT', NULL, NULL,  NULL,  NULL),
  (@max_id+9, 'it_IT', NULL, NULL,  NULL,  NULL),
  (@max_id+10, 'it_IT', NULL, NULL,  NULL,  NULL),
  (@max_id+11, 'it_IT', NULL, NULL,  NULL,  NULL),
  (@max_id+12, 'it_IT', NULL, NULL,  NULL,  NULL),
  (@max_id+13, 'it_IT', NULL, NULL,  NULL,  NULL),
  (@max_id+1, 'pt_BR', NULL, NULL,  NULL,  NULL),
  (@max_id+2, 'pt_BR', NULL, NULL,  NULL,  NULL),
  (@max_id+3, 'pt_BR', NULL, NULL,  NULL,  NULL),
  (@max_id+4, 'pt_BR', NULL, NULL,  NULL,  NULL),
  (@max_id+5, 'pt_BR', NULL, NULL,  NULL,  NULL),
  (@max_id+6, 'pt_BR', NULL, NULL,  NULL,  NULL),
  (@max_id+7, 'pt_BR', NULL, NULL,  NULL,  NULL),
  (@max_id+8, 'pt_BR', NULL, NULL,  NULL,  NULL),
  (@max_id+9, 'pt_BR', NULL, NULL,  NULL,  NULL),
  (@max_id+10, 'pt_BR', NULL, NULL,  NULL,  NULL),
  (@max_id+11, 'pt_BR', NULL, NULL,  NULL,  NULL),
  (@max_id+12, 'pt_BR', NULL, NULL,  NULL,  NULL),
  (@max_id+13, 'pt_BR', NULL, NULL,  NULL,  NULL),
  (@max_id+1, 'tr_TR', 'Gezinti blok', NULL,  NULL,  NULL),
  (@max_id+2, 'tr_TR', 'Kur kutusu', NULL,  NULL,  NULL),
  (@max_id+3, 'tr_TR', 'Dil paketi', NULL,  NULL,  NULL),
  (@max_id+4, 'tr_TR', 'Arama engelleme', NULL,  NULL,  NULL),
  (@max_id+5, 'tr_TR', 'Müşteri hesap blok', NULL,  NULL,  NULL),
  (@max_id+6, 'tr_TR', 'Alışveriş Sepeti', NULL,  NULL,  NULL),
  (@max_id+7, 'tr_TR', 'Google Analytics blok', NULL,  NULL,  NULL),
  (@max_id+8, 'tr_TR', 'İletişim bilgileri', NULL,  NULL,  NULL),
  (@max_id+9, 'tr_TR', 'Bağlantı kutusu', NULL,  NULL,  NULL),
  (@max_id+10, 'tr_TR', 'Haber bülteni kutusu', NULL,  NULL,  NULL),
  (@max_id+11, 'tr_TR', 'Sosyal ağlar blok', NULL,  NULL,  NULL),
  (@max_id+12, 'tr_TR', 'Yeni Ürünler Bloğu', NULL,  NULL,  NULL),
  (@max_id+13, 'tr_TR', 'Blok ürünler sunmak', NULL,  NULL,  NULL)
;



-- ---------------------------------------------------------------------
-- hook
-- ---------------------------------------------------------------------

DROP TABLE IF EXISTS `hook`;

CREATE TABLE `hook`
(
    `id` INTEGER NOT NULL AUTO_INCREMENT,
    `code` VARCHAR(255) NOT NULL,
    `type` TINYINT,
    `by_module` TINYINT(1),
    `native` TINYINT(1),
    `activate` TINYINT(1),
    `block` TINYINT(1),
    `position` INTEGER,
    `created_at` DATETIME,
    `updated_at` DATETIME,
    PRIMARY KEY (`id`),
    UNIQUE INDEX `code_UNIQUE` (`code`, `type`),
    INDEX `idx_module_activate` (`activate`)
) ENGINE=InnoDB CHARACTER SET='utf8';

-- ---------------------------------------------------------------------
-- module_hook
-- ---------------------------------------------------------------------

DROP TABLE IF EXISTS `module_hook`;

CREATE TABLE `module_hook`
(
    `id` INTEGER NOT NULL AUTO_INCREMENT,
    `module_id` INTEGER NOT NULL,
    `hook_id` INTEGER NOT NULL,
    `classname` VARCHAR(255),
    `method` VARCHAR(255),
    `active` TINYINT(1) NOT NULL,
    `hook_active` TINYINT(1) NOT NULL,
    `module_active` TINYINT(1) NOT NULL,
    `position` INTEGER NOT NULL,
    PRIMARY KEY (`id`),
    INDEX `idx_module_hook_active` (`active`),
    INDEX `fk_module_hook_module_id_idx` (`module_id`),
    INDEX `fk_module_hook_hook_id_idx` (`hook_id`),
    CONSTRAINT `fk_module_hook_module_id`
        FOREIGN KEY (`module_id`)
        REFERENCES `module` (`id`)
        ON UPDATE RESTRICT
        ON DELETE CASCADE,
    CONSTRAINT `fk_module_hook_hook_id`
        FOREIGN KEY (`hook_id`)
        REFERENCES `hook` (`id`)
        ON UPDATE RESTRICT
        ON DELETE CASCADE
) ENGINE=InnoDB CHARACTER SET='utf8';


-- ---------------------------------------------------------------------
-- hook_i18n
-- ---------------------------------------------------------------------

DROP TABLE IF EXISTS `hook_i18n`;

CREATE TABLE `hook_i18n`
(
    `id` INTEGER NOT NULL,
    `locale` VARCHAR(5) DEFAULT 'en_US' NOT NULL,
    `title` VARCHAR(255),
    `description` LONGTEXT,
    `chapo` TEXT,
    PRIMARY KEY (`id`,`locale`),
    CONSTRAINT `hook_i18n_FK_1`
        FOREIGN KEY (`id`)
        REFERENCES `hook` (`id`)
        ON DELETE CASCADE
) ENGINE=InnoDB CHARACTER SET='utf8';


INSERT INTO `hook` (`id`, `code`, `type`, `by_module`, `block`, `native`, `activate`, `position`, `created_at`, `updated_at`) VALUES
  (1, 'order-invoice.top', 1, 0, 0, 1, 1, 1, NOW(), NOW()),
  (2, 'order-invoice.delivery-address', 1, 1, 0, 1, 1, 1, NOW(), NOW()),
  (3, 'order-invoice.payment-extra', 1, 1, 0, 1, 1, 1, NOW(), NOW()),
  (4, 'order-invoice.bottom', 1, 0, 0, 1, 1, 1, NOW(), NOW()),
  (5, 'order-invoice.javascript-initialization', 1, 0, 0, 1, 1, 1, NOW(), NOW()),
  (6, 'order-invoice.stylesheet', 1, 0, 0, 1, 1, 1, NOW(), NOW()),
  (7, 'order-invoice.after-javascript-include', 1, 0, 0, 1, 1, 1, NOW(), NOW()),
  (8, 'order-payment-gateway.body', 1, 1, 0, 1, 1, 1, NOW(), NOW()),
  (9, 'order-payment-gateway.javascript', 1, 1, 0, 1, 1, 1, NOW(), NOW()),
  (10, 'order-payment-gateway.javascript-initialization', 1, 0, 0, 1, 1, 1, NOW(), NOW()),
  (11, 'order-payment-gateway.stylesheet', 1, 0, 0, 1, 1, 1, NOW(), NOW()),
  (12, 'order-payment-gateway.after-javascript-include', 1, 0, 0, 1, 1, 1, NOW(), NOW()),
  (13, 'sitemap.bottom', 1, 0, 0, 1, 1, 1, NOW(), NOW()),
  (14, 'currency.top', 1, 0, 0, 1, 1, 1, NOW(), NOW()),
  (15, 'currency.bottom', 1, 0, 0, 1, 1, 1, NOW(), NOW()),
  (16, 'currency.stylesheet', 1, 0, 0, 1, 1, 1, NOW(), NOW()),
  (17, 'currency.after-javascript-include', 1, 0, 0, 1, 1, 1, NOW(), NOW()),
  (18, 'currency.javascript-initialization', 1, 0, 0, 1, 1, 1, NOW(), NOW()),
  (19, 'login.top', 1, 0, 0, 1, 1, 1, NOW(), NOW()),
  (20, 'login.main-top', 1, 0, 0, 1, 1, 1, NOW(), NOW()),
  (21, 'login.form-top', 1, 0, 0, 1, 1, 1, NOW(), NOW()),
  (22, 'login.form-bottom', 1, 0, 0, 1, 1, 1, NOW(), NOW()),
  (23, 'login.main-bottom', 1, 0, 0, 1, 1, 1, NOW(), NOW()),
  (24, 'login.bottom', 1, 0, 0, 1, 1, 1, NOW(), NOW()),
  (25, 'login.stylesheet', 1, 0, 0, 1, 1, 1, NOW(), NOW()),
  (26, 'login.after-javascript-include', 1, 0, 0, 1, 1, 1, NOW(), NOW()),
  (27, 'login.javascript-initialization', 1, 0, 0, 1, 1, 1, NOW(), NOW()),
  (28, 'account-update.top', 1, 0, 0, 1, 1, 1, NOW(), NOW()),
  (29, 'account-update.form-top', 1, 0, 0, 1, 1, 1, NOW(), NOW()),
  (30, 'account-update.form-bottom', 1, 0, 0, 1, 1, 1, NOW(), NOW()),
  (31, 'account-update.bottom', 1, 0, 0, 1, 1, 1, NOW(), NOW()),
  (32, 'account-update.stylesheet', 1, 0, 0, 1, 1, 1, NOW(), NOW()),
  (33, 'account-update.after-javascript-include', 1, 0, 0, 1, 1, 1, NOW(), NOW()),
  (34, 'account-update.javascript-initialization', 1, 0, 0, 1, 1, 1, NOW(), NOW()),
  (35, 'cart.top', 1, 0, 0, 1, 1, 1, NOW(), NOW()),
  (36, 'cart.bottom', 1, 0, 0, 1, 1, 1, NOW(), NOW()),
  (37, 'cart.after-javascript-include', 1, 0, 0, 1, 1, 1, NOW(), NOW()),
  (38, 'cart.stylesheet', 1, 0, 0, 1, 1, 1, NOW(), NOW()),
  (39, 'cart.javascript-initialization', 1, 0, 0, 1, 1, 1, NOW(), NOW()),
  (40, 'contact.top', 1, 0, 0, 1, 1, 1, NOW(), NOW()),
  (41, 'contact.form-top', 1, 0, 0, 1, 1, 1, NOW(), NOW()),
  (42, 'contact.form-bottom', 1, 0, 0, 1, 1, 1, NOW(), NOW()),
  (43, 'contact.bottom', 1, 0, 0, 1, 1, 1, NOW(), NOW()),
  (44, 'contact.stylesheet', 1, 0, 0, 1, 1, 1, NOW(), NOW()),
  (45, 'contact.after-javascript-include', 1, 0, 0, 1, 1, 1, NOW(), NOW()),
  (46, 'contact.javascript-initialization', 1, 0, 0, 1, 1, 1, NOW(), NOW()),
  (47, 'order-placed.body', 1, 1, 0, 1, 1, 1, NOW(), NOW()),
  (48, 'order-placed.stylesheet', 1, 0, 0, 1, 1, 1, NOW(), NOW()),
  (49, 'order-placed.after-javascript-include', 1, 0, 0, 1, 1, 1, NOW(), NOW()),
  (50, 'order-placed.javascript-initialization', 1, 0, 0, 1, 1, 1, NOW(), NOW()),
  (51, 'search.stylesheet', 1, 0, 0, 1, 1, 1, NOW(), NOW()),
  (52, 'search.after-javascript-include', 1, 0, 0, 1, 1, 1, NOW(), NOW()),
  (53, 'search.javascript-initialization', 1, 0, 0, 1, 1, 1, NOW(), NOW()),
  (54, 'register.top', 1, 0, 0, 1, 1, 1, NOW(), NOW()),
  (55, 'register.form-top', 1, 0, 0, 1, 1, 1, NOW(), NOW()),
  (56, 'register.form-bottom', 1, 0, 0, 1, 1, 1, NOW(), NOW()),
  (57, 'register.bottom', 1, 0, 0, 1, 1, 1, NOW(), NOW()),
  (58, 'register.stylesheet', 1, 0, 0, 1, 1, 1, NOW(), NOW()),
  (59, 'register.after-javascript-include', 1, 0, 0, 1, 1, 1, NOW(), NOW()),
  (60, 'register.javascript-initialization', 1, 0, 0, 1, 1, 1, NOW(), NOW()),
  (61, 'password.top', 1, 0, 0, 1, 1, 1, NOW(), NOW()),
  (62, 'password.form-top', 1, 0, 0, 1, 1, 1, NOW(), NOW()),
  (63, 'password.form-bottom', 1, 0, 0, 1, 1, 1, NOW(), NOW()),
  (64, 'password.bottom', 1, 0, 0, 1, 1, 1, NOW(), NOW()),
  (65, 'password.stylesheet', 1, 0, 0, 1, 1, 1, NOW(), NOW()),
  (66, 'password.after-javascript-include', 1, 0, 0, 1, 1, 1, NOW(), NOW()),
  (67, 'password.javascript-initialization', 1, 0, 0, 1, 1, 1, NOW(), NOW()),
  (68, 'language.top', 1, 0, 0, 1, 1, 1, NOW(), NOW()),
  (69, 'language.bottom', 1, 0, 0, 1, 1, 1, NOW(), NOW()),
  (70, 'language.stylesheet', 1, 0, 0, 1, 1, 1, NOW(), NOW()),
  (71, 'language.after-javascript-include', 1, 0, 0, 1, 1, 1, NOW(), NOW()),
  (72, 'language.javascript-initialization', 1, 0, 0, 1, 1, 1, NOW(), NOW()),
  (73, 'contact.success', 1, 0, 0, 1, 1, 1, NOW(), NOW()),
  (74, 'newsletter.top', 1, 0, 0, 1, 1, 1, NOW(), NOW()),
  (75, 'newsletter.bottom', 1, 0, 0, 1, 1, 1, NOW(), NOW()),
  (76, 'newsletter.stylesheet', 1, 0, 0, 1, 1, 1, NOW(), NOW()),
  (77, 'newsletter.after-javascript-include', 1, 0, 0, 1, 1, 1, NOW(), NOW()),
  (78, 'newsletter.javascript-initialization', 1, 0, 0, 1, 1, 1, NOW(), NOW()),
  (79, 'badresponseorder.stylesheet', 1, 0, 0, 1, 1, 1, NOW(), NOW()),
  (80, 'badresponseorder.after-javascript-include', 1, 0, 0, 1, 1, 1, NOW(), NOW()),
  (81, 'badresponseorder.javascript-initialization', 1, 0, 0, 1, 1, 1, NOW(), NOW()),
  (82, 'content.top', 1, 0, 0, 1, 1, 1, NOW(), NOW()),
  (83, 'content.main-top', 1, 0, 0, 1, 1, 1, NOW(), NOW()),
  (84, 'content.main-bottom', 1, 0, 0, 1, 1, 1, NOW(), NOW()),
  (85, 'content.bottom', 1, 0, 0, 1, 1, 1, NOW(), NOW()),
  (86, 'content.stylesheet', 1, 0, 0, 1, 1, 1, NOW(), NOW()),
  (87, 'content.after-javascript-include', 1, 0, 0, 1, 1, 1, NOW(), NOW()),
  (88, 'content.javascript-initialization', 1, 0, 0, 1, 1, 1, NOW(), NOW()),
  (89, 'main.head-top', 1, 0, 0, 1, 1, 1, NOW(), NOW()),
  (90, 'main.stylesheet', 1, 0, 0, 1, 1, 1, NOW(), NOW()),
  (91, 'main.head-bottom', 1, 0, 0, 1, 1, 1, NOW(), NOW()),
  (92, 'main.body-top', 1, 0, 0, 1, 1, 1, NOW(), NOW()),
  (93, 'main.header-top', 1, 0, 0, 1, 1, 1, NOW(), NOW()),
  (94, 'main.navbar-secondary', 1, 0, 0, 1, 1, 1, NOW(), NOW()),
  (95, 'main.navbar-primary', 1, 0, 0, 1, 1, 1, NOW(), NOW()),
  (96, 'main.header-bottom', 1, 0, 0, 1, 1, 1, NOW(), NOW()),
  (97, 'main.content-top', 1, 0, 0, 1, 1, 1, NOW(), NOW()),
  (98, 'main.content-bottom', 1, 0, 0, 1, 1, 1, NOW(), NOW()),
  (99, 'main.footer-top', 1, 0, 0, 1, 1, 1, NOW(), NOW()),
  (100, 'main.footer-body', 1, 0, 1, 1, 1, 1, NOW(), NOW()),
  (101, 'main.footer-bottom', 1, 0, 0, 1, 1, 1, NOW(), NOW()),
  (102, 'main.after-javascript-include', 1, 0, 0, 1, 1, 1, NOW(), NOW()),
  (103, 'main.javascript-initialization', 1, 0, 0, 1, 1, 1, NOW(), NOW()),
  (104, 'main.body-bottom', 1, 0, 0, 1, 1, 1, NOW(), NOW()),
  (105, '404.content', 1, 0, 0, 1, 1, 1, NOW(), NOW()),
  (106, '404.stylesheet', 1, 0, 0, 1, 1, 1, NOW(), NOW()),
  (107, '404.after-javascript-include', 1, 0, 0, 1, 1, 1, NOW(), NOW()),
  (108, '404.javascript-initialization', 1, 0, 0, 1, 1, 1, NOW(), NOW()),
  (109, 'order-delivery.top', 1, 0, 0, 1, 1, 1, NOW(), NOW()),
  (110, 'order-delivery.form-top', 1, 0, 0, 1, 1, 1, NOW(), NOW()),
  (111, 'order-delivery.form-bottom', 1, 0, 0, 1, 1, 1, NOW(), NOW()),
  (112, 'order-delivery.bottom', 1, 0, 0, 1, 1, 1, NOW(), NOW()),
  (113, 'order-delivery.javascript-initialization', 1, 0, 0, 1, 1, 1, NOW(), NOW()),
  (114, 'order-delivery.stylesheet', 1, 0, 0, 1, 1, 1, NOW(), NOW()),
  (115, 'order-delivery.after-javascript-include', 1, 0, 0, 1, 1, 1, NOW(), NOW()),
  (116, 'address-create.top', 1, 0, 0, 1, 1, 1, NOW(), NOW()),
  (117, 'address-create.form-top', 1, 0, 0, 1, 1, 1, NOW(), NOW()),
  (118, 'address-create.form-bottom', 1, 0, 0, 1, 1, 1, NOW(), NOW()),
  (119, 'address-create.bottom', 1, 0, 0, 1, 1, 1, NOW(), NOW()),
  (120, 'address-create.stylesheet', 1, 0, 0, 1, 1, 1, NOW(), NOW()),
  (121, 'address-create.after-javascript-include', 1, 0, 0, 1, 1, 1, NOW(), NOW()),
  (122, 'address-create.javascript-initialization', 1, 0, 0, 1, 1, 1, NOW(), NOW()),
  (123, 'folder.top', 1, 0, 0, 1, 1, 1, NOW(), NOW()),
  (124, 'folder.main-top', 1, 0, 0, 1, 1, 1, NOW(), NOW()),
  (125, 'folder.main-bottom', 1, 0, 0, 1, 1, 1, NOW(), NOW()),
  (126, 'folder.bottom', 1, 0, 0, 1, 1, 1, NOW(), NOW()),
  (127, 'folder.stylesheet', 1, 0, 0, 1, 1, 1, NOW(), NOW()),
  (128, 'folder.after-javascript-include', 1, 0, 0, 1, 1, 1, NOW(), NOW()),
  (129, 'folder.javascript-initialization', 1, 0, 0, 1, 1, 1, NOW(), NOW()),
  (130, 'order-failed.top', 1, 0, 0, 1, 1, 1, NOW(), NOW()),
  (131, 'order-failed.bottom', 1, 0, 0, 1, 1, 1, NOW(), NOW()),
  (132, 'order-failed.stylesheet', 1, 0, 0, 1, 1, 1, NOW(), NOW()),
  (133, 'order-failed.after-javascript-include', 1, 0, 0, 1, 1, 1, NOW(), NOW()),
  (134, 'order-failed.javascript-initialization', 1, 0, 0, 1, 1, 1, NOW(), NOW()),
  (135, 'category.top', 1, 0, 0, 1, 1, 1, NOW(), NOW()),
  (136, 'category.main-top', 1, 0, 0, 1, 1, 1, NOW(), NOW()),
  (137, 'category.main-bottom', 1, 0, 0, 1, 1, 1, NOW(), NOW()),
  (138, 'category.bottom', 1, 0, 0, 1, 1, 1, NOW(), NOW()),
  (139, 'category.stylesheet', 1, 0, 0, 1, 1, 1, NOW(), NOW()),
  (140, 'category.after-javascript-include', 1, 0, 0, 1, 1, 1, NOW(), NOW()),
  (141, 'category.javascript-initialization', 1, 0, 0, 1, 1, 1, NOW(), NOW()),
  (142, 'address-update.top', 1, 0, 0, 1, 1, 1, NOW(), NOW()),
  (143, 'address-update.form-top', 1, 0, 0, 1, 1, 1, NOW(), NOW()),
  (144, 'address-update.form-bottom', 1, 0, 0, 1, 1, 1, NOW(), NOW()),
  (145, 'address-update.bottom', 1, 0, 0, 1, 1, 1, NOW(), NOW()),
  (146, 'address-update.stylesheet', 1, 0, 0, 1, 1, 1, NOW(), NOW()),
  (147, 'address-update.after-javascript-include', 1, 0, 0, 1, 1, 1, NOW(), NOW()),
  (148, 'address-update.javascript-initialization', 1, 0, 0, 1, 1, 1, NOW(), NOW()),
  (149, 'home.body', 1, 0, 0, 1, 1, 1, NOW(), NOW()),
  (150, 'home.stylesheet', 1, 0, 0, 1, 1, 1, NOW(), NOW()),
  (151, 'home.after-javascript-include', 1, 0, 0, 1, 1, 1, NOW(), NOW()),
  (152, 'home.javascript-initialization', 1, 0, 0, 1, 1, 1, NOW(), NOW()),
  (153, 'account-password.top', 1, 0, 0, 1, 1, 1, NOW(), NOW()),
  (154, 'account-password.bottom', 1, 0, 0, 1, 1, 1, NOW(), NOW()),
  (155, 'account-password.stylesheet', 1, 0, 0, 1, 1, 1, NOW(), NOW()),
  (156, 'account-password.after-javascript-include', 1, 0, 0, 1, 1, 1, NOW(), NOW()),
  (157, 'account-password.javascript-initialization', 1, 0, 0, 1, 1, 1, NOW(), NOW()),
  (158, 'product.top', 1, 0, 0, 1, 1, 1, NOW(), NOW()),
  (159, 'product.gallery', 1, 0, 0, 1, 1, 1, NOW(), NOW()),
  (160, 'product.details-top', 1, 0, 0, 1, 1, 1, NOW(), NOW()),
  (161, 'product.details-bottom', 1, 0, 0, 1, 1, 1, NOW(), NOW()),
  (162, 'product.additional', 1, 0, 1, 1, 1, 1, NOW(), NOW()),
  (163, 'product.bottom', 1, 0, 0, 1, 1, 1, NOW(), NOW()),
  (164, 'product.stylesheet', 1, 0, 0, 1, 1, 1, NOW(), NOW()),
  (165, 'product.after-javascript-include', 1, 0, 0, 1, 1, 1, NOW(), NOW()),
  (166, 'product.javascript-initialization', 1, 0, 0, 1, 1, 1, NOW(), NOW()),
  (167, 'account.top', 1, 0, 0, 1, 1, 1, NOW(), NOW()),
  (168, 'account.bottom', 1, 0, 0, 1, 1, 1, NOW(), NOW()),
  (169, 'account.stylesheet', 1, 0, 0, 1, 1, 1, NOW(), NOW()),
  (170, 'account.after-javascript-include', 1, 0, 0, 1, 1, 1, NOW(), NOW()),
  (171, 'account.javascript-initialization', 1, 0, 0, 1, 1, 1, NOW(), NOW()),
  (172, 'viewall.top', 1, 0, 0, 1, 1, 1, NOW(), NOW()),
  (173, 'viewall.bottom', 1, 0, 0, 1, 1, 1, NOW(), NOW()),
  (174, 'viewall.stylesheet', 1, 0, 0, 1, 1, 1, NOW(), NOW()),
  (175, 'viewall.after-javascript-include', 1, 0, 0, 1, 1, 1, NOW(), NOW()),
  (176, 'viewall.javascript-initialization', 1, 0, 0, 1, 1, 1, NOW(), NOW()),
  (177, 'singleproduct.top', 1, 0, 0, 1, 1, 1, NOW(), NOW()),
  (178, 'singleproduct.bottom', 1, 0, 0, 1, 1, 1, NOW(), NOW()),
  (179, 'category.sidebar-top', 1, 0, 0, 1, 1, 1, NOW(), NOW()),
  (180, 'category.sidebar-body', 1, 0, 0, 1, 1, 1, NOW(), NOW()),
  (181, 'category.sidebar-bottom', 1, 0, 0, 1, 1, 1, NOW(), NOW()),
  (182, 'content.sidebar-top', 1, 0, 0, 1, 1, 1, NOW(), NOW()),
  (183, 'content.sidebar-body', 1, 0, 0, 1, 1, 1, NOW(), NOW()),
  (184, 'content.sidebar-bottom', 1, 0, 0, 1, 1, 1, NOW(), NOW()),
  (185, 'order-delivery.extra', 1, 1, 0, 1, 1, 1, NOW(), NOW()),
  (186, 'order-delivery.javascript', 1, 1, 0, 1, 1, 1, NOW(), NOW()),

  (1000, 'category.tab-content', 2, 0, 0, 1, 1, 1, NOW(), NOW()),
  (1001, 'content.tab-content', 2, 0, 0, 1, 1, 1, NOW(), NOW()),
  (1002, 'folder.tab-content', 2, 0, 0, 1, 1, 1, NOW(), NOW()),
  (1003, 'order.tab-content', 2, 0, 0, 1, 1, 1, NOW(), NOW()),
  (1004, 'product.tab-content', 2, 0, 0, 1, 1, 1, NOW(), NOW()),
  (1005, 'features-value.table-header', 2, 0, 0, 1, 1, 1, NOW(), NOW()),
  (1006, 'features-value.table-row', 2, 0, 0, 1, 1, 1, NOW(), NOW()),
  (1007, 'feature.value-create-form', 2, 0, 0, 1, 1, 1, NOW(), NOW()),
  (1008, 'feature.edit-js', 2, 0, 0, 1, 1, 1, NOW(), NOW()),
  (1009, 'product.edit-js', 2, 0, 0, 1, 1, 1, NOW(), NOW()),
  (1010, 'coupon.create-js', 2, 0, 0, 1, 1, 1, NOW(), NOW()),
  (1011, 'taxes.update-form', 2, 0, 0, 1, 1, 1, NOW(), NOW()),
  (1012, 'tax-rule.edit-js', 2, 0, 0, 1, 1, 1, NOW(), NOW()),
  (1013, 'tools.top', 2, 0, 0, 1, 1, 1, NOW(), NOW()),
  (1014, 'tools.col1-top', 2, 0, 0, 1, 1, 1, NOW(), NOW()),
  (1015, 'tools.col1-bottom', 2, 0, 0, 1, 1, 1, NOW(), NOW()),
  (1016, 'tools.bottom', 2, 0, 0, 1, 1, 1, NOW(), NOW()),
  (1017, 'tools.js', 2, 0, 0, 1, 1, 1, NOW(), NOW()),
  (1018, 'messages.top', 2, 0, 0, 1, 1, 1, NOW(), NOW()),
  (1019, 'messages.table-header', 2, 0, 0, 1, 1, 1, NOW(), NOW()),
  (1020, 'messages.table-row', 2, 0, 0, 1, 1, 1, NOW(), NOW()),
  (1021, 'messages.bottom', 2, 0, 0, 1, 1, 1, NOW(), NOW()),
  (1022, 'message.create-form', 2, 0, 0, 1, 1, 1, NOW(), NOW()),
  (1023, 'message.delete-form', 2, 0, 0, 1, 1, 1, NOW(), NOW()),
  (1024, 'messages.js', 2, 0, 0, 1, 1, 1, NOW(), NOW()),
  (1025, 'taxes-rules.top', 2, 0, 0, 1, 1, 1, NOW(), NOW()),
  (1026, 'taxes-rules.bottom', 2, 0, 0, 1, 1, 1, NOW(), NOW()),
  (1027, 'tax.create-form', 2, 0, 0, 1, 1, 1, NOW(), NOW()),
  (1028, 'tax.delete-form', 2, 0, 0, 1, 1, 1, NOW(), NOW()),
  (1029, 'tax-rule.create-form', 2, 0, 0, 1, 1, 1, NOW(), NOW()),
  (1030, 'tax-rule.delete-form', 2, 0, 0, 1, 1, 1, NOW(), NOW()),
  (1031, 'taxes-rules.js', 2, 0, 0, 1, 1, 1, NOW(), NOW()),
  (1032, 'exports.top', 2, 0, 0, 1, 1, 1, NOW(), NOW()),
  (1033, 'exports.row', 2, 0, 0, 1, 1, 1, NOW(), NOW()),
  (1034, 'exports.bottom', 2, 0, 0, 1, 1, 1, NOW(), NOW()),
  (1035, 'exports.js', 2, 0, 0, 1, 1, 1, NOW(), NOW()),
  (1036, 'export.js', 2, 0, 0, 1, 1, 1, NOW(), NOW()),
  (1037, 'product.folders-table-header', 2, 0, 0, 1, 1, 1, NOW(), NOW()),
  (1038, 'product.folders-table-row', 2, 0, 0, 1, 1, 1, NOW(), NOW()),
  (1039, 'product.details-pricing-form', 2, 0, 0, 1, 1, 1, NOW(), NOW()),
  (1040, 'product.details-details-form', 2, 0, 0, 1, 1, 1, NOW(), NOW()),
  (1041, 'product.details-promotion-form', 2, 0, 0, 1, 1, 1, NOW(), NOW()),
  (1042, 'product.before-combinations', 2, 0, 0, 1, 1, 1, NOW(), NOW()),
  (1043, 'product.combinations-list-caption', 2, 0, 0, 1, 1, 1, NOW(), NOW()),
  (1044, 'product.after-combinations', 2, 0, 0, 1, 1, 1, NOW(), NOW()),
  (1045, 'product.combination-delete-form', 2, 0, 0, 1, 1, 1, NOW(), NOW()),
  (1046, 'modules.table-header', 2, 0, 0, 1, 1, 1, NOW(), NOW()),
  (1047, 'modules.table-row', 2, 0, 0, 1, 1, 1, NOW(), NOW()),
  (1048, 'currency.edit-js', 2, 0, 0, 1, 1, 1, NOW(), NOW()),
  (1049, 'category.contents-table-header', 2, 0, 0, 1, 1, 1, NOW(), NOW()),
  (1050, 'category.contents-table-row', 2, 0, 0, 1, 1, 1, NOW(), NOW()),
  (1051, 'category.edit-js', 2, 0, 0, 1, 1, 1, NOW(), NOW()),
  (1052, 'document.edit-js', 2, 0, 0, 1, 1, 1, NOW(), NOW()),
  (1053, 'customer.top', 2, 0, 0, 1, 1, 1, NOW(), NOW()),
  (1054, 'customers.caption', 2, 0, 0, 1, 1, 1, NOW(), NOW()),
  (1055, 'customers.header', 2, 0, 0, 1, 1, 1, NOW(), NOW()),
  (1056, 'customers.row', 2, 0, 0, 1, 1, 1, NOW(), NOW()),
  (1057, 'customer.bottom', 2, 0, 0, 1, 1, 1, NOW(), NOW()),
  (1058, 'customer.create-form', 2, 0, 0, 1, 1, 1, NOW(), NOW()),
  (1059, 'customer.delete-form', 2, 0, 0, 1, 1, 1, NOW(), NOW()),
  (1060, 'customers.js', 2, 0, 0, 1, 1, 1, NOW(), NOW()),
  (1061, 'product.contents-table-header', 2, 0, 0, 1, 1, 1, NOW(), NOW()),
  (1062, 'product.contents-table-row', 2, 0, 0, 1, 1, 1, NOW(), NOW()),
  (1063, 'product.accessories-table-header', 2, 0, 0, 1, 1, 1, NOW(), NOW()),
  (1064, 'product.accessories-table-row', 2, 0, 0, 1, 1, 1, NOW(), NOW()),
  (1065, 'product.categories-table-header', 2, 0, 0, 1, 1, 1, NOW(), NOW()),
  (1066, 'product.categories-table-row', 2, 0, 0, 1, 1, 1, NOW(), NOW()),
  (1067, 'product.attributes-table-header', 2, 0, 0, 1, 1, 1, NOW(), NOW()),
  (1068, 'product.attributes-table-row', 2, 0, 0, 1, 1, 1, NOW(), NOW()),
  (1069, 'product.features-table-header', 2, 0, 0, 1, 1, 1, NOW(), NOW()),
  (1070, 'product.features-table-row', 2, 0, 0, 1, 1, 1, NOW(), NOW()),
  (1071, 'template.attributes-table-header', 2, 0, 0, 1, 1, 1, NOW(), NOW()),
  (1072, 'template.attributes-table-row', 2, 0, 0, 1, 1, 1, NOW(), NOW()),
  (1073, 'template.features-table-header', 2, 0, 0, 1, 1, 1, NOW(), NOW()),
  (1074, 'template.features-table-row', 2, 0, 0, 1, 1, 1, NOW(), NOW()),
  (1075, 'templates.top', 2, 0, 0, 1, 1, 1, NOW(), NOW()),
  (1076, 'templates.table-header', 2, 0, 0, 1, 1, 1, NOW(), NOW()),
  (1077, 'templates.table-row', 2, 0, 0, 1, 1, 1, NOW(), NOW()),
  (1078, 'templates.bottom', 2, 0, 0, 1, 1, 1, NOW(), NOW()),
  (1079, 'template.create-form', 2, 0, 0, 1, 1, 1, NOW(), NOW()),
  (1080, 'template.delete-form', 2, 0, 0, 1, 1, 1, NOW(), NOW()),
  (1081, 'templates.js', 2, 0, 0, 1, 1, 1, NOW(), NOW()),
  (1082, 'configuration.top', 2, 0, 0, 1, 1, 1, NOW(), NOW()),
  (1083, 'configuration.catalog-top', 2, 0, 0, 1, 1, 1, NOW(), NOW()),
  (1084, 'configuration.catalog-bottom', 2, 0, 0, 1, 1, 1, NOW(), NOW()),
  (1085, 'configuration.shipping-top', 2, 0, 0, 1, 1, 1, NOW(), NOW()),
  (1086, 'configuration.shipping-bottom', 2, 0, 0, 1, 1, 1, NOW(), NOW()),
  (1087, 'configuration.system-top', 2, 0, 0, 1, 1, 1, NOW(), NOW()),
  (1088, 'configuration.system-bottom', 2, 0, 0, 1, 1, 1, NOW(), NOW()),
  (1089, 'configuration.bottom', 2, 0, 0, 1, 1, 1, NOW(), NOW()),
  (1090, 'configuration.js', 2, 0, 0, 1, 1, 1, NOW(), NOW()),
  (1091, 'index.top', 2, 0, 0, 1, 1, 1, NOW(), NOW()),
  (1092, 'index.middle', 2, 0, 0, 1, 1, 1, NOW(), NOW()),
  (1093, 'index.bottom', 2, 0, 0, 1, 1, 1, NOW(), NOW()),
  (1094, 'orders.top', 2, 0, 0, 1, 1, 1, NOW(), NOW()),
  (1095, 'orders.table-header', 2, 0, 0, 1, 1, 1, NOW(), NOW()),
  (1096, 'orders.table-row', 2, 0, 0, 1, 1, 1, NOW(), NOW()),
  (1097, 'orders.bottom', 2, 0, 0, 1, 1, 1, NOW(), NOW()),
  (1098, 'orders.js', 2, 0, 0, 1, 1, 1, NOW(), NOW()),
  (1099, 'shipping-zones.top', 2, 0, 0, 1, 1, 1, NOW(), NOW()),
  (1100, 'shipping-zones.table-header', 2, 0, 0, 1, 1, 1, NOW(), NOW()),
  (1101, 'shipping-zones.table-row', 2, 0, 0, 1, 1, 1, NOW(), NOW()),
  (1102, 'shipping-zones.bottom', 2, 0, 0, 1, 1, 1, NOW(), NOW()),
  (1103, 'shipping-zones.js', 2, 0, 0, 1, 1, 1, NOW(), NOW()),
  (1104, 'content.edit-js', 2, 0, 0, 1, 1, 1, NOW(), NOW()),
  (1105, 'home.top', 2, 0, 0, 1, 1, 1, NOW(), NOW()),
  (1106, 'home.bottom', 2, 0, 0, 1, 1, 1, NOW(), NOW()),
  (1107, 'home.js', 2, 0, 0, 1, 1, 1, NOW(), NOW()),
  (1108, 'modules.top', 2, 0, 0, 1, 1, 1, NOW(), NOW()),
  (1109, 'modules.bottom', 2, 0, 0, 1, 1, 1, NOW(), NOW()),
  (1110, 'modules.js', 2, 0, 0, 1, 1, 1, NOW(), NOW()),
  (1111, 'languages.top', 2, 0, 0, 1, 1, 1, NOW(), NOW()),
  (1112, 'languages.bottom', 2, 0, 0, 1, 1, 1, NOW(), NOW()),
  (1113, 'language.create-form', 2, 0, 0, 1, 1, 1, NOW(), NOW()),
  (1114, 'languages.delete-form', 2, 0, 0, 1, 1, 1, NOW(), NOW()),
  (1115, 'languages.js', 2, 0, 0, 1, 1, 1, NOW(), NOW()),
  (1116, 'zone.delete-form', 2, 0, 0, 1, 1, 1, NOW(), NOW()),
  (1117, 'shipping-zones.edit-js', 2, 0, 0, 1, 1, 1, NOW(), NOW()),
  (1118, 'system.logs-js', 2, 0, 0, 1, 1, 1, NOW(), NOW()),
  (1119, 'search.top', 2, 0, 0, 1, 1, 1, NOW(), NOW()),
  (1120, 'search.bottom', 2, 0, 0, 1, 1, 1, NOW(), NOW()),
  (1121, 'search.js', 2, 0, 0, 1, 1, 1, NOW(), NOW()),
  (1122, 'administrators.top', 2, 0, 0, 1, 1, 1, NOW(), NOW()),
  (1123, 'administrators.bottom', 2, 0, 0, 1, 1, 1, NOW(), NOW()),
  (1124, 'administrator.create-form', 2, 0, 0, 1, 1, 1, NOW(), NOW()),
  (1125, 'administrator.update-form', 2, 0, 0, 1, 1, 1, NOW(), NOW()),
  (1126, 'administrator.delete-form', 2, 0, 0, 1, 1, 1, NOW(), NOW()),
  (1127, 'administrators.js', 2, 0, 0, 1, 1, 1, NOW(), NOW()),
  (1128, 'module-hook.edit-js', 2, 0, 0, 1, 1, 1, NOW(), NOW()),
  (1129, 'shipping-configuration.top', 2, 0, 0, 1, 1, 1, NOW(), NOW()),
  (1130, 'shipping-configuration.table-header', 2, 0, 0, 1, 1, 1, NOW(), NOW()),
  (1131, 'shipping-configuration.table-row', 2, 0, 0, 1, 1, 1, NOW(), NOW()),
  (1132, 'shipping-configuration.bottom', 2, 0, 0, 1, 1, 1, NOW(), NOW()),
  (1133, 'shipping-configuration.create-form', 2, 0, 0, 1, 1, 1, NOW(), NOW()),
  (1134, 'shipping-configuration.delete-form', 2, 0, 0, 1, 1, 1, NOW(), NOW()),
  (1135, 'shipping-configuration.js', 2, 0, 0, 1, 1, 1, NOW(), NOW()),
  (1136, 'features.top', 2, 0, 0, 1, 1, 1, NOW(), NOW()),
  (1137, 'features.table-header', 2, 0, 0, 1, 1, 1, NOW(), NOW()),
  (1138, 'features.table-row', 2, 0, 0, 1, 1, 1, NOW(), NOW()),
  (1139, 'features.bottom', 2, 0, 0, 1, 1, 1, NOW(), NOW()),
  (1140, 'feature.create-form', 2, 0, 0, 1, 1, 1, NOW(), NOW()),
  (1141, 'feature.delete-form', 2, 0, 0, 1, 1, 1, NOW(), NOW()),
  (1142, 'feature.add-to-all-form', 2, 0, 0, 1, 1, 1, NOW(), NOW()),
  (1143, 'feature.remove-to-all-form', 2, 0, 0, 1, 1, 1, NOW(), NOW()),
  (1144, 'features.js', 2, 0, 0, 1, 1, 1, NOW(), NOW()),
  (1145, 'module.edit-js', 2, 0, 0, 1, 1, 1, NOW(), NOW()),
  (1146, 'module-hook.create-form', 2, 0, 0, 1, 1, 1, NOW(), NOW()),
  (1147, 'module-hook.delete-form', 2, 0, 0, 1, 1, 1, NOW(), NOW()),
  (1148, 'module-hook.js', 2, 0, 0, 1, 1, 1, NOW(), NOW()),
  (1149, 'shipping-configuration.edit', 2, 0, 0, 1, 1, 1, NOW(), NOW()),
  (1150, 'shipping-configuration.country-delete-form', 2, 0, 0, 1, 1, 1, NOW(), NOW()),
  (1151, 'shipping-configuration.edit-js', 2, 0, 0, 1, 1, 1, NOW(), NOW()),
  (1152, 'mailing-system.top', 2, 0, 0, 1, 1, 1, NOW(), NOW()),
  (1153, 'mailing-system.bottom', 2, 0, 0, 1, 1, 1, NOW(), NOW()),
  (1154, 'mailing-system.js', 2, 0, 0, 1, 1, 1, NOW(), NOW()),
  (1155, 'categories.top', 2, 0, 0, 1, 1, 1, NOW(), NOW()),
  (1156, 'categories.caption', 2, 0, 0, 1, 1, 1, NOW(), NOW()),
  (1157, 'categories.header', 2, 0, 0, 1, 1, 1, NOW(), NOW()),
  (1158, 'categories.row', 2, 0, 0, 1, 1, 1, NOW(), NOW()),
  (1159, 'products.caption', 2, 0, 0, 1, 1, 1, NOW(), NOW()),
  (1160, 'products.header', 2, 0, 0, 1, 1, 1, NOW(), NOW()),
  (1161, 'products.row', 2, 0, 0, 1, 1, 1, NOW(), NOW()),
  (1162, 'categories.bottom', 2, 0, 0, 1, 1, 1, NOW(), NOW()),
  (1163, 'categories.catalog-bottom', 2, 0, 0, 1, 1, 1, NOW(), NOW()),
  (1164, 'category.create-form', 2, 0, 0, 1, 1, 1, NOW(), NOW()),
  (1165, 'product.create-form', 2, 0, 0, 1, 1, 1, NOW(), NOW()),
  (1166, 'category.delete-form', 2, 0, 0, 1, 1, 1, NOW(), NOW()),
  (1167, 'product.delete-form', 2, 0, 0, 1, 1, 1, NOW(), NOW()),
  (1168, 'categories.js', 2, 0, 0, 1, 1, 1, NOW(), NOW()),
  (1169, 'variables.top', 2, 0, 0, 1, 1, 1, NOW(), NOW()),
  (1170, 'variables.table-header', 2, 0, 0, 1, 1, 1, NOW(), NOW()),
  (1171, 'variables.table-row', 2, 0, 0, 1, 1, 1, NOW(), NOW()),
  (1172, 'variables.bottom', 2, 0, 0, 1, 1, 1, NOW(), NOW()),
  (1173, 'variable.create-form', 2, 0, 0, 1, 1, 1, NOW(), NOW()),
  (1174, 'variable.delete-form', 2, 0, 0, 1, 1, 1, NOW(), NOW()),
  (1175, 'variables.js', 2, 0, 0, 1, 1, 1, NOW(), NOW()),
  (1176, 'order.product-list', 2, 0, 0, 1, 1, 1, NOW(), NOW()),
  (1177, 'order.edit-js', 2, 0, 0, 1, 1, 1, NOW(), NOW()),
  (1178, 'config-store.js', 2, 0, 0, 1, 1, 1, NOW(), NOW()),
  (1179, 'translations.js', 2, 0, 0, 1, 1, 1, NOW(), NOW()),
  (1180, 'folders.top', 2, 0, 0, 1, 1, 1, NOW(), NOW()),
  (1181, 'folders.caption', 2, 0, 0, 1, 1, 1, NOW(), NOW()),
  (1182, 'folders.header', 2, 0, 0, 1, 1, 1, NOW(), NOW()),
  (1183, 'folders.row', 2, 0, 0, 1, 1, 1, NOW(), NOW()),
  (1184, 'contents.caption', 2, 0, 0, 1, 1, 1, NOW(), NOW()),
  (1185, 'contents.header', 2, 0, 0, 1, 1, 1, NOW(), NOW()),
  (1186, 'contents.row', 2, 0, 0, 1, 1, 1, NOW(), NOW()),
  (1187, 'folders.bottom', 2, 0, 0, 1, 1, 1, NOW(), NOW()),
  (1188, 'folder.create-form', 2, 0, 0, 1, 1, 1, NOW(), NOW()),
  (1189, 'content.create-form', 2, 0, 0, 1, 1, 1, NOW(), NOW()),
  (1190, 'folder.delete-form', 2, 0, 0, 1, 1, 1, NOW(), NOW()),
  (1191, 'content.delete-form', 2, 0, 0, 1, 1, 1, NOW(), NOW()),
  (1192, 'folders.js', 2, 0, 0, 1, 1, 1, NOW(), NOW()),
  (1193, 'template.edit-js', 2, 0, 0, 1, 1, 1, NOW(), NOW()),
  (1194, 'tax.edit-js', 2, 0, 0, 1, 1, 1, NOW(), NOW()),
  (1195, 'hook.edit-js', 2, 0, 0, 1, 1, 1, NOW(), NOW()),
  (1196, 'countries.top', 2, 0, 0, 1, 1, 1, NOW(), NOW()),
  (1197, 'countries.table-header', 2, 0, 0, 1, 1, 1, NOW(), NOW()),
  (1198, 'countries.table-row', 2, 0, 0, 1, 1, 1, NOW(), NOW()),
  (1199, 'countries.bottom', 2, 0, 0, 1, 1, 1, NOW(), NOW()),
  (1200, 'country.create-form', 2, 0, 0, 1, 1, 1, NOW(), NOW()),
  (1201, 'country.delete-form', 2, 0, 0, 1, 1, 1, NOW(), NOW()),
  (1202, 'countries.js', 2, 0, 0, 1, 1, 1, NOW(), NOW()),
  (1203, 'currencies.top', 2, 0, 0, 1, 1, 1, NOW(), NOW()),
  (1204, 'currencies.table-header', 2, 0, 0, 1, 1, 1, NOW(), NOW()),
  (1205, 'currencies.table-row', 2, 0, 0, 1, 1, 1, NOW(), NOW()),
  (1206, 'currencies.bottom', 2, 0, 0, 1, 1, 1, NOW(), NOW()),
  (1207, 'currency.create-form', 2, 0, 0, 1, 1, 1, NOW(), NOW()),
  (1208, 'currency.delete-form', 2, 0, 0, 1, 1, 1, NOW(), NOW()),
  (1209, 'currencies.js', 2, 0, 0, 1, 1, 1, NOW(), NOW()),
  (1210, 'customer.edit', 2, 0, 0, 1, 1, 1, NOW(), NOW()),
  (1211, 'customer.address-create-form', 2, 0, 0, 1, 1, 1, NOW(), NOW()),
  (1212, 'customer.address-update-form', 2, 0, 0, 1, 1, 1, NOW(), NOW()),
  (1213, 'customer.address-delete-form', 2, 0, 0, 1, 1, 1, NOW(), NOW()),
  (1214, 'customer.edit-js', 2, 0, 0, 1, 1, 1, NOW(), NOW()),
  (1215, 'attributes-value.table-header', 2, 0, 0, 1, 1, 1, NOW(), NOW()),
  (1216, 'attributes-value.table-row', 2, 0, 0, 1, 1, 1, NOW(), NOW()),
  (1217, 'attribute-value.create-form', 2, 0, 0, 1, 1, 1, NOW(), NOW()),
  (1218, 'attribute.id-delete-form', 2, 0, 0, 1, 1, 1, NOW(), NOW()),
  (1219, 'attribute.edit-js', 2, 0, 0, 1, 1, 1, NOW(), NOW()),
  (1220, 'profiles.top', 2, 0, 0, 1, 1, 1, NOW(), NOW()),
  (1221, 'profiles.bottom', 2, 0, 0, 1, 1, 1, NOW(), NOW()),
  (1222, 'profile.create-form', 2, 0, 0, 1, 1, 1, NOW(), NOW()),
  (1223, 'profile.delete-form', 2, 0, 0, 1, 1, 1, NOW(), NOW()),
  (1224, 'profiles.js', 2, 0, 0, 1, 1, 1, NOW(), NOW()),
  (1225, 'country.edit-js', 2, 0, 0, 1, 1, 1, NOW(), NOW()),
  (1226, 'profile.edit-js', 2, 0, 0, 1, 1, 1, NOW(), NOW()),
  (1227, 'variable.edit-js', 2, 0, 0, 1, 1, 1, NOW(), NOW()),
  (1228, 'coupon.update-js', 2, 0, 0, 1, 1, 1, NOW(), NOW()),
  (1229, 'coupon.top', 2, 0, 0, 1, 1, 1, NOW(), NOW()),
  (1230, 'coupon.list-caption', 2, 0, 0, 1, 1, 1, NOW(), NOW()),
  (1231, 'coupon.table-header', 2, 0, 0, 1, 1, 1, NOW(), NOW()),
  (1232, 'coupon.table-row', 2, 0, 0, 1, 1, 1, NOW(), NOW()),
  (1233, 'coupon.bottom', 2, 0, 0, 1, 1, 1, NOW(), NOW()),
  (1234, 'coupon.list-js', 2, 0, 0, 1, 1, 1, NOW(), NOW()),
  (1235, 'module.configuration', 2, 1, 0, 1, 1, 1, NOW(), NOW()),
  (1236, 'module.config-js', 2, 0, 0, 1, 1, 1, NOW(), NOW()),
  (1237, 'message.edit-js', 2, 0, 0, 1, 1, 1, NOW(), NOW()),
  (1238, 'image.edit-js', 2, 0, 0, 1, 1, 1, NOW(), NOW()),
  (1239, 'attributes.top', 2, 0, 0, 1, 1, 1, NOW(), NOW()),
  (1240, 'attributes.table-header', 2, 0, 0, 1, 1, 1, NOW(), NOW()),
  (1241, 'attributes.table-row', 2, 0, 0, 1, 1, 1, NOW(), NOW()),
  (1242, 'attributes.bottom', 2, 0, 0, 1, 1, 1, NOW(), NOW()),
  (1243, 'attribute.create-form', 2, 0, 0, 1, 1, 1, NOW(), NOW()),
  (1244, 'attribute.delete-form', 2, 0, 0, 1, 1, 1, NOW(), NOW()),
  (1245, 'attribute.add-to-all-form', 2, 0, 0, 1, 1, 1, NOW(), NOW()),
  (1246, 'attribute.remove-to-all-form', 2, 0, 0, 1, 1, 1, NOW(), NOW()),
  (1247, 'attributes.js', 2, 0, 0, 1, 1, 1, NOW(), NOW()),
  (1248, 'admin-logs.top', 2, 0, 0, 1, 1, 1, NOW(), NOW()),
  (1249, 'admin-logs.bottom', 2, 0, 0, 1, 1, 1, NOW(), NOW()),
  (1250, 'admin-logs.js', 2, 0, 0, 1, 1, 1, NOW(), NOW()),
  (1251, 'folder.edit-js', 2, 0, 0, 1, 1, 1, NOW(), NOW()),
  (1252, 'hooks.top', 2, 0, 0, 1, 1, 1, NOW(), NOW()),
  (1253, 'hooks.table-header', 2, 0, 0, 1, 1, 1, NOW(), NOW()),
  (1254, 'hooks.table-row', 2, 0, 0, 1, 1, 1, NOW(), NOW()),
  (1255, 'hooks.bottom', 2, 0, 0, 1, 1, 1, NOW(), NOW()),
  (1256, 'hook.create-form', 2, 0, 0, 1, 1, 1, NOW(), NOW()),
  (1257, 'hook.delete-form', 2, 0, 0, 1, 1, 1, NOW(), NOW()),
  (1258, 'hooks.js', 2, 0, 0, 1, 1, 1, NOW(), NOW()),
  (1259, 'main.head-css', 2, 0, 0, 1, 1, 1, NOW(), NOW()),
  (1260, 'main.before-topbar', 2, 0, 0, 1, 1, 1, NOW(), NOW()),
  (1261, 'main.inside-topbar', 2, 0, 0, 1, 1, 1, NOW(), NOW()),
  (1262, 'main.after-topbar', 2, 0, 0, 1, 1, 1, NOW(), NOW()),
  (1263, 'main.before-top-menu', 2, 0, 0, 1, 1, 1, NOW(), NOW()),
  (1264, 'main.in-top-menu-items', 2, 0, 0, 1, 1, 1, NOW(), NOW()),
  (1265, 'main.after-top-menu', 2, 0, 0, 1, 1, 1, NOW(), NOW()),
  (1266, 'main.before-footer', 2, 0, 0, 1, 1, 1, NOW(), NOW()),
  (1267, 'main.in-footer', 2, 0, 0, 1, 1, 1, NOW(), NOW()),
  (1268, 'main.after-footer', 2, 0, 0, 1, 1, 1, NOW(), NOW()),
  (1269, 'main.footer-js', 2, 0, 0, 1, 1, 1, NOW(), NOW()),
  (1270, 'main.topbar-top', 2, 0, 1, 1, 1, 1, NOW(), NOW()),
  (1271, 'main.topbar-bottom', 2, 0, 1, 1, 1, 1, NOW(), NOW()),
  (1272, 'main.top-menu-customer', 2, 0, 1, 1, 1, 1, NOW(), NOW()),
  (1273, 'main.top-menu-order', 2, 0, 1, 1, 1, 1, NOW(), NOW()),
  (1274, 'main.top-menu-catalog', 2, 0, 1, 1, 1, 1, NOW(), NOW()),
  (1275, 'main.top-menu-content', 2, 0, 1, 1, 1, 1, NOW(), NOW()),
  (1276, 'main.top-menu-tools', 2, 0, 1, 1, 1, 1, NOW(), NOW()),
  (1277, 'main.top-menu-modules', 2, 0, 1, 1, 1, 1, NOW(), NOW()),
  (1278, 'main.top-menu-configuration', 2, 0, 1, 1, 1, 1, NOW(), NOW()),
  (1279, 'brand.edit-js', 2, 0, 1, 1, 1, 1, NOW(), NOW()),
  (1280, 'home.block', 2, 0, 1, 1, 1, 1, NOW(), NOW()),
  (1281, 'brands.top', 2, 0, 1, 1, 1, 1, NOW(), NOW()),
  (1282, 'brands.table-header', 2, 0, 1, 1, 1, 1, NOW(), NOW()),
  (1283, 'brands.table-row', 2, 0, 1, 1, 1, 1, NOW(), NOW()),
  (1284, 'brands.bottom', 2, 0, 1, 1, 1, 1, NOW(), NOW()),
  (1285, 'brand.create-form', 2, 0, 1, 1, 1, 1, NOW(), NOW()),
  (1286, 'brand.delete-form', 2, 0, 1, 1, 1, 1, NOW(), NOW()),
  (1287, 'brand.js', 2, 0, 1, 1, 1, 1, NOW(), NOW()),
  (1288, 'imports.top', 2, 0, 0, 1, 1, 1, NOW(), NOW()),
  (1289, 'imports.row', 2, 0, 0, 1, 1, 1, NOW(), NOW()),
  (1290, 'imports.bottom', 2, 0, 0, 1, 1, 1, NOW(), NOW()),
  (1291, 'imports.js', 2, 0, 0, 1, 1, 1, NOW(), NOW()),
  (1292, 'import.js', 2, 0, 0, 1, 1, 1, NOW(), NOW()),
  (1293, 'brand.tab-content', 2, 0, 1, 1, 1, 1, NOW(), NOW()),
  (1294, 'customer.orders-table-header', 2, 0, 0, 1, 1, 1, NOW(), NOW()),
  (1295, 'customer.orders-table-row', 2, 0, 0, 1, 1, 1, NOW(), NOW()),

  (2001, 'invoice.css', 3, 0, 0, 1, 1, 1, NOW(), NOW()),
  (2002, 'invoice.header', 3, 0, 0, 1, 1, 1, NOW(), NOW()),
  (2003, 'invoice.footer-top', 3, 0, 0, 1, 1, 1, NOW(), NOW()),
  (2004, 'invoice.imprint', 3, 0, 0, 1, 1, 1, NOW(), NOW()),
  (2005, 'invoice.footer-bottom', 3, 0, 0, 1, 1, 1, NOW(), NOW()),
  (2006, 'invoice.information', 3, 0, 1, 1, 1, 1, NOW(), NOW()),
  (2007, 'invoice.after-information', 3, 0, 0, 1, 1, 1, NOW(), NOW()),
  (2008, 'invoice.delivery-address', 3, 1, 0, 1, 1, 1, NOW(), NOW()),
  (2009, 'invoice.after-addresses', 3, 0, 0, 1, 1, 1, NOW(), NOW()),
  (2010, 'invoice.after-products', 3, 0, 0, 1, 1, 1, NOW(), NOW()),
  (2011, 'invoice.after-summary', 3, 0, 0, 1, 1, 1, NOW(), NOW()),

  (2012, 'delivery.css', 3, 0, 0, 1, 1, 1, NOW(), NOW()),
  (2013, 'delivery.header', 3, 0, 0, 1, 1, 1, NOW(), NOW()),
  (2014, 'delivery.footer-top', 3, 0, 0, 1, 1, 1, NOW(), NOW()),
  (2015, 'delivery.imprint', 3, 0, 0, 1, 1, 1, NOW(), NOW()),
  (2016, 'delivery.footer-bottom', 3, 0, 0, 1, 1, 1, NOW(), NOW()),
  (2017, 'delivery.information', 3, 0, 1, 1, 1, 1, NOW(), NOW()),
  (2018, 'delivery.after-information', 3, 0, 0, 1, 1, 1, NOW(), NOW()),
  (2019, 'delivery.delivery-address', 3, 1, 0, 1, 1, 1, NOW(), NOW()),
  (2020, 'delivery.after-addresses', 3, 0, 0, 1, 1, 1, NOW(), NOW()),
  (2021, 'delivery.after-summary', 3, 0, 0, 1, 1, 1, NOW(), NOW()),

  (2022, 'order-placed.additional-payment-info', 1, 1, 0, 1, 1, 1, NOW(), NOW()),

  (2023, 'wysiwyg.js', 2, 0, 0, 1, 1, 1, NOW(), NOW())
;


INSERT INTO  `hook_i18n` (`id`, `locale`, `title`, `description`, `chapo`) VALUES
  (1, 'ar_SA', NULL, '', ''),
  (2, 'ar_SA', NULL, '', ''),
  (3, 'ar_SA', NULL, '', ''),
  (4, 'ar_SA', NULL, '', ''),
  (5, 'ar_SA', NULL, '', ''),
  (6, 'ar_SA', NULL, '', ''),
  (7, 'ar_SA', NULL, '', ''),
  (8, 'ar_SA', NULL, '', ''),
  (9, 'ar_SA', NULL, '', ''),
  (10, 'ar_SA', NULL, '', ''),
  (11, 'ar_SA', NULL, '', ''),
  (12, 'ar_SA', NULL, '', ''),
  (13, 'ar_SA', NULL, '', ''),
  (14, 'ar_SA', NULL, '', ''),
  (15, 'ar_SA', NULL, '', ''),
  (16, 'ar_SA', NULL, '', ''),
  (17, 'ar_SA', NULL, '', ''),
  (18, 'ar_SA', NULL, '', ''),
  (19, 'ar_SA', NULL, '', ''),
  (20, 'ar_SA', NULL, '', ''),
  (21, 'ar_SA', NULL, '', ''),
  (22, 'ar_SA', NULL, '', ''),
  (23, 'ar_SA', NULL, '', ''),
  (24, 'ar_SA', NULL, '', ''),
  (25, 'ar_SA', NULL, '', ''),
  (26, 'ar_SA', NULL, '', ''),
  (27, 'ar_SA', NULL, '', ''),
  (28, 'ar_SA', NULL, '', ''),
  (29, 'ar_SA', NULL, '', ''),
  (30, 'ar_SA', NULL, '', ''),
  (31, 'ar_SA', NULL, '', ''),
  (32, 'ar_SA', NULL, '', ''),
  (33, 'ar_SA', NULL, '', ''),
  (34, 'ar_SA', NULL, '', ''),
  (35, 'ar_SA', NULL, '', ''),
  (36, 'ar_SA', NULL, '', ''),
  (37, 'ar_SA', NULL, '', ''),
  (38, 'ar_SA', NULL, '', ''),
  (39, 'ar_SA', NULL, '', ''),
  (40, 'ar_SA', NULL, '', ''),
  (41, 'ar_SA', NULL, '', ''),
  (42, 'ar_SA', NULL, '', ''),
  (43, 'ar_SA', NULL, '', ''),
  (44, 'ar_SA', NULL, '', ''),
  (45, 'ar_SA', NULL, '', ''),
  (46, 'ar_SA', NULL, '', ''),
  (47, 'ar_SA', NULL, '', ''),
  (48, 'ar_SA', NULL, '', ''),
  (49, 'ar_SA', NULL, '', ''),
  (50, 'ar_SA', NULL, '', ''),
  (51, 'ar_SA', NULL, '', ''),
  (52, 'ar_SA', NULL, '', ''),
  (53, 'ar_SA', NULL, '', ''),
  (54, 'ar_SA', NULL, '', ''),
  (55, 'ar_SA', NULL, '', ''),
  (56, 'ar_SA', NULL, '', ''),
  (57, 'ar_SA', NULL, '', ''),
  (58, 'ar_SA', NULL, '', ''),
  (59, 'ar_SA', NULL, '', ''),
  (60, 'ar_SA', NULL, '', ''),
  (61, 'ar_SA', NULL, '', ''),
  (62, 'ar_SA', NULL, '', ''),
  (63, 'ar_SA', NULL, '', ''),
  (64, 'ar_SA', NULL, '', ''),
  (65, 'ar_SA', NULL, '', ''),
  (66, 'ar_SA', NULL, '', ''),
  (67, 'ar_SA', NULL, '', ''),
  (68, 'ar_SA', NULL, '', ''),
  (69, 'ar_SA', NULL, '', ''),
  (70, 'ar_SA', NULL, '', ''),
  (71, 'ar_SA', NULL, '', ''),
  (72, 'ar_SA', NULL, '', ''),
  (73, 'ar_SA', NULL, '', ''),
  (74, 'ar_SA', NULL, '', ''),
  (75, 'ar_SA', NULL, '', ''),
  (76, 'ar_SA', NULL, '', ''),
  (77, 'ar_SA', NULL, '', ''),
  (78, 'ar_SA', NULL, '', ''),
  (79, 'ar_SA', NULL, '', ''),
  (80, 'ar_SA', NULL, '', ''),
  (81, 'ar_SA', NULL, '', ''),
  (82, 'ar_SA', NULL, '', ''),
  (83, 'ar_SA', NULL, '', ''),
  (84, 'ar_SA', NULL, '', ''),
  (85, 'ar_SA', NULL, '', ''),
  (86, 'ar_SA', NULL, '', ''),
  (87, 'ar_SA', NULL, '', ''),
  (88, 'ar_SA', NULL, '', ''),
  (89, 'ar_SA', NULL, '', ''),
  (90, 'ar_SA', NULL, '', ''),
  (91, 'ar_SA', NULL, '', ''),
  (92, 'ar_SA', NULL, '', ''),
  (93, 'ar_SA', NULL, '', ''),
  (94, 'ar_SA', NULL, '', ''),
  (95, 'ar_SA', NULL, '', ''),
  (96, 'ar_SA', NULL, '', ''),
  (97, 'ar_SA', NULL, '', ''),
  (98, 'ar_SA', NULL, '', ''),
  (99, 'ar_SA', NULL, '', ''),
  (100, 'ar_SA', NULL, '', ''),
  (101, 'ar_SA', NULL, '', ''),
  (102, 'ar_SA', NULL, '', ''),
  (103, 'ar_SA', NULL, '', ''),
  (104, 'ar_SA', NULL, '', ''),
  (105, 'ar_SA', NULL, '', ''),
  (106, 'ar_SA', NULL, '', ''),
  (107, 'ar_SA', NULL, '', ''),
  (108, 'ar_SA', NULL, '', ''),
  (109, 'ar_SA', NULL, '', ''),
  (110, 'ar_SA', NULL, '', ''),
  (111, 'ar_SA', NULL, '', ''),
  (112, 'ar_SA', NULL, '', ''),
  (113, 'ar_SA', NULL, '', ''),
  (114, 'ar_SA', NULL, '', ''),
  (115, 'ar_SA', NULL, '', ''),
  (116, 'ar_SA', NULL, '', ''),
  (117, 'ar_SA', NULL, '', ''),
  (118, 'ar_SA', NULL, '', ''),
  (119, 'ar_SA', NULL, '', ''),
  (120, 'ar_SA', NULL, '', ''),
  (121, 'ar_SA', NULL, '', ''),
  (122, 'ar_SA', NULL, '', ''),
  (123, 'ar_SA', NULL, '', ''),
  (124, 'ar_SA', NULL, '', ''),
  (125, 'ar_SA', NULL, '', ''),
  (126, 'ar_SA', NULL, '', ''),
  (127, 'ar_SA', NULL, '', ''),
  (128, 'ar_SA', NULL, '', ''),
  (129, 'ar_SA', NULL, '', ''),
  (130, 'ar_SA', NULL, '', ''),
  (131, 'ar_SA', NULL, '', ''),
  (132, 'ar_SA', NULL, '', ''),
  (133, 'ar_SA', NULL, '', ''),
  (134, 'ar_SA', NULL, '', ''),
  (135, 'ar_SA', NULL, '', ''),
  (136, 'ar_SA', NULL, '', ''),
  (137, 'ar_SA', NULL, '', ''),
  (138, 'ar_SA', NULL, '', ''),
  (139, 'ar_SA', NULL, '', ''),
  (140, 'ar_SA', NULL, '', ''),
  (141, 'ar_SA', NULL, '', ''),
  (142, 'ar_SA', NULL, '', ''),
  (143, 'ar_SA', NULL, '', ''),
  (144, 'ar_SA', NULL, '', ''),
  (145, 'ar_SA', NULL, '', ''),
  (146, 'ar_SA', NULL, '', ''),
  (147, 'ar_SA', NULL, '', ''),
  (148, 'ar_SA', NULL, '', ''),
  (149, 'ar_SA', NULL, '', ''),
  (150, 'ar_SA', NULL, '', ''),
  (151, 'ar_SA', NULL, '', ''),
  (152, 'ar_SA', NULL, '', ''),
  (153, 'ar_SA', NULL, '', ''),
  (154, 'ar_SA', NULL, '', ''),
  (155, 'ar_SA', NULL, '', ''),
  (156, 'ar_SA', NULL, '', ''),
  (157, 'ar_SA', NULL, '', ''),
  (158, 'ar_SA', NULL, '', ''),
  (159, 'ar_SA', NULL, '', ''),
  (160, 'ar_SA', NULL, '', ''),
  (161, 'ar_SA', NULL, '', ''),
  (162, 'ar_SA', NULL, '', ''),
  (163, 'ar_SA', NULL, '', ''),
  (164, 'ar_SA', NULL, '', ''),
  (165, 'ar_SA', NULL, '', ''),
  (166, 'ar_SA', NULL, '', ''),
  (167, 'ar_SA', NULL, '', ''),
  (168, 'ar_SA', NULL, '', ''),
  (169, 'ar_SA', NULL, '', ''),
  (170, 'ar_SA', NULL, '', ''),
  (171, 'ar_SA', NULL, '', ''),
  (172, 'ar_SA', NULL, '', ''),
  (173, 'ar_SA', NULL, '', ''),
  (174, 'ar_SA', NULL, '', ''),
  (175, 'ar_SA', NULL, '', ''),
  (176, 'ar_SA', NULL, '', ''),
  (177, 'ar_SA', NULL, '', ''),
  (178, 'ar_SA', NULL, '', ''),
  (179, 'ar_SA', NULL, '', ''),
  (180, 'ar_SA', NULL, '', ''),
  (181, 'ar_SA', NULL, '', ''),
  (182, 'ar_SA', NULL, '', ''),
  (183, 'ar_SA', NULL, '', ''),
  (184, 'ar_SA', NULL, '', ''),
  (185, 'ar_SA', NULL, '', ''),
  (186, 'ar_SA', NULL, '', ''),
  (1000, 'ar_SA', NULL, '', ''),
  (1001, 'ar_SA', NULL, '', ''),
  (1002, 'ar_SA', NULL, '', ''),
  (1003, 'ar_SA', NULL, '', ''),
  (1004, 'ar_SA', NULL, '', ''),
  (1005, 'ar_SA', NULL, '', ''),
  (1006, 'ar_SA', NULL, '', ''),
  (1007, 'ar_SA', NULL, '', ''),
  (1008, 'ar_SA', NULL, '', ''),
  (1009, 'ar_SA', NULL, '', ''),
  (1010, 'ar_SA', NULL, '', ''),
  (1011, 'ar_SA', NULL, '', ''),
  (1012, 'ar_SA', NULL, '', ''),
  (1013, 'ar_SA', NULL, '', ''),
  (1014, 'ar_SA', NULL, '', ''),
  (1015, 'ar_SA', NULL, '', ''),
  (1016, 'ar_SA', NULL, '', ''),
  (1017, 'ar_SA', NULL, '', ''),
  (1018, 'ar_SA', NULL, '', ''),
  (1019, 'ar_SA', NULL, '', ''),
  (1020, 'ar_SA', NULL, '', ''),
  (1021, 'ar_SA', NULL, '', ''),
  (1022, 'ar_SA', NULL, '', ''),
  (1023, 'ar_SA', NULL, '', ''),
  (1024, 'ar_SA', NULL, '', ''),
  (1025, 'ar_SA', NULL, '', ''),
  (1026, 'ar_SA', NULL, '', ''),
  (1027, 'ar_SA', NULL, '', ''),
  (1028, 'ar_SA', NULL, '', ''),
  (1029, 'ar_SA', NULL, '', ''),
  (1030, 'ar_SA', NULL, '', ''),
  (1031, 'ar_SA', NULL, '', ''),
  (1032, 'ar_SA', NULL, '', ''),
  (1033, 'ar_SA', NULL, '', ''),
  (1034, 'ar_SA', NULL, '', ''),
  (1035, 'ar_SA', NULL, '', ''),
  (1036, 'ar_SA', NULL, '', ''),
  (1037, 'ar_SA', NULL, '', ''),
  (1038, 'ar_SA', NULL, '', ''),
  (1039, 'ar_SA', NULL, '', ''),
  (1040, 'ar_SA', NULL, '', ''),
  (1041, 'ar_SA', NULL, '', ''),
  (1042, 'ar_SA', NULL, '', ''),
  (1043, 'ar_SA', NULL, '', ''),
  (1044, 'ar_SA', NULL, '', ''),
  (1045, 'ar_SA', NULL, '', ''),
  (1046, 'ar_SA', NULL, '', ''),
  (1047, 'ar_SA', NULL, '', ''),
  (1048, 'ar_SA', NULL, '', ''),
  (1049, 'ar_SA', NULL, '', ''),
  (1050, 'ar_SA', NULL, '', ''),
  (1051, 'ar_SA', NULL, '', ''),
  (1052, 'ar_SA', NULL, '', ''),
  (1053, 'ar_SA', NULL, '', ''),
  (1054, 'ar_SA', NULL, '', ''),
  (1055, 'ar_SA', NULL, '', ''),
  (1056, 'ar_SA', NULL, '', ''),
  (1057, 'ar_SA', NULL, '', ''),
  (1058, 'ar_SA', NULL, '', ''),
  (1059, 'ar_SA', NULL, '', ''),
  (1060, 'ar_SA', NULL, '', ''),
  (1061, 'ar_SA', NULL, '', ''),
  (1062, 'ar_SA', NULL, '', ''),
  (1063, 'ar_SA', NULL, '', ''),
  (1064, 'ar_SA', NULL, '', ''),
  (1065, 'ar_SA', NULL, '', ''),
  (1066, 'ar_SA', NULL, '', ''),
  (1067, 'ar_SA', NULL, '', ''),
  (1068, 'ar_SA', NULL, '', ''),
  (1069, 'ar_SA', NULL, '', ''),
  (1070, 'ar_SA', NULL, '', ''),
  (1071, 'ar_SA', NULL, '', ''),
  (1072, 'ar_SA', NULL, '', ''),
  (1073, 'ar_SA', NULL, '', ''),
  (1074, 'ar_SA', NULL, '', ''),
  (1075, 'ar_SA', NULL, '', ''),
  (1076, 'ar_SA', NULL, '', ''),
  (1077, 'ar_SA', NULL, '', ''),
  (1078, 'ar_SA', NULL, '', ''),
  (1079, 'ar_SA', NULL, '', ''),
  (1080, 'ar_SA', NULL, '', ''),
  (1081, 'ar_SA', NULL, '', ''),
  (1082, 'ar_SA', NULL, '', ''),
  (1083, 'ar_SA', NULL, '', ''),
  (1084, 'ar_SA', NULL, '', ''),
  (1085, 'ar_SA', NULL, '', ''),
  (1086, 'ar_SA', NULL, '', ''),
  (1087, 'ar_SA', NULL, '', ''),
  (1088, 'ar_SA', NULL, '', ''),
  (1089, 'ar_SA', NULL, '', ''),
  (1090, 'ar_SA', NULL, '', ''),
  (1091, 'ar_SA', NULL, '', ''),
  (1092, 'ar_SA', NULL, '', ''),
  (1093, 'ar_SA', NULL, '', ''),
  (1094, 'ar_SA', NULL, '', ''),
  (1095, 'ar_SA', NULL, '', ''),
  (1096, 'ar_SA', NULL, '', ''),
  (1097, 'ar_SA', NULL, '', ''),
  (1098, 'ar_SA', NULL, '', ''),
  (1099, 'ar_SA', NULL, '', ''),
  (1100, 'ar_SA', NULL, '', ''),
  (1101, 'ar_SA', NULL, '', ''),
  (1102, 'ar_SA', NULL, '', ''),
  (1103, 'ar_SA', NULL, '', ''),
  (1104, 'ar_SA', NULL, '', ''),
  (1105, 'ar_SA', NULL, '', ''),
  (1106, 'ar_SA', NULL, '', ''),
  (1107, 'ar_SA', NULL, '', ''),
  (1108, 'ar_SA', NULL, '', ''),
  (1109, 'ar_SA', NULL, '', ''),
  (1110, 'ar_SA', NULL, '', ''),
  (1111, 'ar_SA', NULL, '', ''),
  (1112, 'ar_SA', NULL, '', ''),
  (1113, 'ar_SA', NULL, '', ''),
  (1114, 'ar_SA', NULL, '', ''),
  (1115, 'ar_SA', NULL, '', ''),
  (1116, 'ar_SA', NULL, '', ''),
  (1117, 'ar_SA', NULL, '', ''),
  (1118, 'ar_SA', NULL, '', ''),
  (1119, 'ar_SA', NULL, '', ''),
  (1120, 'ar_SA', NULL, '', ''),
  (1121, 'ar_SA', NULL, '', ''),
  (1122, 'ar_SA', NULL, '', ''),
  (1123, 'ar_SA', NULL, '', ''),
  (1124, 'ar_SA', NULL, '', ''),
  (1125, 'ar_SA', NULL, '', ''),
  (1126, 'ar_SA', NULL, '', ''),
  (1127, 'ar_SA', NULL, '', ''),
  (1128, 'ar_SA', NULL, '', ''),
  (1129, 'ar_SA', NULL, '', ''),
  (1130, 'ar_SA', NULL, '', ''),
  (1131, 'ar_SA', NULL, '', ''),
  (1132, 'ar_SA', NULL, '', ''),
  (1133, 'ar_SA', NULL, '', ''),
  (1134, 'ar_SA', NULL, '', ''),
  (1135, 'ar_SA', NULL, '', ''),
  (1136, 'ar_SA', NULL, '', ''),
  (1137, 'ar_SA', NULL, '', ''),
  (1138, 'ar_SA', NULL, '', ''),
  (1139, 'ar_SA', NULL, '', ''),
  (1140, 'ar_SA', NULL, '', ''),
  (1141, 'ar_SA', NULL, '', ''),
  (1142, 'ar_SA', NULL, '', ''),
  (1143, 'ar_SA', NULL, '', ''),
  (1144, 'ar_SA', NULL, '', ''),
  (1145, 'ar_SA', NULL, '', ''),
  (1146, 'ar_SA', NULL, '', ''),
  (1147, 'ar_SA', NULL, '', ''),
  (1148, 'ar_SA', NULL, '', ''),
  (1149, 'ar_SA', NULL, '', ''),
  (1150, 'ar_SA', NULL, '', ''),
  (1151, 'ar_SA', NULL, '', ''),
  (1152, 'ar_SA', NULL, '', ''),
  (1153, 'ar_SA', NULL, '', ''),
  (1154, 'ar_SA', NULL, '', ''),
  (1155, 'ar_SA', NULL, '', ''),
  (1156, 'ar_SA', NULL, '', ''),
  (1157, 'ar_SA', NULL, '', ''),
  (1158, 'ar_SA', NULL, '', ''),
  (1159, 'ar_SA', NULL, '', ''),
  (1160, 'ar_SA', NULL, '', ''),
  (1161, 'ar_SA', NULL, '', ''),
  (1162, 'ar_SA', NULL, '', ''),
  (1163, 'ar_SA', NULL, '', ''),
  (1164, 'ar_SA', NULL, '', ''),
  (1165, 'ar_SA', NULL, '', ''),
  (1166, 'ar_SA', NULL, '', ''),
  (1167, 'ar_SA', NULL, '', ''),
  (1168, 'ar_SA', NULL, '', ''),
  (1169, 'ar_SA', NULL, '', ''),
  (1170, 'ar_SA', NULL, '', ''),
  (1171, 'ar_SA', NULL, '', ''),
  (1172, 'ar_SA', NULL, '', ''),
  (1173, 'ar_SA', NULL, '', ''),
  (1174, 'ar_SA', NULL, '', ''),
  (1175, 'ar_SA', NULL, '', ''),
  (1176, 'ar_SA', NULL, '', ''),
  (1177, 'ar_SA', NULL, '', ''),
  (1178, 'ar_SA', NULL, '', ''),
  (1179, 'ar_SA', NULL, '', ''),
  (1180, 'ar_SA', NULL, '', ''),
  (1181, 'ar_SA', NULL, '', ''),
  (1182, 'ar_SA', NULL, '', ''),
  (1183, 'ar_SA', NULL, '', ''),
  (1184, 'ar_SA', NULL, '', ''),
  (1185, 'ar_SA', NULL, '', ''),
  (1186, 'ar_SA', NULL, '', ''),
  (1187, 'ar_SA', NULL, '', ''),
  (1188, 'ar_SA', NULL, '', ''),
  (1189, 'ar_SA', NULL, '', ''),
  (1190, 'ar_SA', NULL, '', ''),
  (1191, 'ar_SA', NULL, '', ''),
  (1192, 'ar_SA', NULL, '', ''),
  (1193, 'ar_SA', NULL, '', ''),
  (1194, 'ar_SA', NULL, '', ''),
  (1195, 'ar_SA', NULL, '', ''),
  (1196, 'ar_SA', NULL, '', ''),
  (1197, 'ar_SA', NULL, '', ''),
  (1198, 'ar_SA', NULL, '', ''),
  (1199, 'ar_SA', NULL, '', ''),
  (1200, 'ar_SA', NULL, '', ''),
  (1201, 'ar_SA', NULL, '', ''),
  (1202, 'ar_SA', NULL, '', ''),
  (1203, 'ar_SA', NULL, '', ''),
  (1204, 'ar_SA', NULL, '', ''),
  (1205, 'ar_SA', NULL, '', ''),
  (1206, 'ar_SA', NULL, '', ''),
  (1207, 'ar_SA', NULL, '', ''),
  (1208, 'ar_SA', NULL, '', ''),
  (1209, 'ar_SA', NULL, '', ''),
  (1210, 'ar_SA', NULL, '', ''),
  (1211, 'ar_SA', NULL, '', ''),
  (1212, 'ar_SA', NULL, '', ''),
  (1213, 'ar_SA', NULL, '', ''),
  (1214, 'ar_SA', NULL, '', ''),
  (1215, 'ar_SA', NULL, '', ''),
  (1216, 'ar_SA', NULL, '', ''),
  (1217, 'ar_SA', NULL, '', ''),
  (1218, 'ar_SA', NULL, '', ''),
  (1219, 'ar_SA', NULL, '', ''),
  (1220, 'ar_SA', NULL, '', ''),
  (1221, 'ar_SA', NULL, '', ''),
  (1222, 'ar_SA', NULL, '', ''),
  (1223, 'ar_SA', NULL, '', ''),
  (1224, 'ar_SA', NULL, '', ''),
  (1225, 'ar_SA', NULL, '', ''),
  (1226, 'ar_SA', NULL, '', ''),
  (1227, 'ar_SA', NULL, '', ''),
  (1228, 'ar_SA', NULL, '', ''),
  (1229, 'ar_SA', NULL, '', ''),
  (1230, 'ar_SA', NULL, '', ''),
  (1231, 'ar_SA', NULL, '', ''),
  (1232, 'ar_SA', NULL, '', ''),
  (1233, 'ar_SA', NULL, '', ''),
  (1234, 'ar_SA', NULL, '', ''),
  (1235, 'ar_SA', NULL, '', ''),
  (1236, 'ar_SA', NULL, '', ''),
  (1237, 'ar_SA', NULL, '', ''),
  (1238, 'ar_SA', NULL, '', ''),
  (1239, 'ar_SA', NULL, '', ''),
  (1240, 'ar_SA', NULL, '', ''),
  (1241, 'ar_SA', NULL, '', ''),
  (1242, 'ar_SA', NULL, '', ''),
  (1243, 'ar_SA', NULL, '', ''),
  (1244, 'ar_SA', NULL, '', ''),
  (1245, 'ar_SA', NULL, '', ''),
  (1246, 'ar_SA', NULL, '', ''),
  (1247, 'ar_SA', NULL, '', ''),
  (1248, 'ar_SA', NULL, '', ''),
  (1249, 'ar_SA', NULL, '', ''),
  (1250, 'ar_SA', NULL, '', ''),
  (1251, 'ar_SA', NULL, '', ''),
  (1252, 'ar_SA', NULL, '', ''),
  (1253, 'ar_SA', NULL, '', ''),
  (1254, 'ar_SA', NULL, '', ''),
  (1255, 'ar_SA', NULL, '', ''),
  (1256, 'ar_SA', NULL, '', ''),
  (1257, 'ar_SA', NULL, '', ''),
  (1258, 'ar_SA', NULL, '', ''),
  (1259, 'ar_SA', NULL, '', ''),
  (1260, 'ar_SA', NULL, '', ''),
  (1261, 'ar_SA', NULL, '', ''),
  (1262, 'ar_SA', NULL, '', ''),
  (1263, 'ar_SA', NULL, '', ''),
  (1264, 'ar_SA', NULL, '', ''),
  (1265, 'ar_SA', NULL, '', ''),
  (1266, 'ar_SA', NULL, '', ''),
  (1267, 'ar_SA', NULL, '', ''),
  (1268, 'ar_SA', NULL, '', ''),
  (1269, 'ar_SA', NULL, '', ''),
  (1270, 'ar_SA', NULL, '', ''),
  (1271, 'ar_SA', NULL, '', ''),
  (1272, 'ar_SA', NULL, '', ''),
  (1273, 'ar_SA', NULL, '', ''),
  (1274, 'ar_SA', NULL, '', ''),
  (1275, 'ar_SA', NULL, '', ''),
  (1276, 'ar_SA', NULL, '', ''),
  (1277, 'ar_SA', NULL, '', ''),
  (1278, 'ar_SA', NULL, '', ''),
  (1279, 'ar_SA', NULL, '', ''),
  (1280, 'ar_SA', NULL, '', ''),
  (1281, 'ar_SA', NULL, '', ''),
  (1282, 'ar_SA', NULL, '', ''),
  (1283, 'ar_SA', NULL, '', ''),
  (1284, 'ar_SA', NULL, '', ''),
  (1285, 'ar_SA', NULL, '', ''),
  (1286, 'ar_SA', NULL, '', ''),
  (1287, 'ar_SA', NULL, '', ''),
  (1288, 'ar_SA', NULL, '', ''),
  (1289, 'ar_SA', NULL, '', ''),
  (1290, 'ar_SA', NULL, '', ''),
  (1291, 'ar_SA', NULL, '', ''),
  (1292, 'ar_SA', NULL, '', ''),
  (1293, 'ar_SA', NULL, '', ''),
  (1294, 'ar_SA', NULL, '', ''),
  (1295, 'ar_SA', NULL, '', ''),

  (2001, 'ar_SA', NULL, '', ''),
  (2002, 'ar_SA', NULL, '', ''),
  (2003, 'ar_SA', NULL, '', ''),
  (2004, 'ar_SA', NULL, '', ''),
  (2005, 'ar_SA', NULL, '', ''),
  (2006, 'ar_SA', NULL, '', ''),
  (2007, 'ar_SA', NULL, '', ''),
  (2008, 'ar_SA', NULL, '', ''),
  (2009, 'ar_SA', NULL, '', ''),
  (2010, 'ar_SA', NULL, '', ''),
  (2011, 'ar_SA', NULL, '', ''),
  (2012, 'ar_SA', NULL, '', ''),
  (2013, 'ar_SA', NULL, '', ''),
  (2014, 'ar_SA', NULL, '', ''),
  (2015, 'ar_SA', NULL, '', ''),
  (2016, 'ar_SA', NULL, '', ''),
  (2017, 'ar_SA', NULL, '', ''),
  (2018, 'ar_SA', NULL, '', ''),
  (2019, 'ar_SA', NULL, '', ''),
  (2020, 'ar_SA', NULL, '', ''),
  (2021, 'ar_SA', NULL, '', ''),

  (2022, 'ar_SA', NULL, '', ''),

  (2023, 'ar_SA', NULL, '', ''),
  (1, 'de_DE', 'Bezahlungsmethode - oben', '', ''),
  (2, 'de_DE', 'Bezahlungsmethode - Lieferadresse', '', ''),
  (3, 'de_DE', 'Bezahlungsmethode - extra payment zone', '', ''),
  (4, 'de_DE', 'Bezahlungsmethode - unten', '', ''),
  (5, 'de_DE', 'Bezahlungsmethode - nach der Initialisierung von Javascript', '', ''),
  (6, 'de_DE', 'Bezahlungsmethode - CSS-Stylesheet', '', ''),
  (7, 'de_DE', 'Bezahlungsmethode - Nach Integration von JavaScript', '', ''),
  (8, 'de_DE', 'Zahlung-Gateway - Hauptbereich', '', ''),
  (9, 'de_DE', 'Zahlung-Gateway - Javascript', '', ''),
  (10, 'de_DE', 'Zahlung-Gateway - nach der Initialisierung von Javascript', '', ''),
  (11, 'de_DE', 'Zahlung-Gateway - CSS-Stylesheet', '', ''),
  (12, 'de_DE', 'Zahlung-Gateway - Nach Integration von JavaScript', '', ''),
  (13, 'de_DE', 'Sitemap - unten', '', ''),
  (14, 'de_DE', 'Währungswahl-Seite - oben', '', ''),
  (15, 'de_DE', 'Währungswahl-Seite - unten', '', ''),
  (16, 'de_DE', 'Währungswahl-Seite - CSS-Stylesheet', '', ''),
  (17, 'de_DE', 'Währungswahl-Seite - Nach Integration von JavaScript', '', ''),
  (18, 'de_DE', 'Währungswahl-Seite - nach der Initialisierung von Javascript', '', ''),
  (19, 'de_DE', 'Anmeldeseite - oben', '', ''),
  (20, 'de_DE', 'Anmeldeseite - oben an dem Hauptbereich', '', ''),
  (21, 'de_DE', 'Anmeldeseite - oben im Formular', '', ''),
  (22, 'de_DE', 'Anmeldeseite - unten an dem Formular', '', ''),
  (23, 'de_DE', 'Anmeldeseite - unten an dem Hauptbereich', '', ''),
  (24, 'de_DE', 'Anmeldeseite - unten', '', ''),
  (25, 'de_DE', 'Anmeldeseite - CSS-Stylesheet', '', ''),
  (26, 'de_DE', 'Anmeldeseite - Nach Integration von JavaScript', '', ''),
  (27, 'de_DE', 'Anmeldeseite - nach der Initialisierung von Javascript', '', ''),
  (28, 'de_DE', 'Kundenkonto Änderung - oben', '', ''),
  (29, 'de_DE', 'Kundenkonto Änderung - oben im Formular', '', ''),
  (30, 'de_DE', 'Kundenkonto Änderung - unten an dem Formular', '', ''),
  (31, 'de_DE', 'Kundenkonto Änderung - unten', '', ''),
  (32, 'de_DE', 'Kundenkonto Änderung - CSS-Stylesheet', '', ''),
  (33, 'de_DE', 'Kundenkonto Änderung - Nach Integration von JavaScript', '', ''),
  (34, 'de_DE', 'Kundenkonto Änderung - nach der Initialisierung von Javascript', '', ''),
  (35, 'de_DE', 'Warenkorb - oben ', '', ''),
  (36, 'de_DE', 'Warenkorb - unten', '', ''),
  (37, 'de_DE', 'Warenkorb - Nach Integration von JavaScript', '', ''),
  (38, 'de_DE', 'Warenkorb - CSS-Stylesheet', '', ''),
  (39, 'de_DE', 'Warenkorb - Initialisierung von Javascript', '', ''),
  (40, 'de_DE', 'Kontaktseite - oben', '', ''),
  (41, 'de_DE', 'Kontaktseite - oben an dem Formular', '', ''),
  (42, 'de_DE', 'Kontaktseite - unten an dem Formular', '', ''),
  (43, 'de_DE', 'Kontaktseite - unten', '', ''),
  (44, 'de_DE', 'Kontaktseite - CSS-Stylesheet', '', ''),
  (45, 'de_DE', 'Kontaktseite - Nach Integration von JavaScript', '', ''),
  (46, 'de_DE', 'Kontaktseite - nach der Initialisierung von Javascript', '', ''),
  (47, 'de_DE', 'Erteilten Auftrag - Hauptbereich', '', ''),
  (48, 'de_DE', 'Erteilten Auftrag - CSS-Stylesheet', '', ''),
  (49, 'de_DE', 'Erteilten Auftrag - nach Integration von JavaScript', '', ''),
  (50, 'de_DE', 'Erteilten Auftrag - nach der Initialisierung von Javascript', '', ''),
  (51, 'de_DE', 'Suche-Seite - CSS-Stylesheet', '', ''),
  (52, 'de_DE', 'Suche-Seite - Nach Integration von JavaScript', '', ''),
  (53, 'de_DE', 'Suche-Seite - nach der Initialisierung von Javascript', '', ''),
  (54, 'de_DE', 'Konto-Erstellung - oben', '', ''),
  (55, 'de_DE', 'Konto-Erstellung - oben im Formular', '', ''),
  (56, 'de_DE', 'Konto-Erstellung - unten an dem Formular', '', ''),
  (57, 'de_DE', 'Konto-Erstellung - unten', '', ''),
  (58, 'de_DE', 'Konto-Erstellung - CSS-Stylesheet', '', ''),
  (59, 'de_DE', 'Konto-Erstellung - Nach Integration von JavaScript', '', ''),
  (60, 'de_DE', 'Konto-Erstellung - nach der Initialisierung von Javascript', '', ''),
  (61, 'de_DE', 'Passwort verloren - oben', '', ''),
  (62, 'de_DE', 'Passwort verloren - oben im Formular', '', ''),
  (63, 'de_DE', 'Passwort verloren - unten an dem Formular', '', ''),
  (64, 'de_DE', 'Passwort verloren - unten', '', ''),
  (65, 'de_DE', 'Passwort verloren - CSS-Stylesheet', '', ''),
  (66, 'de_DE', 'Passwort verloren - Nach Integration von JavaScript', '', ''),
  (67, 'de_DE', 'Passwort verloren - Initialisierung von Javascript', '', ''),
  (68, 'de_DE', 'Sprachwahl Seite - oben', '', ''),
  (69, 'de_DE', 'Sprachwahl Seite - unten', '', ''),
  (70, 'de_DE', 'Sprachwahl Seite - CSS-Stylesheet', '', ''),
  (71, 'de_DE', 'Sprachwahl Seite - Nach Integration von JavaScript', '', ''),
  (72, 'de_DE', 'Sprachwahl Seite - nach der Initialisierung von Javascript', '', ''),
  (73, 'de_DE', 'Kontaktseite - wenn erfolgreich', '', ''),
  (74, 'de_DE', 'Newletter-Seite - oben', '', ''),
  (75, 'de_DE', 'Newletter-Seite - unten', '', ''),
  (76, 'de_DE', 'Newletter-Seite - CSS-Stylesheet', '', ''),
  (77, 'de_DE', 'Newletter-Seite - Nach Integration von JavaScript', '', ''),
  (78, 'de_DE', 'Newletter-Seite - nach der Initialisierung von Javascript', '', ''),
  (79, 'de_DE', 'Bezahlungs-Fehlschlagen - CSS-Stylesheet', '', ''),
  (80, 'de_DE', 'Bezahlungs-Fehlschlagen - Nach Integration von JavaScript', '', ''),
  (81, 'de_DE', 'Bezahlungs-Fehlschlagen - Initialisierung von Javascript', '', ''),
  (82, 'de_DE', 'Inhaltseite - oben', '', ''),
  (83, 'de_DE', 'Inhaltseite - oben an dem Hauptbereich', '', ''),
  (84, 'de_DE', 'Inhaltseite - unten an dem Hauptbereich', '', ''),
  (85, 'de_DE', 'Inhaltseite - unten', '', ''),
  (86, 'de_DE', 'Inhaltseite - CSS-Stylesheet', '', ''),
  (87, 'de_DE', 'Inhaltseite - Nach Integration von JavaScript', '', ''),
  (88, 'de_DE', 'Inhaltseite - nach der Initialisierung von Javascript', '', ''),
  (89, 'de_DE', 'HTML Struktur - nach der Eröffnung des Head-Tag', '', ''),
  (90, 'de_DE', 'HTML Struktur - CSS-Stylesheet', '', ''),
  (91, 'de_DE', 'HTML Struktur - vor dem Ende des Head-Tag', '', ''),
  (92, 'de_DE', 'HTML Struktur - nach der Eröffnung des Body-Tag', '', ''),
  (93, 'de_DE', 'HTML Struktur - oben an dem Header', '', ''),
  (94, 'de_DE', 'HTML Struktur - Sekundärenavigation', '', ''),
  (95, 'de_DE', 'HTML Struktur - Hauptnavigation', '', ''),
  (96, 'de_DE', 'HTML Struktur - unten an dem Header', '', ''),
  (97, 'de_DE', 'HTML Struktur - vor dem Hauptinhaltsbereich', '', ''),
  (98, 'de_DE', 'HTML Struktur - nach dem Hauptinhaltsbereich', '', ''),
  (99, 'de_DE', 'HTML Struktur - oben an dem Footer', '', ''),
  (100, 'de_DE', 'HTML Struktur - Footer Body', '', ''),
  (101, 'de_DE', 'HTML Struktur - unten an dem Footer', '', ''),
  (102, 'de_DE', 'HTML Struktur - Nach Integration von JavaScript', '', ''),
  (103, 'de_DE', 'HTML Struktur - Initialisierung von Javascript', '', ''),
  (104, 'de_DE', 'HTML Struktur - vor dem Ende des Body-Tag', '', ''),
  (105, 'de_DE', 'Seite nicht gefunden - Inhalts-Bereich', '', ''),
  (106, 'de_DE', 'Seite nicht gefunden - CSS-Stylesheet', '', ''),
  (107, 'de_DE', 'Seite nicht gefunden - Nach Integration von JavaScript', '', ''),
  (108, 'de_DE', 'Seite nicht gefunden - nach der Initialisierung von Javascript', '', ''),
  (109, 'de_DE', 'Lieferwahl - oben', '', ''),
  (110, 'de_DE', 'Lieferwahl - oben an dem Formular', '', ''),
  (111, 'de_DE', 'Lieferwahl - unten an dem Formular', '', ''),
  (112, 'de_DE', 'Lieferwahl - unten', '', ''),
  (113, 'de_DE', 'Lieferwahl - nach der Initialisierung von Javascript', '', ''),
  (114, 'de_DE', 'Lieferwahl - CSS-Stylesheet', '', ''),
  (115, 'de_DE', 'Lieferwahl - Nach Integration von JavaScript', '', ''),
  (116, 'de_DE', 'Adresse Erstellung - oben', '', ''),
  (117, 'de_DE', 'Adresse Erstellung - oben im Formular', '', ''),
  (118, 'de_DE', 'Adresse Erstellung - unten im Formular', '', ''),
  (119, 'de_DE', 'Adresse Erstellung - unten', '', ''),
  (120, 'de_DE', 'Adresse Erstellung - CSS-Stylesheet', '', ''),
  (121, 'de_DE', 'Adresse Erstellung - nach der Integration von Javascript', '', ''),
  (122, 'de_DE', 'Adresse Erstellung - nach der Initialisierung von Javascript', '', ''),
  (123, 'de_DE', 'Ordnerseite - oben', '', ''),
  (124, 'de_DE', 'Ordnerseite - oben an dem Hauptbereich', '', ''),
  (125, 'de_DE', 'Ordnerseite - unten an dem Hauptbereich', '', ''),
  (126, 'de_DE', 'Ordnerseite - unten', '', ''),
  (127, 'de_DE', 'Ordnerseite - CSS-Stylesheet', '', ''),
  (128, 'de_DE', 'Ordnerseite - Nach Integration von JavaScript', '', ''),
  (129, 'de_DE', 'Ordnerseite - nach der Initialisierung von Javascript', '', ''),
  (130, 'de_DE', 'Fehlschlag der Bestellung - oben', '', ''),
  (131, 'de_DE', 'Fehlschlag der Bestellung - unten', '', ''),
  (132, 'de_DE', 'Fehlschlag der Bestellung - CSS-Stylesheet', '', ''),
  (133, 'de_DE', 'Fehlschlag der Bestellung - Nach Integration von JavaScript', '', ''),
  (134, 'de_DE', 'Fehlschlag der Bestellung - nach der Initialisierung von Javascript', '', ''),
  (135, 'de_DE', 'Kategorieseite - oben', '', ''),
  (136, 'de_DE', 'Kategorieseite - oben an dem Hauptbereich', '', ''),
  (137, 'de_DE', 'Kategorieseite - unten an dem Hauptbereich', '', ''),
  (138, 'de_DE', 'Kategorieseite - unten', '', ''),
  (139, 'de_DE', 'Kategorieseite - CSS-Stylesheet', '', ''),
  (140, 'de_DE', 'Kategorieseite - Nach Integration von JavaScript', '', ''),
  (141, 'de_DE', 'Kategorieseite - nach der Initialisierung von Javascript', '', ''),
  (142, 'de_DE', 'Adresseänderung - oben', '', ''),
  (143, 'de_DE', 'Adresseänderung - oben im Formular', '', ''),
  (144, 'de_DE', 'Adresseänderung - unten im Formular', '', ''),
  (145, 'de_DE', 'Adresseänderung - unten', '', ''),
  (146, 'de_DE', 'Adresseänderung - CSS-Stylesheet', '', ''),
  (147, 'de_DE', 'Adresseänderung - nach der Integration von Javascript', '', ''),
  (148, 'de_DE', 'Adresseänderung - nach der Initialisierung von Javascript', '', ''),
  (149, 'de_DE', 'Startseite - Hauptbereich', '', ''),
  (150, 'de_DE', 'Startseite - CSS-Stylesheet', '', ''),
  (151, 'de_DE', 'Startseite - Nach Integration von JavaScript', '', ''),
  (152, 'de_DE', 'Startseite - nach der Initialisierung von Javascript', '', ''),
  (153, 'de_DE', 'Passwort Änderung - oben', '', ''),
  (154, 'de_DE', 'Passwort Änderung - unten', '', ''),
  (155, 'de_DE', 'Passwort Änderung - CSS-Stylesheet', '', ''),
  (156, 'de_DE', 'Passwort Änderung - Nach Integration von JavaScript', '', ''),
  (157, 'de_DE', 'Passwort Änderung - nach der Initialisierung von Javascript', '', ''),
  (158, 'de_DE', 'Produktseite - oben', '', ''),
  (159, 'de_DE', 'Produktseite - Bilder-Gallerie', '', ''),
  (160, 'de_DE', 'Produktseite - oben dem Details-Bereich', '', ''),
  (161, 'de_DE', 'Produktseite - unten dem Details-Bereich', '', ''),
  (162, 'de_DE', 'Produktseite - erweitere Informationen', '', ''),
  (163, 'de_DE', 'Produktseite - unten', '', ''),
  (164, 'de_DE', 'Produktseite - CSS-Stylesheet', '', ''),
  (165, 'de_DE', 'Produktseite - Nach Integration von JavaScript', '', ''),
  (166, 'de_DE', 'Produktseite - nach der Initialisierung von Javascript', '', ''),
  (167, 'de_DE', 'Kundenkonto - oben', '', ''),
  (168, 'de_DE', 'Kundenkonto - unten', '', ''),
  (169, 'de_DE', 'Kundenkonto - CSS-Stylesheet', '', ''),
  (170, 'de_DE', 'Kundenkonto - Nach Integration von JavaScript', '', ''),
  (171, 'de_DE', 'Kundenkonto - nach der Initialisierung von Javascript', '', ''),
  (172, 'de_DE', 'Alle Produkte - oben', '', ''),
  (173, 'de_DE', 'Alle Produkte - unten', '', ''),
  (174, 'de_DE', 'Alle Produkte - CSS-Stylesheet', '', ''),
  (175, 'de_DE', 'Alle Produkte - nach der Integration von Javascript', '', ''),
  (176, 'de_DE', 'Alle Produkte - nach der Initialisierung von Javascript', '', ''),
  (177, 'de_DE', 'Produkt-Loop - oben', '', ''),
  (178, 'de_DE', 'Produkt-Loop - unten', '', ''),
  (179, 'de_DE', 'Kategorieseite - oben an der Sidebar', '', ''),
  (180, 'de_DE', 'Kategorieseite - Sidebars Body', '', ''),
  (181, 'de_DE', 'Kategorieseite - unten an der Sidebar', '', ''),
  (182, 'de_DE', 'Inhaltseite - oben an der Sidebar', '', ''),
  (183, 'de_DE', 'Inhaltseite - Sidebars Body', '', ''),
  (184, 'de_DE', 'Inhaltseite - unten an der Sidebar', '', ''),
  (185, 'de_DE', 'Lieferwahl - Erweiteren Bereich', '', ''),
  (186, 'de_DE', 'Lieferwahl - Javascript', '', ''),
  (1000, 'de_DE', 'Kategorie - Inhalt', '', ''),
  (1001, 'de_DE', 'Inhalt - Inhalt', '', ''),
  (1002, 'de_DE', 'Ordner - Inhalt', '', ''),
  (1003, 'de_DE', 'Bestellung - Inhalt', '', ''),
  (1004, 'de_DE', 'Produkt - Inhalt', '', ''),
  (1005, 'de_DE', 'Karakteristiken-Angaben - Tabellenkopf', '', ''),
  (1006, 'de_DE', 'Karakteristiken-Angaben - Tabellenzeile', '', ''),
  (1007, 'de_DE', 'Karakteristik - Angabe-Erstellungsformular', '', ''),
  (1008, 'de_DE', 'Karakteristik - JavaScript Änderung', '', ''),
  (1009, 'de_DE', 'Produkt - JavaScript Änderung', '', ''),
  (1010, 'de_DE', 'Gutschein - JavaScript erstellen', '', ''),
  (1011, 'de_DE', 'Taxes - Änderungs-Formular', '', ''),
  (1012, 'de_DE', 'Taxregel - JavaScript Änderung', '', ''),
  (1013, 'de_DE', 'Tools - oben', '', ''),
  (1014, 'de_DE', 'Tools - oben der Spalte', '', ''),
  (1015, 'de_DE', 'Tools - unten der Spalte 1', '', ''),
  (1016, 'de_DE', 'Tools - unten', '', ''),
  (1017, 'de_DE', NULL, '', ''),
  (1018, 'de_DE', 'Nachrichten - oben', '', ''),
  (1019, 'de_DE', 'Nachrichten - Tabellenkopf', '', ''),
  (1020, 'de_DE', 'Nachrichten - Tabellenzeile', '', ''),
  (1021, 'de_DE', 'Nachrichten - unten', '', ''),
  (1022, 'de_DE', 'Nachricht - Erstellungsformular', '', ''),
  (1023, 'de_DE', 'Nachricht - Löschungsformular', '', ''),
  (1024, 'de_DE', 'Nachrichten - JavaScript', '', ''),
  (1025, 'de_DE', 'Taxeregeln - oben', '', ''),
  (1026, 'de_DE', 'Taxeregeln - unten', '', ''),
  (1027, 'de_DE', 'Taxe - Erstellungsformular', '', ''),
  (1028, 'de_DE', 'Taxe - Löschungsformular', '', ''),
  (1029, 'de_DE', 'Taxregel - Erstellungsformular', '', ''),
  (1030, 'de_DE', 'Taxregel - Löschungsformular', '', ''),
  (1031, 'de_DE', 'Taxeregeln - JavaScript', '', ''),
  (1032, 'de_DE', 'Exporte - oben', '', ''),
  (1033, 'de_DE', 'Exporte - unten einer Kategorie', '', ''),
  (1034, 'de_DE', 'Exporte - unten der Spalte 1', '', ''),
  (1035, 'de_DE', 'Exporte - JavaScript', '', ''),
  (1036, 'de_DE', NULL, '', ''),
  (1037, 'de_DE', 'Produkt - Ordner Tabellenkopf', '', ''),
  (1038, 'de_DE', 'Produkt - Ordner Tabellenzeile', '', ''),
  (1039, 'de_DE', 'Produkt - Preisedetails Formular', '', ''),
  (1040, 'de_DE', 'Produkt - Bestandänderung Formular', '', ''),
  (1041, 'de_DE', 'Produkt - Sonderangebotdetails Formular', '', ''),
  (1042, 'de_DE', 'Produkt - vor den Kombinationen', '', ''),
  (1043, 'de_DE', 'Produkt - Kombinationsliste-Bildunterschrift', '', ''),
  (1044, 'de_DE', 'Produkt - nach den Kombinationen', '', ''),
  (1045, 'de_DE', 'Produkt - Kombinations-Löschungsformular', '', ''),
  (1046, 'de_DE', 'Modulen - Tabellenkopf', '', ''),
  (1047, 'de_DE', 'Modulen - Tabellenzeile', '', ''),
  (1048, 'de_DE', 'Währung - JavaScript Änderung', '', ''),
  (1049, 'de_DE', 'Kategorie - Inhalts Tabellenkopf', '', ''),
  (1050, 'de_DE', 'Kategorie - Inhalts Tabellenzeile', '', ''),
  (1051, 'de_DE', 'Kategorie - JavaScript Änderung', '', ''),
  (1052, 'de_DE', 'Dokument - JavaScript Änderung', '', ''),
  (1053, 'de_DE', 'Kunde - oben', '', ''),
  (1054, 'de_DE', 'Kunden - Bildunterschrift', '', ''),
  (1055, 'de_DE', 'Kunden - Tabellenkopf', '', ''),
  (1056, 'de_DE', 'Kunden - Zeile', '', ''),
  (1057, 'de_DE', 'Kunde - unten', '', ''),
  (1058, 'de_DE', 'Kunde - Erstellungsformular', '', ''),
  (1059, 'de_DE', 'Kunde - Löschungsformular', '', ''),
  (1060, 'de_DE', 'Kunden - JavaScript', '', ''),
  (1061, 'de_DE', 'Produkt - Inhalte Tabellenkopf', '', ''),
  (1062, 'de_DE', 'Produkt - Inhalte Tabellenzeile', '', ''),
  (1063, 'de_DE', 'Produkt - Zubehör Tabellenkopf', '', ''),
  (1064, 'de_DE', 'Produkt - Zubehör Tabellenzeile', '', ''),
  (1065, 'de_DE', 'Produkt - Kategorien Tabellenkopf', '', ''),
  (1066, 'de_DE', 'Produkt - Kategorien Tabellenzeile', '', ''),
  (1067, 'de_DE', 'Produkt - Deklination Tabellenkopf', '', ''),
  (1068, 'de_DE', 'Produkt - Deklination Tabellenzeile', '', ''),
  (1069, 'de_DE', 'Produkt - Charakteristiken Tabellenkopf', '', ''),
  (1070, 'de_DE', 'Produkt - Charakteristiken Tabellenzeile', '', ''),
  (1071, 'de_DE', 'Template - Tabellenkopf attributs', '', ''),
  (1072, 'de_DE', 'Template - Tabellenzeile attributs', '', ''),
  (1073, 'de_DE', 'Template - Charakteristiken Tabellenkopf', '', ''),
  (1074, 'de_DE', 'Template - Charakteristiken Tabellenzeile', '', ''),
  (1075, 'de_DE', 'Templates - oben', '', ''),
  (1076, 'de_DE', 'Templates - Tabellenkopf', '', ''),
  (1077, 'de_DE', 'Templates - Tabellenzeile', '', ''),
  (1078, 'de_DE', 'Templates - unten', '', ''),
  (1079, 'de_DE', 'Template - Erstellungsformular', '', ''),
  (1080, 'de_DE', 'Template - Löschungsformular', '', ''),
  (1081, 'de_DE', NULL, '', ''),
  (1082, 'de_DE', 'Konfiguration - oben', '', ''),
  (1083, 'de_DE', 'Konfiguration - oben an dem Katalogsbereich', '', ''),
  (1084, 'de_DE', 'Konfiguration - unten an dem katalog', '', ''),
  (1085, 'de_DE', 'Konfiguration - oben an der Lieferzone', '', ''),
  (1086, 'de_DE', 'Konfiguration - unten an der Lieferzone', '', ''),
  (1087, 'de_DE', 'Konfiguration - oben an dem Systembereich', '', ''),
  (1088, 'de_DE', 'Konfiguration - unten an dem Systembereich', '', ''),
  (1089, 'de_DE', 'Konfiguration - unten', '', ''),
  (1090, 'de_DE', 'Konfiguration - JavaScript', '', ''),
  (1091, 'de_DE', 'Dashboard - oben', '', ''),
  (1092, 'de_DE', 'Dashboard - in der Mitte', '', ''),
  (1093, 'de_DE', 'Dashboard - unten', '', ''),
  (1094, 'de_DE', 'Bestellungen - oben', '', ''),
  (1095, 'de_DE', 'Bestellungen - Tabellenkopf', '', ''),
  (1096, 'de_DE', 'Bestellungen - Tabellenzeile', '', ''),
  (1097, 'de_DE', 'Bestellungen - unten', '', ''),
  (1098, 'de_DE', 'Bestellungen - JavaScript', '', ''),
  (1099, 'de_DE', 'Lieferzone - oben', '', ''),
  (1100, 'de_DE', 'Lieferzone - Tabellenkopf', '', ''),
  (1101, 'de_DE', 'Lieferzone - Tabellenzeile', '', ''),
  (1102, 'de_DE', 'Lieferzone - unten', '', ''),
  (1103, 'de_DE', 'Lieferzone - JavaScript', '', ''),
  (1104, 'de_DE', 'Inhalt - JavaScript Änderung', '', ''),
  (1105, 'de_DE', 'Accueil - oben', '', ''),
  (1106, 'de_DE', 'Accueil - unten', '', ''),
  (1107, 'de_DE', 'Accueil - JavaScript', '', ''),
  (1108, 'de_DE', 'Modulen - oben', '', ''),
  (1109, 'de_DE', 'Modulen - unten', '', ''),
  (1110, 'de_DE', 'Modulen - JavaScript', '', ''),
  (1111, 'de_DE', 'Sprachen - oben', '', ''),
  (1112, 'de_DE', 'Sprachen - unten', '', ''),
  (1113, 'de_DE', 'Sprache - Erstellungsformular', '', ''),
  (1114, 'de_DE', 'Sprachen - Löschungsformular', '', ''),
  (1115, 'de_DE', 'Sprachen - JavaScript', '', ''),
  (1116, 'de_DE', 'Zone - Löschungsformular', '', ''),
  (1117, 'de_DE', 'Lieferzone - JavaScript Änderung', '', ''),
  (1118, 'de_DE', 'System - JavaScript Logs', '', ''),
  (1119, 'de_DE', 'Suche - oben', '', ''),
  (1120, 'de_DE', 'Suche - unten', '', ''),
  (1121, 'de_DE', 'Suche - JavaScript', '', ''),
  (1122, 'de_DE', 'Administratoren - oben', '', ''),
  (1123, 'de_DE', 'Administratoren - unten', '', ''),
  (1124, 'de_DE', 'Administrator - Erstellungsformular', '', ''),
  (1125, 'de_DE', 'Administrator - Änderungsformular', '', ''),
  (1126, 'de_DE', 'Administrator - Löschungsformular', '', ''),
  (1127, 'de_DE', 'Administratoren - JavaScript', '', ''),
  (1128, 'de_DE', 'Modul Hook - JavaScript Änderung', '', ''),
  (1129, 'de_DE', 'Versandkonfiguration - oben', '', ''),
  (1130, 'de_DE', 'Versandkonfiguration - Tabellenkopf', '', ''),
  (1131, 'de_DE', 'Versandkonfiguration - Tabellenzeile', '', ''),
  (1132, 'de_DE', 'Versandkonfiguration - unten', '', ''),
  (1133, 'de_DE', 'Versandkonfiguration - Erstellungsformular', '', ''),
  (1134, 'de_DE', 'Versandkonfiguration - Löschungsformular', '', ''),
  (1135, 'de_DE', 'Versandkonfiguration - JavaScript', '', ''),
  (1136, 'de_DE', 'Karakteristiken - oben', '', ''),
  (1137, 'de_DE', 'Karakteristiken - Tabellenkopf', '', ''),
  (1138, 'de_DE', 'Karakteristiken - Tabellenzeile', '', ''),
  (1139, 'de_DE', 'Karakteristiken - unten', '', ''),
  (1140, 'de_DE', 'Karakteristik - Erstellungsformular', '', ''),
  (1141, 'de_DE', 'Karakteristik - Löschungsformular', '', ''),
  (1142, 'de_DE', 'Karakteristik - zu allen hinzufügen Formular', '', ''),
  (1143, 'de_DE', 'Karakteristik - multipel Löschungsformular', '', ''),
  (1144, 'de_DE', 'Karakteristiken - JavaScript', '', ''),
  (1145, 'de_DE', 'Modul - JavaScript Änderung', '', ''),
  (1146, 'de_DE', 'Modul Hook - Erstellungsformular', '', ''),
  (1147, 'de_DE', 'Modul Hook - Löschungsformular', '', ''),
  (1148, 'de_DE', 'Modul Hook - JavaScript', '', ''),
  (1149, 'de_DE', 'Versandkonfiguration - Änderung', '', ''),
  (1150, 'de_DE', 'Versandkonfiguration - Länder Löschungsfomular', '', ''),
  (1151, 'de_DE', 'Versandkonfiguration - JavaScript Änderung', '', ''),
  (1152, 'de_DE', 'E-Mail Sendung - oben', '', ''),
  (1153, 'de_DE', 'E-Mail Sendung - unten', '', ''),
  (1154, 'de_DE', 'E-Mail Sendung - JavaScript', '', ''),
  (1155, 'de_DE', 'Kategorien - oben', '', ''),
  (1156, 'de_DE', 'Kategorien - Bildunterschrift', '', ''),
  (1157, 'de_DE', 'Kategorien - Kopfzeile', '', ''),
  (1158, 'de_DE', 'Kategorien - Zeile', '', ''),
  (1159, 'de_DE', 'Produkte - Bildunterschrift', '', ''),
  (1160, 'de_DE', 'Produkte - Header', '', ''),
  (1161, 'de_DE', 'Produkte - Zeile', '', ''),
  (1162, 'de_DE', 'Kategorien - unten', '', ''),
  (1163, 'de_DE', 'Kategorien - unten an dem Katalog', '', ''),
  (1164, 'de_DE', 'Kategorie - Erstellungsformular', '', ''),
  (1165, 'de_DE', 'Produkt - Erstellungsformular', '', ''),
  (1166, 'de_DE', 'Kategorie - Löschungsformular', '', ''),
  (1167, 'de_DE', 'Produkt - Löschungsformular', '', ''),
  (1168, 'de_DE', 'Kategorien - JavaScript', '', ''),
  (1169, 'de_DE', 'Variablen - oben', '', ''),
  (1170, 'de_DE', 'Variablen - Tabellenkopf', '', ''),
  (1171, 'de_DE', 'Variablen - Tabellenzeile', '', ''),
  (1172, 'de_DE', 'Variablen - unten', '', ''),
  (1173, 'de_DE', 'Variable - Erstellungsformular', '', ''),
  (1174, 'de_DE', 'Variable - Löschungsformular', '', ''),
  (1175, 'de_DE', 'Variablen - JavaScript', '', ''),
  (1176, 'de_DE', 'Bestellung - Produktliste', '', ''),
  (1177, 'de_DE', 'Bestellung - JavaScript Änderung', '', ''),
  (1178, 'de_DE', 'Shop Informationen - JavaScript', '', ''),
  (1179, 'de_DE', 'Übersetzungen - JavaScript', '', ''),
  (1180, 'de_DE', 'Ordner - oben', '', ''),
  (1181, 'de_DE', 'Ordner - Bildunterschrift', '', ''),
  (1182, 'de_DE', 'Ordner - Header', '', ''),
  (1183, 'de_DE', 'Ordner - Zeile', '', ''),
  (1184, 'de_DE', 'Inhalte - Bildunterschrift', '', ''),
  (1185, 'de_DE', 'Inhalte - Kopfzeile', '', ''),
  (1186, 'de_DE', 'Inhalte - Zeile', '', ''),
  (1187, 'de_DE', 'Ordner - unten', '', ''),
  (1188, 'de_DE', 'Ordner - Erstellungsformular', '', ''),
  (1189, 'de_DE', 'Inhalt - Erstellungsformular', '', ''),
  (1190, 'de_DE', 'Ordner - Löschungsformular', '', ''),
  (1191, 'de_DE', 'Inhalt - Löschungsformular', '', ''),
  (1192, 'de_DE', 'Ordner - JavaScript', '', ''),
  (1193, 'de_DE', 'Template - JavaScript Änderung', '', ''),
  (1194, 'de_DE', 'Taxe - JavaScript Änderung', '', ''),
  (1195, 'de_DE', 'Hook - JavaScript Änderung', '', ''),
  (1196, 'de_DE', 'Länder - oben', '', ''),
  (1197, 'de_DE', 'Länder - Tabellenkopf', '', ''),
  (1198, 'de_DE', 'Länder - Tabellenzeile', '', ''),
  (1199, 'de_DE', 'Länder - unten', '', ''),
  (1200, 'de_DE', 'Land - Erstellungsformular', '', ''),
  (1201, 'de_DE', 'Land - Löschungsformular', '', ''),
  (1202, 'de_DE', 'Länder - JavaScript', '', ''),
  (1203, 'de_DE', 'Währungen - oben', '', ''),
  (1204, 'de_DE', 'Währungen - Tabellenkopf', '', ''),
  (1205, 'de_DE', 'Währungen - Tabellenzeile', '', ''),
  (1206, 'de_DE', 'Währungen - unten', '', ''),
  (1207, 'de_DE', 'Währung - Erstellungsformular', '', ''),
  (1208, 'de_DE', 'Währung - Löschungsformular', '', ''),
  (1209, 'de_DE', 'Währungen - JavaScript', '', ''),
  (1210, 'de_DE', 'Kunde - Modification', '', ''),
  (1211, 'de_DE', 'Kunde - Adresse-Erstellungsformular', '', ''),
  (1212, 'de_DE', 'Kunde - Adresse-Änderungsformular', '', ''),
  (1213, 'de_DE', 'Kunde - Adresse-Löschungsformular', '', ''),
  (1214, 'de_DE', 'Kunde - JavaScript Änderung', '', ''),
  (1215, 'de_DE', 'Deklinationenangaben - Tabellenkopf', '', ''),
  (1216, 'de_DE', 'Deklinationenangaben - Tabellenzeile', '', ''),
  (1217, 'de_DE', 'Deklinationsangabe - Erstellungsformular', '', ''),
  (1218, 'de_DE', 'Deklination - ID Löschungsformular', '', ''),
  (1219, 'de_DE', 'Deklination - JavaScript Änderung', '', ''),
  (1220, 'de_DE', 'Profile - oben', '', ''),
  (1221, 'de_DE', 'Profile - unten', '', ''),
  (1222, 'de_DE', 'Profil - Erstellungsformular', '', ''),
  (1223, 'de_DE', 'Profil - Löschungsformular', '', ''),
  (1224, 'de_DE', 'Profile - JavaScript', '', ''),
  (1225, 'de_DE', 'Land - JavaScript Änderung', '', ''),
  (1226, 'de_DE', 'Profil - JavaScript Änderung', '', ''),
  (1227, 'de_DE', 'Variable - JavaScript Änderung', '', ''),
  (1228, 'de_DE', 'Gutschein - JavaScript Änderung', '', ''),
  (1229, 'de_DE', 'Gutschein - oben', '', ''),
  (1230, 'de_DE', 'Gutschein - Bildunterschrift', '', ''),
  (1231, 'de_DE', 'Gutschein - Tabellenkopf', '', ''),
  (1232, 'de_DE', 'Gutschein - Tabellenzeile', '', ''),
  (1233, 'de_DE', 'Gutschein - unten', '', ''),
  (1234, 'de_DE', 'Gutschein - JavaScript den Listen', '', ''),
  (1235, 'de_DE', 'Modul - Konfiguration', '', ''),
  (1236, 'de_DE', 'Modul - JavaScript Konfiguration', '', ''),
  (1237, 'de_DE', 'Nachricht - JavaScript Änderung', '', ''),
  (1238, 'de_DE', 'Bild - JavaScript Änderung', '', ''),
  (1239, 'de_DE', 'Deklinationen - oben', '', ''),
  (1240, 'de_DE', 'Deklinationen - Tabellenkopf', '', ''),
  (1241, 'de_DE', 'Deklinationen - Tabellenzeile', '', ''),
  (1242, 'de_DE', 'Deklinationen - unten', '', ''),
  (1243, 'de_DE', 'Deklination - Erstellungsformular', '', ''),
  (1244, 'de_DE', 'Deklination - Löschungsformular', '', ''),
  (1245, 'de_DE', 'Deklination - zu allen hinzufügen Formular', '', ''),
  (1246, 'de_DE', 'Deklination - multipel Löschungsformular', '', ''),
  (1247, 'de_DE', 'Deklinationen - JavaScript', '', ''),
  (1248, 'de_DE', 'Logs - oben', '', ''),
  (1249, 'de_DE', 'Logs - unten', '', ''),
  (1250, 'de_DE', NULL, '', ''),
  (1251, 'de_DE', 'Ordner - JavaScript Änderung', '', ''),
  (1252, 'de_DE', 'Hooks - oben', '', ''),
  (1253, 'de_DE', 'Hooks - Tabellenkopf', '', ''),
  (1254, 'de_DE', 'Hooks - Tabellenzeile', '', ''),
  (1255, 'de_DE', 'Hooks - unten', '', ''),
  (1256, 'de_DE', 'Hook - Erstellungsformular', '', ''),
  (1257, 'de_DE', 'Hook - Löschungsformular', '', ''),
  (1258, 'de_DE', NULL, '', ''),
  (1259, 'de_DE', NULL, '', ''),
  (1260, 'de_DE', 'Layout - vor der Titelleiste', '', ''),
  (1261, 'de_DE', 'Layout - in der Titelleiste', '', ''),
  (1262, 'de_DE', 'Layout - nach der Titelleiste', '', ''),
  (1263, 'de_DE', 'Layout - vor dem Top Menü', '', ''),
  (1264, 'de_DE', NULL, '', ''),
  (1265, 'de_DE', 'Layout - nach dem Top Menü', '', ''),
  (1266, 'de_DE', 'Layout - vor dem Footer', '', ''),
  (1267, 'de_DE', 'Layout - Im Footer', '', ''),
  (1268, 'de_DE', 'Layout - nach dem Footer', '', ''),
  (1269, 'de_DE', NULL, '', ''),
  (1270, 'de_DE', 'Layout - oben an der Titelleiste', '', ''),
  (1271, 'de_DE', 'Layout - unten an der Titelleiste', '', ''),
  (1272, 'de_DE', 'Layout - im Kundes-Menü', '', ''),
  (1273, 'de_DE', 'Layout - im Bestellungsmenü', '', ''),
  (1274, 'de_DE', 'Layout - im Katalogs-Menü', '', ''),
  (1275, 'de_DE', 'Layout - im Ordners-Menü', '', ''),
  (1276, 'de_DE', 'Layout - im Tools-Menü', '', ''),
  (1277, 'de_DE', 'Layout - im Moduls-Menü', '', ''),
  (1278, 'de_DE', 'Layout - im konfigurations-Menü', '', ''),
  (1279, 'de_DE', 'Marke - JavaScript Änderung', '', ''),
  (1280, 'de_DE', 'Accueil - Block', '', ''),
  (1281, 'de_DE', 'Marken - oben', '', ''),
  (1282, 'de_DE', 'Marken - Tabellenkopf', '', ''),
  (1283, 'de_DE', 'Marken - Tabellzeilen', '', ''),
  (1284, 'de_DE', 'Marken - unten', '', ''),
  (1285, 'de_DE', 'Marke - Erstellungsformular', '', ''),
  (1286, 'de_DE', 'Marke - Löschungsformular', '', ''),
  (1287, 'de_DE', 'Marke - JavaScript', '', ''),
  (1288, 'de_DE', 'Exporte - oben', '', ''),
  (1289, 'de_DE', 'Exporte - unten einer Kategorie', '', ''),
  (1290, 'de_DE', 'Exporte - unten der Spalte 1', '', ''),
  (1291, 'de_DE', 'Exporte - JavaScript', '', ''),
  (1292, 'de_DE', NULL, '', ''),
  (1293, 'de_DE', 'Marke - Inhalt', '', ''),
  (1294, 'de_DE', 'Kunde - Bestellungs-Tabellenkopf', '', ''),
  (1295, 'de_DE', 'Kunde - Bestellungs-Tabellenzeile', '', ''),

  (2001, 'de_DE', 'Rechnung - CSS', '', ''),
  (2002, 'de_DE', 'Rechnung - im Header', '', ''),
  (2003, 'de_DE', 'Rechnung - oben an dem Footer', '', ''),
  (2004, 'de_DE', 'Rechnung - Impressum', '', ''),
  (2005, 'de_DE', 'Rechnung - unten an dem Footer', '', ''),
  (2006, 'de_DE', 'Rechnung - unten an dem Informationsbereich', '', ''),
  (2007, 'de_DE', 'Rechnung - nach dem Informationsbereich', '', ''),
  (2008, 'de_DE', 'Rechnung - Bestellungsadresse', '', ''),
  (2009, 'de_DE', 'Rechnung - nach dem Adressebereich', '', ''),
  (2010, 'de_DE', 'Rechnung - nach der Produktliste', '', ''),
  (2011, 'de_DE', 'Rechnung - nach der Bestellungs-Zusammenfassung', '', ''),
  (2012, 'de_DE', 'Lieferung - CSS', '', ''),
  (2013, 'de_DE', 'Lieferung - im Header', '', ''),
  (2014, 'de_DE', 'Lieferung - oben an dem Footer', '', ''),
  (2015, 'de_DE', 'Lieferung - Impressum', '', ''),
  (2016, 'de_DE', 'Lieferung - unten an dem Footer', '', ''),
  (2017, 'de_DE', 'Lieferung - unten an dem Informationsbereich', '', ''),
  (2018, 'de_DE', 'Lieferung - Nach dem Informationsbereich', '', ''),
  (2019, 'de_DE', 'Lieferung - Lieferadresse', '', ''),
  (2020, 'de_DE', 'Lieferung - Nach dem Adresse-Bereich', '', ''),
  (2021, 'de_DE', 'Lieferung - Nach der Zusammenfassung der Bestellung', '', ''),

  (2022, 'de_DE', 'Bestellbestätigung - nach den Bestellungszusammenfassungen', '', ''),

  (2023, 'de_DE', 'Überall wo WYSIWYG editor ist nötig', '', ''),
  (1, 'en_US', 'Invoice choice - at the top', '', ''),
  (2, 'en_US', 'Invoice choice - delivery address', '', ''),
  (3, 'en_US', 'Invoice choice - extra payment zone', '', ''),
  (4, 'en_US', 'Invoice choice - at the bottom', '', ''),
  (5, 'en_US', 'Invoice choice - after javascript initialisation', '', ''),
  (6, 'en_US', 'Invoice choice - CSS stylesheet', '', ''),
  (7, 'en_US', 'Invoice choice - after javascript include', '', ''),
  (8, 'en_US', 'Payment gateway - main area', '', ''),
  (9, 'en_US', 'Payment gateway - javascript', '', ''),
  (10, 'en_US', 'Payment gateway - after javascript initialisation', '', ''),
  (11, 'en_US', 'Payment gateway - CSS stylesheet', '', ''),
  (12, 'en_US', 'Payment gateway - after javascript include', '', ''),
  (13, 'en_US', 'Sitemap - at the bottom', '', ''),
  (14, 'en_US', 'Curency selection page - at the top', '', ''),
  (15, 'en_US', 'Curency selection page - at the bottom', '', ''),
  (16, 'en_US', 'Curency selection page - CSS stylesheet', '', ''),
  (17, 'en_US', 'Curency selection page - after javascript include', '', ''),
  (18, 'en_US', 'Curency selection page - after javascript initialisation', '', ''),
  (19, 'en_US', 'Login page - at the top', '', ''),
  (20, 'en_US', 'Login page - at the top of the main area', '', ''),
  (21, 'en_US', 'Login page - at the top of the form', '', ''),
  (22, 'en_US', 'Login page - at the bottom of the form', '', ''),
  (23, 'en_US', 'Login page - at the bottom of the main area', '', ''),
  (24, 'en_US', 'Login page - at the bottom', '', ''),
  (25, 'en_US', 'Login page - CSS stylesheet', '', ''),
  (26, 'en_US', 'Login page - after javascript include', '', ''),
  (27, 'en_US', 'Login page - after javascript initialisation', '', ''),
  (28, 'en_US', 'Update customer account - at the top', '', ''),
  (29, 'en_US', 'Update customer account - at the top of the form', '', ''),
  (30, 'en_US', 'Update customer account - at the bottom of the form', '', ''),
  (31, 'en_US', 'Update customer account - at the bottom', '', ''),
  (32, 'en_US', 'Update customer account - CSS stylesheet', '', ''),
  (33, 'en_US', 'Update customer account - after javascript include', '', ''),
  (34, 'en_US', 'Update customer account - after javascript initialisation', '', ''),
  (35, 'en_US', 'Cart - at the top', '', ''),
  (36, 'en_US', 'Cart - at the bottom', '', ''),
  (37, 'en_US', 'Cart - after javascript include', '', ''),
  (38, 'en_US', 'Cart - CSS stylesheet', '', ''),
  (39, 'en_US', 'Cart - javascript initialization', '', ''),
  (40, 'en_US', 'Contact page - at the top', '', ''),
  (41, 'en_US', 'Contact page - at the top of the form', '', ''),
  (42, 'en_US', 'Contact page - at the bottom of the form', '', ''),
  (43, 'en_US', 'Contact page - at the bottom', '', ''),
  (44, 'en_US', 'Contact page - CSS stylesheet', '', ''),
  (45, 'en_US', 'Contact page - after javascript include', '', ''),
  (46, 'en_US', 'Contact page - after javascript initialisation', '', ''),
  (47, 'en_US', 'Placed order - main area', '', ''),
  (48, 'en_US', 'Placed order - CSS stylesheet', '', ''),
  (49, 'en_US', 'Placed order - after javascript include', '', ''),
  (50, 'en_US', 'Placed order - after javascript initialisation', '', ''),
  (51, 'en_US', 'Search page - CSS stylesheet', '', ''),
  (52, 'en_US', 'Search page - after javascript include', '', ''),
  (53, 'en_US', 'Search page - after javascript initialisation', '', ''),
  (54, 'en_US', 'Register - at the top', '', ''),
  (55, 'en_US', 'Register - at the top of the form', '', ''),
  (56, 'en_US', 'Register - at the bottom of the form', '', ''),
  (57, 'en_US', 'Register - at the bottom', '', ''),
  (58, 'en_US', 'Register - CSS stylesheet', '', ''),
  (59, 'en_US', 'Register - after javascript include', '', ''),
  (60, 'en_US', 'Register - after javascript initialisation', '', ''),
  (61, 'en_US', 'Lost password - at the top', '', ''),
  (62, 'en_US', 'Lost password - at the top of the form', '', ''),
  (63, 'en_US', 'Lost password - at the bottom of the form', '', ''),
  (64, 'en_US', 'Lost password - at the bottom', '', ''),
  (65, 'en_US', 'Lost password - CSS stylesheet', '', ''),
  (66, 'en_US', 'Lost password - after javascript include', '', ''),
  (67, 'en_US', 'Lost password - javascript initialization', '', ''),
  (68, 'en_US', 'language selection page - at the top', '', ''),
  (69, 'en_US', 'language selection page - at the bottom', '', ''),
  (70, 'en_US', 'language selection page - CSS stylesheet', '', ''),
  (71, 'en_US', 'language selection page - after javascript include', '', ''),
  (72, 'en_US', 'language selection page - after javascript initialisation', '', ''),
  (73, 'en_US', 'Contact page - if successful response', '', ''),
  (74, 'en_US', 'Newsletter page - at the top', '', ''),
  (75, 'en_US', 'Newsletter page - at the bottom', '', ''),
  (76, 'en_US', 'Newsletter page - CSS stylesheet', '', ''),
  (77, 'en_US', 'Newsletter page - after javascript include', '', ''),
  (78, 'en_US', 'Newsletter page - after javascript initialisation', '', ''),
  (79, 'en_US', 'Payment failed - CSS stylesheet', '', ''),
  (80, 'en_US', 'Payment failed - after javascript include', '', ''),
  (81, 'en_US', 'Payment failed - javascript initialization', '', ''),
  (82, 'en_US', 'Content page - at the top', '', ''),
  (83, 'en_US', 'Content page - at the top of the main area', '', ''),
  (84, 'en_US', 'Content page - at the bottom of the main area', '', ''),
  (85, 'en_US', 'Content page - at the bottom', '', ''),
  (86, 'en_US', 'Content page - CSS stylesheet', '', ''),
  (87, 'en_US', 'Content page - after javascript include', '', ''),
  (88, 'en_US', 'Content page - after javascript initialisation', '', ''),
  (89, 'en_US', 'HTML layout - after the opening of the head tag', '', ''),
  (90, 'en_US', 'HTML layout - CSS stylesheet', '', ''),
  (91, 'en_US', 'HTML layout - before the end of the head tag', '', ''),
  (92, 'en_US', 'HTML layout - after the opening of the body tag', '', ''),
  (93, 'en_US', 'HTML layout - at the top of the header', '', ''),
  (94, 'en_US', 'HTML layout - secondary navigation', '', ''),
  (95, 'en_US', 'HTML layout - primary navigation', '', ''),
  (96, 'en_US', 'HTML layout - at the bottom of the header', '', ''),
  (97, 'en_US', 'HTML layout - before the main content area', '', ''),
  (98, 'en_US', 'HTML layout - after the main content area', '', ''),
  (99, 'en_US', 'HTML layout - at the top of the footer', '', ''),
  (100, 'en_US', 'HTML layout - footer body', '', ''),
  (101, 'en_US', 'HTML layout - bottom of the footer', '', ''),
  (102, 'en_US', 'HTML layout - after javascript include', '', ''),
  (103, 'en_US', 'HTML layout - javascript initialization', '', ''),
  (104, 'en_US', 'HTML layout - before the end body tag', '', ''),
  (105, 'en_US', 'Page 404 - content area', '', ''),
  (106, 'en_US', 'Page 404 - CSS stylesheet', '', ''),
  (107, 'en_US', 'Page 404 - after javascript include', '', ''),
  (108, 'en_US', 'Page 404 - after javascript initialisation', '', ''),
  (109, 'en_US', 'Delivery choice - at the top', '', ''),
  (110, 'en_US', 'Delivery choice - at the top of the form', '', ''),
  (111, 'en_US', 'Delivery choice - at the bottom of the form', '', ''),
  (112, 'en_US', 'Delivery choice - at the bottom', '', ''),
  (113, 'en_US', 'Delivery choice - after javascript initialisation', '', ''),
  (114, 'en_US', 'Delivery choice - CSS stylesheet', '', ''),
  (115, 'en_US', 'Delivery choice - after javascript include', '', ''),
  (116, 'en_US', 'Address creation - at the top', '', ''),
  (117, 'en_US', 'Address creation - at the top of the form', '', ''),
  (118, 'en_US', 'Address creation - at the bottom of the form', '', ''),
  (119, 'en_US', 'Address creation - at the bottom', '', ''),
  (120, 'en_US', 'Address creation - CSS stylesheet', '', ''),
  (121, 'en_US', 'Address creation - after javascript include', '', ''),
  (122, 'en_US', 'Address creation - after javascript initialisation', '', ''),
  (123, 'en_US', 'Folder page - at the top', '', ''),
  (124, 'en_US', 'Folder page - at the top of the main area', '', ''),
  (125, 'en_US', 'Folder page - at the bottom of the main area', '', ''),
  (126, 'en_US', 'Folder page - at the bottom', '', ''),
  (127, 'en_US', 'Folder page - CSS stylesheet', '', ''),
  (128, 'en_US', 'Folder page - after javascript include', '', ''),
  (129, 'en_US', 'Folder page - after javascript initialisation', '', ''),
  (130, 'en_US', 'Order failed - at the top', '', ''),
  (131, 'en_US', 'Order failed - at the bottom', '', ''),
  (132, 'en_US', 'Order failed - CSS stylesheet', '', ''),
  (133, 'en_US', 'Order failed - after javascript include', '', ''),
  (134, 'en_US', 'Order failed - after javascript initialisation', '', ''),
  (135, 'en_US', 'Category page - at the top', '', ''),
  (136, 'en_US', 'Category page - at the top of the main area', '', ''),
  (137, 'en_US', 'Category page - at the bottom of the main area', '', ''),
  (138, 'en_US', 'Category page - at the bottom', '', ''),
  (139, 'en_US', 'Category page - CSS stylesheet', '', ''),
  (140, 'en_US', 'Category page - after javascript include', '', ''),
  (141, 'en_US', 'Category page - after javascript initialisation', '', ''),
  (142, 'en_US', 'Address update - at the top', '', ''),
  (143, 'en_US', 'Address update - at the top of the form', '', ''),
  (144, 'en_US', 'Address update - at the bottom of the form', '', ''),
  (145, 'en_US', 'Address update - at the bottom', '', ''),
  (146, 'en_US', 'Address update - CSS stylesheet', '', ''),
  (147, 'en_US', 'Address update - after javascript include', '', ''),
  (148, 'en_US', 'Address update - after javascript initialisation', '', ''),
  (149, 'en_US', 'Home page - main area', '', ''),
  (150, 'en_US', 'Home page - CSS stylesheet', '', ''),
  (151, 'en_US', 'Home page - after javascript include', '', ''),
  (152, 'en_US', 'Home page - after javascript initialisation', '', ''),
  (153, 'en_US', 'Change password - at the top', '', ''),
  (154, 'en_US', 'Change password - at the bottom', '', ''),
  (155, 'en_US', 'Change password - CSS stylesheet', '', ''),
  (156, 'en_US', 'Change password - after javascript include', '', ''),
  (157, 'en_US', 'Change password - after javascript initialisation', '', ''),
  (158, 'en_US', 'Product page - at the top', '', ''),
  (159, 'en_US', 'Product page - photo gallery', '', ''),
  (160, 'en_US', 'Product page - at the top of the detail', '', ''),
  (161, 'en_US', 'Product page - at the bottom of the detail area', '', ''),
  (162, 'en_US', 'Product page - additional information', '', ''),
  (163, 'en_US', 'Product page - at the bottom', '', ''),
  (164, 'en_US', 'Product page - CSS stylesheet', '', ''),
  (165, 'en_US', 'Product page - after javascript include', '', ''),
  (166, 'en_US', 'Product page - after javascript initialisation', '', ''),
  (167, 'en_US', 'customer account - at the top', '', ''),
  (168, 'en_US', 'customer account - at the bottom', '', ''),
  (169, 'en_US', 'customer account - CSS stylesheet', '', ''),
  (170, 'en_US', 'customer account - after javascript include', '', ''),
  (171, 'en_US', 'customer account - after javascript initialisation', '', ''),
  (172, 'en_US', 'All Products - at the top', '', ''),
  (173, 'en_US', 'All Products - at the bottom', '', ''),
  (174, 'en_US', 'All Products - CSS stylesheet', '', ''),
  (175, 'en_US', 'All Products - after javascript include', '', ''),
  (176, 'en_US', 'All Products - after javascript initialisation', '', ''),
  (177, 'en_US', 'Product loop - at the top', '', ''),
  (178, 'en_US', 'Product loop - at the bottom', '', ''),
  (179, 'en_US', 'Category page - at the top of the sidebar', '', ''),
  (180, 'en_US', 'Category page - the body of the sidebar', '', ''),
  (181, 'en_US', 'Category page - at the bottom of the sidebar', '', ''),
  (182, 'en_US', 'Content page - at the top of the sidebar', '', ''),
  (183, 'en_US', 'Content page - the body of the sidebar', '', ''),
  (184, 'en_US', 'Content page - at the bottom of the sidebar', '', ''),
  (185, 'en_US', 'Delivery choice - extra area', '', ''),
  (186, 'en_US', 'Delivery choice - javascript', '', ''),
  (1000, 'en_US', 'Category - content', '', ''),
  (1001, 'en_US', 'Content - content', '', ''),
  (1002, 'en_US', 'Folder - content', '', ''),
  (1003, 'en_US', 'Order - content', '', ''),
  (1004, 'en_US', 'Product - content', '', ''),
  (1005, 'en_US', 'Features value - table header', '', ''),
  (1006, 'en_US', 'Features value - table row', '', ''),
  (1007, 'en_US', 'Feature - Value creation form', '', ''),
  (1008, 'en_US', 'Feature - Edit JavaScript', '', ''),
  (1009, 'en_US', 'Product - Edit JavaScript', '', ''),
  (1010, 'en_US', 'Coupon - create JavaScript', '', ''),
  (1011, 'en_US', 'Taxes - update form', '', ''),
  (1012, 'en_US', 'tax rule - Edit JavaScript', '', ''),
  (1013, 'en_US', 'Tools - at the top', '', ''),
  (1014, 'en_US', 'Tools - at the top of the column', '', ''),
  (1015, 'en_US', 'Tools - at the bottom of column 1', '', ''),
  (1016, 'en_US', 'Tools - bottom', '', ''),
  (1017, 'en_US', 'Tools - JavaScript', '', ''),
  (1018, 'en_US', 'Messages - at the top', '', ''),
  (1019, 'en_US', 'Messages - table header', '', ''),
  (1020, 'en_US', 'Messages - table row', '', ''),
  (1021, 'en_US', 'Messages - bottom', '', ''),
  (1022, 'en_US', 'Message - creation form', '', ''),
  (1023, 'en_US', 'Message - deletion form', '', ''),
  (1024, 'en_US', 'Messages - JavaScript', '', ''),
  (1025, 'en_US', 'Taxes rules - at the top', '', ''),
  (1026, 'en_US', 'Taxes rules - bottom', '', ''),
  (1027, 'en_US', 'Tax - creation form', '', ''),
  (1028, 'en_US', 'Tax - deletion form', '', ''),
  (1029, 'en_US', 'tax rule - creation form', '', ''),
  (1030, 'en_US', 'tax rule - deletion form', '', ''),
  (1031, 'en_US', 'Taxes rules - JavaScript', '', ''),
  (1032, 'en_US', 'Exports - at the top', '', ''),
  (1033, 'en_US', 'Exports - at the bottom of a category', '', ''),
  (1034, 'en_US', 'Exports - at the bottom of column 1', '', ''),
  (1035, 'en_US', 'Exports - JavaScript', '', ''),
  (1036, 'en_US', 'Export - JavaScript', '', ''),
  (1037, 'en_US', 'Product - folders table header', '', ''),
  (1038, 'en_US', 'Product - folders table row', '', ''),
  (1039, 'en_US', 'Product - details pricing form', '', ''),
  (1040, 'en_US', 'Product - stock edit form', '', ''),
  (1041, 'en_US', 'Product - details promotion form', '', ''),
  (1042, 'en_US', 'Product - before combinations', '', ''),
  (1043, 'en_US', 'Product - combinations list caption', '', ''),
  (1044, 'en_US', 'Product - after combinations', '', ''),
  (1045, 'en_US', 'Product - combination deletion form', '', ''),
  (1046, 'en_US', 'Modules - table header', '', ''),
  (1047, 'en_US', 'Modules - table row', '', ''),
  (1048, 'en_US', 'Currency - Edit JavaScript', '', ''),
  (1049, 'en_US', 'Category - contents table header', '', ''),
  (1050, 'en_US', 'Category - contents table row', '', ''),
  (1051, 'en_US', 'Category - Edit JavaScript', '', ''),
  (1052, 'en_US', 'Document - Edit JavaScript', '', ''),
  (1053, 'en_US', 'Customer - at the top', '', ''),
  (1054, 'en_US', 'Customers - caption', '', ''),
  (1055, 'en_US', 'Customers - header', '', ''),
  (1056, 'en_US', 'Customers - row', '', ''),
  (1057, 'en_US', 'Customer - bottom', '', ''),
  (1058, 'en_US', 'Customer - creation form', '', ''),
  (1059, 'en_US', 'Customer - deletion form', '', ''),
  (1060, 'en_US', 'Customers - JavaScript', '', ''),
  (1061, 'en_US', 'Product - contents table header', '', ''),
  (1062, 'en_US', 'Product - contents table row', '', ''),
  (1063, 'en_US', 'Product - accessories table header', '', ''),
  (1064, 'en_US', 'Product - accessories table row', '', ''),
  (1065, 'en_US', 'Product - categories table header', '', ''),
  (1066, 'en_US', 'Product - categories table row', '', ''),
  (1067, 'en_US', 'Product - attributes table header', '', ''),
  (1068, 'en_US', 'Product - attributes table row', '', ''),
  (1069, 'en_US', 'Product - features-table-header', '', ''),
  (1070, 'en_US', 'Product - features table row', '', ''),
  (1071, 'en_US', 'Template - attributes table header', '', ''),
  (1072, 'en_US', 'Template - attributes table row', '', ''),
  (1073, 'en_US', 'Template - features-table-header', '', ''),
  (1074, 'en_US', 'Template - features table row', '', ''),
  (1075, 'en_US', 'Templates - at the top', '', ''),
  (1076, 'en_US', 'Templates - table header', '', ''),
  (1077, 'en_US', 'Templates - table row', '', ''),
  (1078, 'en_US', 'Templates - bottom', '', ''),
  (1079, 'en_US', 'Template - creation form', '', ''),
  (1080, 'en_US', 'Template - deletion form', '', ''),
  (1081, 'en_US', 'Templates - JavaScript', '', ''),
  (1082, 'en_US', 'Configuration - at the top', '', ''),
  (1083, 'en_US', 'Configuration - at the top of the catalog area', '', ''),
  (1084, 'en_US', 'Configuration - at the bottom of the catalog', '', ''),
  (1085, 'en_US', 'Configuration - at the top of the shipping area', '', ''),
  (1086, 'en_US', 'Configuration - at the bottom of the shipping area', '', ''),
  (1087, 'en_US', 'Configuration - at the top of the system area', '', ''),
  (1088, 'en_US', 'Configuration - at the bottom of the system area', '', ''),
  (1089, 'en_US', 'Configuration - bottom', '', ''),
  (1090, 'en_US', 'Configuration - JavaScript', '', ''),
  (1091, 'en_US', 'Dashboard - at the top', '', ''),
  (1092, 'en_US', 'Dashboard - middle', '', ''),
  (1093, 'en_US', 'Dashboard - bottom', '', ''),
  (1094, 'en_US', 'Orders - at the top', '', ''),
  (1095, 'en_US', 'Orders - table header', '', ''),
  (1096, 'en_US', 'Orders - table row', '', ''),
  (1097, 'en_US', 'Orders - bottom', '', ''),
  (1098, 'en_US', 'Orders - JavaScript', '', ''),
  (1099, 'en_US', 'Delivery zone - at the top', '', ''),
  (1100, 'en_US', 'Delivery zone - table header', '', ''),
  (1101, 'en_US', 'Delivery zone - table row', '', ''),
  (1102, 'en_US', 'Delivery zone - bottom', '', ''),
  (1103, 'en_US', 'Delivery zone - JavaScript', '', ''),
  (1104, 'en_US', 'Content - Edit JavaScript', '', ''),
  (1105, 'en_US', 'Home - at the top', '', ''),
  (1106, 'en_US', 'Home - bottom', '', ''),
  (1107, 'en_US', 'Home - JavaScript', '', ''),
  (1108, 'en_US', 'Modules - at the top', '', ''),
  (1109, 'en_US', 'Modules - bottom', '', ''),
  (1110, 'en_US', 'Modules - JavaScript', '', ''),
  (1111, 'en_US', 'Languages - at the top', '', ''),
  (1112, 'en_US', 'Languages - bottom', '', ''),
  (1113, 'en_US', 'Language - creation form', '', ''),
  (1114, 'en_US', 'Languages - deletion form', '', ''),
  (1115, 'en_US', 'Languages - JavaScript', '', ''),
  (1116, 'en_US', 'Zone - deletion form', '', ''),
  (1117, 'en_US', 'Delivery zone - Edit JavaScript', '', ''),
  (1118, 'en_US', 'System - logs JavaScript', '', ''),
  (1119, 'en_US', 'Search - at the top', '', ''),
  (1120, 'en_US', 'Search - bottom', '', ''),
  (1121, 'en_US', 'Search - JavaScript', '', ''),
  (1122, 'en_US', 'Administrators - at the top', '', ''),
  (1123, 'en_US', 'Administrators - bottom', '', ''),
  (1124, 'en_US', 'Administrator - creation form', '', ''),
  (1125, 'en_US', 'Administrator - update form', '', ''),
  (1126, 'en_US', 'Administrator - deletion form', '', ''),
  (1127, 'en_US', 'Administrators - JavaScript', '', ''),
  (1128, 'en_US', 'Module hook - Edit JavaScript', '', ''),
  (1129, 'en_US', 'Shipping configuration - at the top', '', ''),
  (1130, 'en_US', 'Shipping configuration - table header', '', ''),
  (1131, 'en_US', 'Shipping configuration - table row', '', ''),
  (1132, 'en_US', 'Shipping configuration - bottom', '', ''),
  (1133, 'en_US', 'Shipping configuration - creation form', '', ''),
  (1134, 'en_US', 'Shipping configuration - deletion form', '', ''),
  (1135, 'en_US', 'Shipping configuration - JavaScript', '', ''),
  (1136, 'en_US', 'Features - at the top', '', ''),
  (1137, 'en_US', 'Features - table header', '', ''),
  (1138, 'en_US', 'Features - table row', '', ''),
  (1139, 'en_US', 'Features - bottom', '', ''),
  (1140, 'en_US', 'Feature - creation form', '', ''),
  (1141, 'en_US', 'Feature - deletion form', '', ''),
  (1142, 'en_US', 'Feature - add to all form', '', ''),
  (1143, 'en_US', 'Feature - remove to all form', '', ''),
  (1144, 'en_US', 'Features - JavaScript', '', ''),
  (1145, 'en_US', 'Module - Edit JavaScript', '', ''),
  (1146, 'en_US', 'Module hook - creation form', '', ''),
  (1147, 'en_US', 'Module hook - deletion form', '', ''),
  (1148, 'en_US', 'Module hook - JavaScript', '', ''),
  (1149, 'en_US', 'Shipping configuration - Edit', '', ''),
  (1150, 'en_US', 'Shipping configuration - country deletion form', '', ''),
  (1151, 'en_US', 'Shipping configuration - Edit JavaScript', '', ''),
  (1152, 'en_US', 'Mailing system - at the top', '', ''),
  (1153, 'en_US', 'Mailing system - bottom', '', ''),
  (1154, 'en_US', 'Mailing system - JavaScript', '', ''),
  (1155, 'en_US', 'Categories - at the top', '', ''),
  (1156, 'en_US', 'Categories - caption', '', ''),
  (1157, 'en_US', 'Categories - header', '', ''),
  (1158, 'en_US', 'Categories - row', '', ''),
  (1159, 'en_US', 'Products - caption', '', ''),
  (1160, 'en_US', 'Products - header', '', ''),
  (1161, 'en_US', 'Products - row', '', ''),
  (1162, 'en_US', 'Categories - bottom', '', ''),
  (1163, 'en_US', 'Categories - at the bottom of the catalog', '', ''),
  (1164, 'en_US', 'Category - creation form', '', ''),
  (1165, 'en_US', 'Product - creation form', '', ''),
  (1166, 'en_US', 'Category - deletion form', '', ''),
  (1167, 'en_US', 'Product - deletion form', '', ''),
  (1168, 'en_US', 'Categories - JavaScript', '', ''),
  (1169, 'en_US', 'Variables - at the top', '', ''),
  (1170, 'en_US', 'Variables - table header', '', ''),
  (1171, 'en_US', 'Variables - table row', '', ''),
  (1172, 'en_US', 'Variables - bottom', '', ''),
  (1173, 'en_US', 'Variable - creation form', '', ''),
  (1174, 'en_US', 'Variable - deletion form', '', ''),
  (1175, 'en_US', 'Variables - JavaScript', '', ''),
  (1176, 'en_US', 'Order - product list', '', ''),
  (1177, 'en_US', 'Order - Edit JavaScript', '', ''),
  (1178, 'en_US', 'Store Information - JavaScript', '', ''),
  (1179, 'en_US', 'Translations - JavaScript', '', ''),
  (1180, 'en_US', 'Folder - at the top', '', ''),
  (1181, 'en_US', 'Folder - caption', '', ''),
  (1182, 'en_US', 'Folder - header', '', ''),
  (1183, 'en_US', 'Folder - row', '', ''),
  (1184, 'en_US', 'Contents - caption', '', ''),
  (1185, 'en_US', 'Contents - header', '', ''),
  (1186, 'en_US', 'Contents - row', '', ''),
  (1187, 'en_US', 'Folder - bottom', '', ''),
  (1188, 'en_US', 'Folder - creation form', '', ''),
  (1189, 'en_US', 'Content - creation form', '', ''),
  (1190, 'en_US', 'Folder - deletion form', '', ''),
  (1191, 'en_US', 'Content - deletion form', '', ''),
  (1192, 'en_US', 'Folder - JavaScript', '', ''),
  (1193, 'en_US', 'Template - Edit JavaScript', '', ''),
  (1194, 'en_US', 'Tax - Edit JavaScript', '', ''),
  (1195, 'en_US', 'Hook - Edit JavaScript', '', ''),
  (1196, 'en_US', 'Countries - at the top', '', ''),
  (1197, 'en_US', 'Countries - table header', '', ''),
  (1198, 'en_US', 'Countries - table row', '', ''),
  (1199, 'en_US', 'Countries - bottom', '', ''),
  (1200, 'en_US', 'Country - creation form', '', ''),
  (1201, 'en_US', 'Country - deletion form', '', ''),
  (1202, 'en_US', 'Countries - JavaScript', '', ''),
  (1203, 'en_US', 'Currencies - at the top', '', ''),
  (1204, 'en_US', 'Currencies - table header', '', ''),
  (1205, 'en_US', 'Currencies - table row', '', ''),
  (1206, 'en_US', 'Currencies - bottom', '', ''),
  (1207, 'en_US', 'Currency - creation form', '', ''),
  (1208, 'en_US', 'Currency - deletion form', '', ''),
  (1209, 'en_US', 'Currencies - JavaScript', '', ''),
  (1210, 'en_US', 'Customer - Edit', '', ''),
  (1211, 'en_US', 'Customer - address creation form', '', ''),
  (1212, 'en_US', 'Customer - address update form', '', ''),
  (1213, 'en_US', 'Customer - address deletion form', '', ''),
  (1214, 'en_US', 'Customer - Edit JavaScript', '', ''),
  (1215, 'en_US', 'Attributes value - table header', '', ''),
  (1216, 'en_US', 'Attributes value - table row', '', ''),
  (1217, 'en_US', 'Attribute value - creation form', '', ''),
  (1218, 'en_US', 'Attribut - id deletion form', '', ''),
  (1219, 'en_US', 'Attribut - Edit JavaScript', '', ''),
  (1220, 'en_US', 'Profiles - at the top', '', ''),
  (1221, 'en_US', 'Profiles - bottom', '', ''),
  (1222, 'en_US', 'Profile - creation form', '', ''),
  (1223, 'en_US', 'Profile - deletion form', '', ''),
  (1224, 'en_US', 'Profiles - JavaScript', '', ''),
  (1225, 'en_US', 'Country - Edit JavaScript', '', ''),
  (1226, 'en_US', 'Profile - Edit JavaScript', '', ''),
  (1227, 'en_US', 'Variable - Edit JavaScript', '', ''),
  (1228, 'en_US', 'Coupon - update JavaScript', '', ''),
  (1229, 'en_US', 'Coupon - at the top', '', ''),
  (1230, 'en_US', 'Coupon - list caption', '', ''),
  (1231, 'en_US', 'Coupon - table header', '', ''),
  (1232, 'en_US', 'Coupon - table row', '', ''),
  (1233, 'en_US', 'Coupon - bottom', '', ''),
  (1234, 'en_US', 'Coupon - list JavaScript', '', ''),
  (1235, 'en_US', 'Module - configuration', '', ''),
  (1236, 'en_US', 'Module - configuration JavaScript', '', ''),
  (1237, 'en_US', 'Message - Edit JavaScript', '', ''),
  (1238, 'en_US', 'Image - Edit JavaScript', '', ''),
  (1239, 'en_US', 'Attributes - at the top', '', ''),
  (1240, 'en_US', 'Attributes - table header', '', ''),
  (1241, 'en_US', 'Attributes - table row', '', ''),
  (1242, 'en_US', 'Attributes - bottom', '', ''),
  (1243, 'en_US', 'Attribut - creation form', '', ''),
  (1244, 'en_US', 'Attribut - deletion form', '', ''),
  (1245, 'en_US', 'Attribut - add to all form', '', ''),
  (1246, 'en_US', 'Attribut - remove to all form', '', ''),
  (1247, 'en_US', 'Attributes - JavaScript', '', ''),
  (1248, 'en_US', 'Logs - at the top', '', ''),
  (1249, 'en_US', 'Logs - bottom', '', ''),
  (1250, 'en_US', 'Logs - JavaScript', '', ''),
  (1251, 'en_US', 'Folder - Edit JavaScript', '', ''),
  (1252, 'en_US', 'Hooks - at the top', '', ''),
  (1253, 'en_US', 'Hooks - table header', '', ''),
  (1254, 'en_US', 'Hooks - table row', '', ''),
  (1255, 'en_US', 'Hooks - bottom', '', ''),
  (1256, 'en_US', 'Hook - creation form', '', ''),
  (1257, 'en_US', 'Hook - deletion form', '', ''),
  (1258, 'en_US', 'Hooks - JavaScript', '', ''),
  (1259, 'en_US', 'Layout - CSS', '', ''),
  (1260, 'en_US', 'Layout - before topbar', '', ''),
  (1261, 'en_US', 'Layout - inside top bar', '', ''),
  (1262, 'en_US', 'Layout - after top bar', '', ''),
  (1263, 'en_US', 'Layout - before top menu', '', ''),
  (1264, 'en_US', 'Layout - in top menu items', '', ''),
  (1265, 'en_US', 'Layout - after top menu', '', ''),
  (1266, 'en_US', 'Layout - before footer', '', ''),
  (1267, 'en_US', 'Layout - in footer', '', ''),
  (1268, 'en_US', 'Layout - after footer', '', ''),
  (1269, 'en_US', 'Layout - JavaScript', '', ''),
  (1270, 'en_US', 'Layout - at the top of the top bar', '', ''),
  (1271, 'en_US', 'Layout - at the bottom of the top bar', '', ''),
  (1272, 'en_US', 'Layout - in the menu customers', '', ''),
  (1273, 'en_US', 'Layout - in the menu orders', '', ''),
  (1274, 'en_US', 'Layout - in the menu catalog', '', ''),
  (1275, 'en_US', 'Layout - in the menu folders', '', ''),
  (1276, 'en_US', 'Layout - in the menu tools', '', ''),
  (1277, 'en_US', 'Layout - in the menu modules', '', ''),
  (1278, 'en_US', 'Layout - in the menu configuration', '', ''),
  (1279, 'en_US', 'Brand - Edit JavaScript', '', ''),
  (1280, 'en_US', 'Home - block', '', ''),
  (1281, 'en_US', 'Brands - at the top', '', ''),
  (1282, 'en_US', 'Brands - table header', '', ''),
  (1283, 'en_US', 'Brands - table row', '', ''),
  (1284, 'en_US', 'Brands - bottom', '', ''),
  (1285, 'en_US', 'Brand - creation form', '', ''),
  (1286, 'en_US', 'Brand - deletion form', '', ''),
  (1287, 'en_US', 'Brand - JavaScript', '', ''),
  (1288, 'en_US', 'Exports - at the top', '', ''),
  (1289, 'en_US', 'Exports - at the bottom of a category', '', ''),
  (1290, 'en_US', 'Exports - at the bottom of column 1', '', ''),
  (1291, 'en_US', 'Exports - JavaScript', '', ''),
  (1292, 'en_US', 'Export - JavaScript', '', ''),
  (1293, 'en_US', 'Brand - content', '', ''),
  (1294, 'en_US', 'Customer - order table header', '', ''),
  (1295, 'en_US', 'Customer - order table row', '', ''),

  (2001, 'en_US', 'Invoice - CSS', '', ''),
  (2002, 'en_US', 'Invoice - in the header', '', ''),
  (2003, 'en_US', 'Invoice - at the top of the footer', '', ''),
  (2004, 'en_US', 'Invoice - imprint', '', ''),
  (2005, 'en_US', 'Invoice - at the bottom of the footer', '', ''),
  (2006, 'en_US', 'Invoice - at the bottom of information area', '', ''),
  (2007, 'en_US', 'Invoice - after the information area', '', ''),
  (2008, 'en_US', 'Invoice - delivery address', '', ''),
  (2009, 'en_US', 'Invoice - after addresse area', '', ''),
  (2010, 'en_US', 'Invoice - after product listing', '', ''),
  (2011, 'en_US', 'Invoice - after the order summary', '', ''),
  (2012, 'en_US', 'Delivery - CSS', '', ''),
  (2013, 'en_US', 'Delivery - in the header', '', ''),
  (2014, 'en_US', 'Delivery - at the top of the footer', '', ''),
  (2015, 'en_US', 'Delivery - imprint', '', ''),
  (2016, 'en_US', 'Delivery - at the bottom of the footer', '', ''),
  (2017, 'en_US', 'Delivery - at the bottom of information area', '', ''),
  (2018, 'en_US', 'Delivery - after the information area', '', ''),
  (2019, 'en_US', 'Delivery - delivery address', '', ''),
  (2020, 'en_US', 'Delivery - after addresse area', '', ''),
  (2021, 'en_US', 'Delivery - after the order summary', '', ''),

  (2022, 'en_US', 'Order confirmation - after the order summary', '', ''),

  (2023, 'en_US', 'Where the WYSIWYG editor is required', '', ''),
  (1, 'es_ES', NULL, '', ''),
  (2, 'es_ES', NULL, '', ''),
  (3, 'es_ES', NULL, '', ''),
  (4, 'es_ES', NULL, '', ''),
  (5, 'es_ES', NULL, '', ''),
  (6, 'es_ES', NULL, '', ''),
  (7, 'es_ES', NULL, '', ''),
  (8, 'es_ES', NULL, '', ''),
  (9, 'es_ES', NULL, '', ''),
  (10, 'es_ES', NULL, '', ''),
  (11, 'es_ES', NULL, '', ''),
  (12, 'es_ES', NULL, '', ''),
  (13, 'es_ES', NULL, '', ''),
  (14, 'es_ES', NULL, '', ''),
  (15, 'es_ES', NULL, '', ''),
  (16, 'es_ES', NULL, '', ''),
  (17, 'es_ES', NULL, '', ''),
  (18, 'es_ES', NULL, '', ''),
  (19, 'es_ES', NULL, '', ''),
  (20, 'es_ES', NULL, '', ''),
  (21, 'es_ES', NULL, '', ''),
  (22, 'es_ES', NULL, '', ''),
  (23, 'es_ES', NULL, '', ''),
  (24, 'es_ES', NULL, '', ''),
  (25, 'es_ES', NULL, '', ''),
  (26, 'es_ES', NULL, '', ''),
  (27, 'es_ES', NULL, '', ''),
  (28, 'es_ES', NULL, '', ''),
  (29, 'es_ES', NULL, '', ''),
  (30, 'es_ES', NULL, '', ''),
  (31, 'es_ES', NULL, '', ''),
  (32, 'es_ES', NULL, '', ''),
  (33, 'es_ES', NULL, '', ''),
  (34, 'es_ES', NULL, '', ''),
  (35, 'es_ES', NULL, '', ''),
  (36, 'es_ES', NULL, '', ''),
  (37, 'es_ES', NULL, '', ''),
  (38, 'es_ES', NULL, '', ''),
  (39, 'es_ES', NULL, '', ''),
  (40, 'es_ES', NULL, '', ''),
  (41, 'es_ES', NULL, '', ''),
  (42, 'es_ES', NULL, '', ''),
  (43, 'es_ES', NULL, '', ''),
  (44, 'es_ES', NULL, '', ''),
  (45, 'es_ES', NULL, '', ''),
  (46, 'es_ES', NULL, '', ''),
  (47, 'es_ES', NULL, '', ''),
  (48, 'es_ES', NULL, '', ''),
  (49, 'es_ES', NULL, '', ''),
  (50, 'es_ES', NULL, '', ''),
  (51, 'es_ES', NULL, '', ''),
  (52, 'es_ES', NULL, '', ''),
  (53, 'es_ES', NULL, '', ''),
  (54, 'es_ES', NULL, '', ''),
  (55, 'es_ES', NULL, '', ''),
  (56, 'es_ES', NULL, '', ''),
  (57, 'es_ES', NULL, '', ''),
  (58, 'es_ES', NULL, '', ''),
  (59, 'es_ES', NULL, '', ''),
  (60, 'es_ES', NULL, '', ''),
  (61, 'es_ES', NULL, '', ''),
  (62, 'es_ES', NULL, '', ''),
  (63, 'es_ES', NULL, '', ''),
  (64, 'es_ES', NULL, '', ''),
  (65, 'es_ES', NULL, '', ''),
  (66, 'es_ES', NULL, '', ''),
  (67, 'es_ES', NULL, '', ''),
  (68, 'es_ES', NULL, '', ''),
  (69, 'es_ES', NULL, '', ''),
  (70, 'es_ES', NULL, '', ''),
  (71, 'es_ES', NULL, '', ''),
  (72, 'es_ES', NULL, '', ''),
  (73, 'es_ES', NULL, '', ''),
  (74, 'es_ES', NULL, '', ''),
  (75, 'es_ES', NULL, '', ''),
  (76, 'es_ES', NULL, '', ''),
  (77, 'es_ES', NULL, '', ''),
  (78, 'es_ES', NULL, '', ''),
  (79, 'es_ES', NULL, '', ''),
  (80, 'es_ES', NULL, '', ''),
  (81, 'es_ES', NULL, '', ''),
  (82, 'es_ES', NULL, '', ''),
  (83, 'es_ES', NULL, '', ''),
  (84, 'es_ES', NULL, '', ''),
  (85, 'es_ES', NULL, '', ''),
  (86, 'es_ES', NULL, '', ''),
  (87, 'es_ES', NULL, '', ''),
  (88, 'es_ES', NULL, '', ''),
  (89, 'es_ES', NULL, '', ''),
  (90, 'es_ES', NULL, '', ''),
  (91, 'es_ES', NULL, '', ''),
  (92, 'es_ES', NULL, '', ''),
  (93, 'es_ES', NULL, '', ''),
  (94, 'es_ES', NULL, '', ''),
  (95, 'es_ES', NULL, '', ''),
  (96, 'es_ES', NULL, '', ''),
  (97, 'es_ES', NULL, '', ''),
  (98, 'es_ES', NULL, '', ''),
  (99, 'es_ES', NULL, '', ''),
  (100, 'es_ES', NULL, '', ''),
  (101, 'es_ES', NULL, '', ''),
  (102, 'es_ES', NULL, '', ''),
  (103, 'es_ES', NULL, '', ''),
  (104, 'es_ES', NULL, '', ''),
  (105, 'es_ES', NULL, '', ''),
  (106, 'es_ES', NULL, '', ''),
  (107, 'es_ES', NULL, '', ''),
  (108, 'es_ES', NULL, '', ''),
  (109, 'es_ES', NULL, '', ''),
  (110, 'es_ES', NULL, '', ''),
  (111, 'es_ES', NULL, '', ''),
  (112, 'es_ES', NULL, '', ''),
  (113, 'es_ES', NULL, '', ''),
  (114, 'es_ES', NULL, '', ''),
  (115, 'es_ES', NULL, '', ''),
  (116, 'es_ES', NULL, '', ''),
  (117, 'es_ES', NULL, '', ''),
  (118, 'es_ES', NULL, '', ''),
  (119, 'es_ES', NULL, '', ''),
  (120, 'es_ES', NULL, '', ''),
  (121, 'es_ES', NULL, '', ''),
  (122, 'es_ES', NULL, '', ''),
  (123, 'es_ES', NULL, '', ''),
  (124, 'es_ES', NULL, '', ''),
  (125, 'es_ES', NULL, '', ''),
  (126, 'es_ES', NULL, '', ''),
  (127, 'es_ES', NULL, '', ''),
  (128, 'es_ES', NULL, '', ''),
  (129, 'es_ES', NULL, '', ''),
  (130, 'es_ES', NULL, '', ''),
  (131, 'es_ES', NULL, '', ''),
  (132, 'es_ES', NULL, '', ''),
  (133, 'es_ES', NULL, '', ''),
  (134, 'es_ES', NULL, '', ''),
  (135, 'es_ES', NULL, '', ''),
  (136, 'es_ES', NULL, '', ''),
  (137, 'es_ES', NULL, '', ''),
  (138, 'es_ES', NULL, '', ''),
  (139, 'es_ES', NULL, '', ''),
  (140, 'es_ES', NULL, '', ''),
  (141, 'es_ES', NULL, '', ''),
  (142, 'es_ES', NULL, '', ''),
  (143, 'es_ES', NULL, '', ''),
  (144, 'es_ES', NULL, '', ''),
  (145, 'es_ES', NULL, '', ''),
  (146, 'es_ES', NULL, '', ''),
  (147, 'es_ES', NULL, '', ''),
  (148, 'es_ES', NULL, '', ''),
  (149, 'es_ES', NULL, '', ''),
  (150, 'es_ES', NULL, '', ''),
  (151, 'es_ES', NULL, '', ''),
  (152, 'es_ES', NULL, '', ''),
  (153, 'es_ES', NULL, '', ''),
  (154, 'es_ES', NULL, '', ''),
  (155, 'es_ES', NULL, '', ''),
  (156, 'es_ES', NULL, '', ''),
  (157, 'es_ES', NULL, '', ''),
  (158, 'es_ES', NULL, '', ''),
  (159, 'es_ES', NULL, '', ''),
  (160, 'es_ES', NULL, '', ''),
  (161, 'es_ES', NULL, '', ''),
  (162, 'es_ES', NULL, '', ''),
  (163, 'es_ES', NULL, '', ''),
  (164, 'es_ES', NULL, '', ''),
  (165, 'es_ES', NULL, '', ''),
  (166, 'es_ES', NULL, '', ''),
  (167, 'es_ES', NULL, '', ''),
  (168, 'es_ES', NULL, '', ''),
  (169, 'es_ES', NULL, '', ''),
  (170, 'es_ES', NULL, '', ''),
  (171, 'es_ES', NULL, '', ''),
  (172, 'es_ES', NULL, '', ''),
  (173, 'es_ES', NULL, '', ''),
  (174, 'es_ES', NULL, '', ''),
  (175, 'es_ES', NULL, '', ''),
  (176, 'es_ES', NULL, '', ''),
  (177, 'es_ES', NULL, '', ''),
  (178, 'es_ES', NULL, '', ''),
  (179, 'es_ES', NULL, '', ''),
  (180, 'es_ES', NULL, '', ''),
  (181, 'es_ES', NULL, '', ''),
  (182, 'es_ES', NULL, '', ''),
  (183, 'es_ES', NULL, '', ''),
  (184, 'es_ES', NULL, '', ''),
  (185, 'es_ES', NULL, '', ''),
  (186, 'es_ES', NULL, '', ''),
  (1000, 'es_ES', NULL, '', ''),
  (1001, 'es_ES', NULL, '', ''),
  (1002, 'es_ES', NULL, '', ''),
  (1003, 'es_ES', NULL, '', ''),
  (1004, 'es_ES', NULL, '', ''),
  (1005, 'es_ES', NULL, '', ''),
  (1006, 'es_ES', NULL, '', ''),
  (1007, 'es_ES', NULL, '', ''),
  (1008, 'es_ES', NULL, '', ''),
  (1009, 'es_ES', NULL, '', ''),
  (1010, 'es_ES', NULL, '', ''),
  (1011, 'es_ES', NULL, '', ''),
  (1012, 'es_ES', NULL, '', ''),
  (1013, 'es_ES', NULL, '', ''),
  (1014, 'es_ES', NULL, '', ''),
  (1015, 'es_ES', NULL, '', ''),
  (1016, 'es_ES', NULL, '', ''),
  (1017, 'es_ES', NULL, '', ''),
  (1018, 'es_ES', NULL, '', ''),
  (1019, 'es_ES', NULL, '', ''),
  (1020, 'es_ES', NULL, '', ''),
  (1021, 'es_ES', NULL, '', ''),
  (1022, 'es_ES', NULL, '', ''),
  (1023, 'es_ES', NULL, '', ''),
  (1024, 'es_ES', NULL, '', ''),
  (1025, 'es_ES', NULL, '', ''),
  (1026, 'es_ES', NULL, '', ''),
  (1027, 'es_ES', NULL, '', ''),
  (1028, 'es_ES', NULL, '', ''),
  (1029, 'es_ES', NULL, '', ''),
  (1030, 'es_ES', NULL, '', ''),
  (1031, 'es_ES', NULL, '', ''),
  (1032, 'es_ES', NULL, '', ''),
  (1033, 'es_ES', NULL, '', ''),
  (1034, 'es_ES', NULL, '', ''),
  (1035, 'es_ES', NULL, '', ''),
  (1036, 'es_ES', NULL, '', ''),
  (1037, 'es_ES', NULL, '', ''),
  (1038, 'es_ES', NULL, '', ''),
  (1039, 'es_ES', NULL, '', ''),
  (1040, 'es_ES', NULL, '', ''),
  (1041, 'es_ES', NULL, '', ''),
  (1042, 'es_ES', NULL, '', ''),
  (1043, 'es_ES', NULL, '', ''),
  (1044, 'es_ES', NULL, '', ''),
  (1045, 'es_ES', NULL, '', ''),
  (1046, 'es_ES', NULL, '', ''),
  (1047, 'es_ES', NULL, '', ''),
  (1048, 'es_ES', NULL, '', ''),
  (1049, 'es_ES', NULL, '', ''),
  (1050, 'es_ES', NULL, '', ''),
  (1051, 'es_ES', NULL, '', ''),
  (1052, 'es_ES', NULL, '', ''),
  (1053, 'es_ES', NULL, '', ''),
  (1054, 'es_ES', NULL, '', ''),
  (1055, 'es_ES', NULL, '', ''),
  (1056, 'es_ES', NULL, '', ''),
  (1057, 'es_ES', NULL, '', ''),
  (1058, 'es_ES', NULL, '', ''),
  (1059, 'es_ES', NULL, '', ''),
  (1060, 'es_ES', NULL, '', ''),
  (1061, 'es_ES', NULL, '', ''),
  (1062, 'es_ES', NULL, '', ''),
  (1063, 'es_ES', NULL, '', ''),
  (1064, 'es_ES', NULL, '', ''),
  (1065, 'es_ES', NULL, '', ''),
  (1066, 'es_ES', NULL, '', ''),
  (1067, 'es_ES', NULL, '', ''),
  (1068, 'es_ES', NULL, '', ''),
  (1069, 'es_ES', NULL, '', ''),
  (1070, 'es_ES', NULL, '', ''),
  (1071, 'es_ES', NULL, '', ''),
  (1072, 'es_ES', NULL, '', ''),
  (1073, 'es_ES', NULL, '', ''),
  (1074, 'es_ES', NULL, '', ''),
  (1075, 'es_ES', NULL, '', ''),
  (1076, 'es_ES', NULL, '', ''),
  (1077, 'es_ES', NULL, '', ''),
  (1078, 'es_ES', NULL, '', ''),
  (1079, 'es_ES', NULL, '', ''),
  (1080, 'es_ES', NULL, '', ''),
  (1081, 'es_ES', NULL, '', ''),
  (1082, 'es_ES', NULL, '', ''),
  (1083, 'es_ES', NULL, '', ''),
  (1084, 'es_ES', NULL, '', ''),
  (1085, 'es_ES', NULL, '', ''),
  (1086, 'es_ES', NULL, '', ''),
  (1087, 'es_ES', NULL, '', ''),
  (1088, 'es_ES', NULL, '', ''),
  (1089, 'es_ES', NULL, '', ''),
  (1090, 'es_ES', NULL, '', ''),
  (1091, 'es_ES', NULL, '', ''),
  (1092, 'es_ES', NULL, '', ''),
  (1093, 'es_ES', NULL, '', ''),
  (1094, 'es_ES', NULL, '', ''),
  (1095, 'es_ES', NULL, '', ''),
  (1096, 'es_ES', NULL, '', ''),
  (1097, 'es_ES', NULL, '', ''),
  (1098, 'es_ES', NULL, '', ''),
  (1099, 'es_ES', NULL, '', ''),
  (1100, 'es_ES', NULL, '', ''),
  (1101, 'es_ES', NULL, '', ''),
  (1102, 'es_ES', NULL, '', ''),
  (1103, 'es_ES', NULL, '', ''),
  (1104, 'es_ES', NULL, '', ''),
  (1105, 'es_ES', NULL, '', ''),
  (1106, 'es_ES', NULL, '', ''),
  (1107, 'es_ES', NULL, '', ''),
  (1108, 'es_ES', NULL, '', ''),
  (1109, 'es_ES', NULL, '', ''),
  (1110, 'es_ES', NULL, '', ''),
  (1111, 'es_ES', NULL, '', ''),
  (1112, 'es_ES', NULL, '', ''),
  (1113, 'es_ES', NULL, '', ''),
  (1114, 'es_ES', NULL, '', ''),
  (1115, 'es_ES', NULL, '', ''),
  (1116, 'es_ES', NULL, '', ''),
  (1117, 'es_ES', NULL, '', ''),
  (1118, 'es_ES', NULL, '', ''),
  (1119, 'es_ES', NULL, '', ''),
  (1120, 'es_ES', NULL, '', ''),
  (1121, 'es_ES', NULL, '', ''),
  (1122, 'es_ES', NULL, '', ''),
  (1123, 'es_ES', NULL, '', ''),
  (1124, 'es_ES', NULL, '', ''),
  (1125, 'es_ES', NULL, '', ''),
  (1126, 'es_ES', NULL, '', ''),
  (1127, 'es_ES', NULL, '', ''),
  (1128, 'es_ES', NULL, '', ''),
  (1129, 'es_ES', NULL, '', ''),
  (1130, 'es_ES', NULL, '', ''),
  (1131, 'es_ES', NULL, '', ''),
  (1132, 'es_ES', NULL, '', ''),
  (1133, 'es_ES', NULL, '', ''),
  (1134, 'es_ES', NULL, '', ''),
  (1135, 'es_ES', NULL, '', ''),
  (1136, 'es_ES', NULL, '', ''),
  (1137, 'es_ES', NULL, '', ''),
  (1138, 'es_ES', NULL, '', ''),
  (1139, 'es_ES', NULL, '', ''),
  (1140, 'es_ES', NULL, '', ''),
  (1141, 'es_ES', NULL, '', ''),
  (1142, 'es_ES', NULL, '', ''),
  (1143, 'es_ES', NULL, '', ''),
  (1144, 'es_ES', NULL, '', ''),
  (1145, 'es_ES', NULL, '', ''),
  (1146, 'es_ES', NULL, '', ''),
  (1147, 'es_ES', NULL, '', ''),
  (1148, 'es_ES', NULL, '', ''),
  (1149, 'es_ES', NULL, '', ''),
  (1150, 'es_ES', NULL, '', ''),
  (1151, 'es_ES', NULL, '', ''),
  (1152, 'es_ES', NULL, '', ''),
  (1153, 'es_ES', NULL, '', ''),
  (1154, 'es_ES', NULL, '', ''),
  (1155, 'es_ES', NULL, '', ''),
  (1156, 'es_ES', NULL, '', ''),
  (1157, 'es_ES', NULL, '', ''),
  (1158, 'es_ES', NULL, '', ''),
  (1159, 'es_ES', NULL, '', ''),
  (1160, 'es_ES', NULL, '', ''),
  (1161, 'es_ES', NULL, '', ''),
  (1162, 'es_ES', NULL, '', ''),
  (1163, 'es_ES', NULL, '', ''),
  (1164, 'es_ES', NULL, '', ''),
  (1165, 'es_ES', NULL, '', ''),
  (1166, 'es_ES', NULL, '', ''),
  (1167, 'es_ES', NULL, '', ''),
  (1168, 'es_ES', NULL, '', ''),
  (1169, 'es_ES', NULL, '', ''),
  (1170, 'es_ES', NULL, '', ''),
  (1171, 'es_ES', NULL, '', ''),
  (1172, 'es_ES', NULL, '', ''),
  (1173, 'es_ES', NULL, '', ''),
  (1174, 'es_ES', NULL, '', ''),
  (1175, 'es_ES', NULL, '', ''),
  (1176, 'es_ES', NULL, '', ''),
  (1177, 'es_ES', NULL, '', ''),
  (1178, 'es_ES', NULL, '', ''),
  (1179, 'es_ES', NULL, '', ''),
  (1180, 'es_ES', NULL, '', ''),
  (1181, 'es_ES', NULL, '', ''),
  (1182, 'es_ES', NULL, '', ''),
  (1183, 'es_ES', NULL, '', ''),
  (1184, 'es_ES', NULL, '', ''),
  (1185, 'es_ES', NULL, '', ''),
  (1186, 'es_ES', NULL, '', ''),
  (1187, 'es_ES', NULL, '', ''),
  (1188, 'es_ES', NULL, '', ''),
  (1189, 'es_ES', NULL, '', ''),
  (1190, 'es_ES', NULL, '', ''),
  (1191, 'es_ES', NULL, '', ''),
  (1192, 'es_ES', NULL, '', ''),
  (1193, 'es_ES', NULL, '', ''),
  (1194, 'es_ES', NULL, '', ''),
  (1195, 'es_ES', NULL, '', ''),
  (1196, 'es_ES', NULL, '', ''),
  (1197, 'es_ES', NULL, '', ''),
  (1198, 'es_ES', NULL, '', ''),
  (1199, 'es_ES', NULL, '', ''),
  (1200, 'es_ES', NULL, '', ''),
  (1201, 'es_ES', NULL, '', ''),
  (1202, 'es_ES', NULL, '', ''),
  (1203, 'es_ES', NULL, '', ''),
  (1204, 'es_ES', NULL, '', ''),
  (1205, 'es_ES', NULL, '', ''),
  (1206, 'es_ES', NULL, '', ''),
  (1207, 'es_ES', NULL, '', ''),
  (1208, 'es_ES', NULL, '', ''),
  (1209, 'es_ES', NULL, '', ''),
  (1210, 'es_ES', NULL, '', ''),
  (1211, 'es_ES', NULL, '', ''),
  (1212, 'es_ES', NULL, '', ''),
  (1213, 'es_ES', NULL, '', ''),
  (1214, 'es_ES', NULL, '', ''),
  (1215, 'es_ES', NULL, '', ''),
  (1216, 'es_ES', NULL, '', ''),
  (1217, 'es_ES', NULL, '', ''),
  (1218, 'es_ES', NULL, '', ''),
  (1219, 'es_ES', NULL, '', ''),
  (1220, 'es_ES', NULL, '', ''),
  (1221, 'es_ES', NULL, '', ''),
  (1222, 'es_ES', NULL, '', ''),
  (1223, 'es_ES', NULL, '', ''),
  (1224, 'es_ES', NULL, '', ''),
  (1225, 'es_ES', NULL, '', ''),
  (1226, 'es_ES', NULL, '', ''),
  (1227, 'es_ES', NULL, '', ''),
  (1228, 'es_ES', NULL, '', ''),
  (1229, 'es_ES', NULL, '', ''),
  (1230, 'es_ES', NULL, '', ''),
  (1231, 'es_ES', NULL, '', ''),
  (1232, 'es_ES', NULL, '', ''),
  (1233, 'es_ES', NULL, '', ''),
  (1234, 'es_ES', NULL, '', ''),
  (1235, 'es_ES', NULL, '', ''),
  (1236, 'es_ES', NULL, '', ''),
  (1237, 'es_ES', NULL, '', ''),
  (1238, 'es_ES', NULL, '', ''),
  (1239, 'es_ES', NULL, '', ''),
  (1240, 'es_ES', NULL, '', ''),
  (1241, 'es_ES', NULL, '', ''),
  (1242, 'es_ES', NULL, '', ''),
  (1243, 'es_ES', NULL, '', ''),
  (1244, 'es_ES', NULL, '', ''),
  (1245, 'es_ES', NULL, '', ''),
  (1246, 'es_ES', NULL, '', ''),
  (1247, 'es_ES', NULL, '', ''),
  (1248, 'es_ES', NULL, '', ''),
  (1249, 'es_ES', NULL, '', ''),
  (1250, 'es_ES', NULL, '', ''),
  (1251, 'es_ES', NULL, '', ''),
  (1252, 'es_ES', NULL, '', ''),
  (1253, 'es_ES', NULL, '', ''),
  (1254, 'es_ES', NULL, '', ''),
  (1255, 'es_ES', NULL, '', ''),
  (1256, 'es_ES', NULL, '', ''),
  (1257, 'es_ES', NULL, '', ''),
  (1258, 'es_ES', NULL, '', ''),
  (1259, 'es_ES', NULL, '', ''),
  (1260, 'es_ES', NULL, '', ''),
  (1261, 'es_ES', NULL, '', ''),
  (1262, 'es_ES', NULL, '', ''),
  (1263, 'es_ES', NULL, '', ''),
  (1264, 'es_ES', NULL, '', ''),
  (1265, 'es_ES', NULL, '', ''),
  (1266, 'es_ES', NULL, '', ''),
  (1267, 'es_ES', NULL, '', ''),
  (1268, 'es_ES', NULL, '', ''),
  (1269, 'es_ES', NULL, '', ''),
  (1270, 'es_ES', NULL, '', ''),
  (1271, 'es_ES', NULL, '', ''),
  (1272, 'es_ES', NULL, '', ''),
  (1273, 'es_ES', NULL, '', ''),
  (1274, 'es_ES', NULL, '', ''),
  (1275, 'es_ES', NULL, '', ''),
  (1276, 'es_ES', NULL, '', ''),
  (1277, 'es_ES', NULL, '', ''),
  (1278, 'es_ES', NULL, '', ''),
  (1279, 'es_ES', NULL, '', ''),
  (1280, 'es_ES', NULL, '', ''),
  (1281, 'es_ES', NULL, '', ''),
  (1282, 'es_ES', NULL, '', ''),
  (1283, 'es_ES', NULL, '', ''),
  (1284, 'es_ES', NULL, '', ''),
  (1285, 'es_ES', NULL, '', ''),
  (1286, 'es_ES', NULL, '', ''),
  (1287, 'es_ES', NULL, '', ''),
  (1288, 'es_ES', NULL, '', ''),
  (1289, 'es_ES', NULL, '', ''),
  (1290, 'es_ES', NULL, '', ''),
  (1291, 'es_ES', NULL, '', ''),
  (1292, 'es_ES', NULL, '', ''),
  (1293, 'es_ES', NULL, '', ''),
  (1294, 'es_ES', NULL, '', ''),
  (1295, 'es_ES', NULL, '', ''),

  (2001, 'es_ES', NULL, '', ''),
  (2002, 'es_ES', NULL, '', ''),
  (2003, 'es_ES', NULL, '', ''),
  (2004, 'es_ES', NULL, '', ''),
  (2005, 'es_ES', NULL, '', ''),
  (2006, 'es_ES', NULL, '', ''),
  (2007, 'es_ES', NULL, '', ''),
  (2008, 'es_ES', NULL, '', ''),
  (2009, 'es_ES', NULL, '', ''),
  (2010, 'es_ES', NULL, '', ''),
  (2011, 'es_ES', NULL, '', ''),
  (2012, 'es_ES', NULL, '', ''),
  (2013, 'es_ES', NULL, '', ''),
  (2014, 'es_ES', NULL, '', ''),
  (2015, 'es_ES', NULL, '', ''),
  (2016, 'es_ES', NULL, '', ''),
  (2017, 'es_ES', NULL, '', ''),
  (2018, 'es_ES', NULL, '', ''),
  (2019, 'es_ES', NULL, '', ''),
  (2020, 'es_ES', NULL, '', ''),
  (2021, 'es_ES', NULL, '', ''),

  (2022, 'es_ES', NULL, '', ''),

  (2023, 'es_ES', NULL, '', ''),
  (1, 'fr_FR', 'Choix du mode de paiement - en haut', '', ''),
  (2, 'fr_FR', 'Choix du mode de paiement - adresse de livraison', '', ''),
  (3, 'fr_FR', 'Choix du mode de paiement - zone de paiement supplémentaire', '', ''),
  (4, 'fr_FR', 'Choix du mode de paiement - en bas', '', ''),
  (5, 'fr_FR', 'Choix du mode de paiement - après l\'initialisation du JavaScript', '', ''),
  (6, 'fr_FR', 'Choix du mode de paiement - feuille de style CSS', '', ''),
  (7, 'fr_FR', 'Choix du mode de paiement - après l\'inclusion du JavaScript', '', ''),
  (8, 'fr_FR', 'Passerelle de paiement - zone principale', '', ''),
  (9, 'fr_FR', 'Passerelle de paiement - javascript', '', ''),
  (10, 'fr_FR', 'Passerelle de paiement - après l\'initialisation du JavaScript', '', ''),
  (11, 'fr_FR', 'Passerelle de paiement - feuille de style CSS', '', ''),
  (12, 'fr_FR', 'Passerelle de paiement - après l\'inclusion du JavaScript', '', ''),
  (13, 'fr_FR', 'Sitemap - en bas', '', ''),
  (14, 'fr_FR', 'Page du choix de la device - en haut', '', ''),
  (15, 'fr_FR', 'Page du choix de la device - en bas', '', ''),
  (16, 'fr_FR', 'Page du choix de la device - feuille de style CSS', '', ''),
  (17, 'fr_FR', 'Page du choix de la device - après l\'inclusion du JavaScript', '', ''),
  (18, 'fr_FR', 'Page du choix de la device - après l\'initialisation du JavaScript', '', ''),
  (19, 'fr_FR', 'Page de connexion - en haut', '', ''),
  (20, 'fr_FR', 'Page de connexion - en haut de la zone principal', '', ''),
  (21, 'fr_FR', 'Page de connexion - en haut du formulaire', '', ''),
  (22, 'fr_FR', 'Page de connexion - en bas du formulaire', '', ''),
  (23, 'fr_FR', 'Page de connexion - en bas de la zone principal', '', ''),
  (24, 'fr_FR', 'Page de connexion - en bas', '', ''),
  (25, 'fr_FR', 'Page de connexion - feuille de style CSS', '', ''),
  (26, 'fr_FR', 'Page de connexion - après l\'inclusion du JavaScript', '', ''),
  (27, 'fr_FR', 'Page de connexion - après l\'initialisation du JavaScript', '', ''),
  (28, 'fr_FR', 'Modification compte client - en haut', '', ''),
  (29, 'fr_FR', 'Modification compte client - en haut du formulaire', '', ''),
  (30, 'fr_FR', 'Modification compte client - en bas du formulaire', '', ''),
  (31, 'fr_FR', 'Modification compte client - en bas', '', ''),
  (32, 'fr_FR', 'Modification compte client - feuille de style CSS', '', ''),
  (33, 'fr_FR', 'Modification compte client - après l\'inclusion du JavaScript', '', ''),
  (34, 'fr_FR', 'Modification compte client - après l\'initialisation du JavaScript', '', ''),
  (35, 'fr_FR', 'Panier - en haut', '', ''),
  (36, 'fr_FR', 'Panier - en bas', '', ''),
  (37, 'fr_FR', 'Panier - après l\'inclusion du JavaScript', '', ''),
  (38, 'fr_FR', 'Panier - feuille de style CSS', '', ''),
  (39, 'fr_FR', 'Panier - initialisation du JavaScript', '', ''),
  (40, 'fr_FR', 'Page contact - en haut', '', ''),
  (41, 'fr_FR', 'Page contact - en haut du formulaire', '', ''),
  (42, 'fr_FR', 'Page contact - en bas du formulaire', '', ''),
  (43, 'fr_FR', 'Page contact - en bas', '', ''),
  (44, 'fr_FR', 'Page contact - feuille de style CSS', '', ''),
  (45, 'fr_FR', 'Page contact - après l\'inclusion du JavaScript', '', ''),
  (46, 'fr_FR', 'Page contact - après l\'initialisation du JavaScript', '', ''),
  (47, 'fr_FR', 'Commande terminée - zone principale', '', ''),
  (48, 'fr_FR', 'Commande terminée - feuille de style CSS', '', ''),
  (49, 'fr_FR', 'Commande terminée - après l\'inclusion du JavaScript', '', ''),
  (50, 'fr_FR', 'Commande terminée - après l\'initialisation du JavaScript', '', ''),
  (51, 'fr_FR', 'Page de recherche - feuille de style CSS', '', ''),
  (52, 'fr_FR', 'Page de recherche - après l\'inclusion du JavaScript', '', ''),
  (53, 'fr_FR', 'Page de recherche - après l\'initialisation du JavaScript', '', ''),
  (54, 'fr_FR', 'Création de compte - en haut', '', ''),
  (55, 'fr_FR', 'Création de compte - en haut du formulaire', '', ''),
  (56, 'fr_FR', 'Création de compte - en bas du formulaire', '', ''),
  (57, 'fr_FR', 'Création de compte - en bas', '', ''),
  (58, 'fr_FR', 'Création de compte - feuille de style CSS', '', ''),
  (59, 'fr_FR', 'Création de compte - après l\'inclusion du JavaScript', '', ''),
  (60, 'fr_FR', 'Création de compte - après l\'initialisation du JavaScript', '', ''),
  (61, 'fr_FR', 'Mot de passe perdu - en haut', '', ''),
  (62, 'fr_FR', 'Mot de passe perdu - en haut du formulaire', '', ''),
  (63, 'fr_FR', 'Mot de passe perdu - en bas du formulaire', '', ''),
  (64, 'fr_FR', 'Mot de passe perdu - en bas', '', ''),
  (65, 'fr_FR', 'Mot de passe perdu - feuille de style CSS', '', ''),
  (66, 'fr_FR', 'Mot de passe perdu - après l\'inclusion du JavaScript', '', ''),
  (67, 'fr_FR', 'Mot de passe perdu - initialisation du JavaScript', '', ''),
  (68, 'fr_FR', 'Page du choix du langage - en haut', '', ''),
  (69, 'fr_FR', 'Page du choix du langage - en bas', '', ''),
  (70, 'fr_FR', 'Page du choix du langage - feuille de style CSS', '', ''),
  (71, 'fr_FR', 'Page du choix du langage - après l\'inclusion du JavaScript', '', ''),
  (72, 'fr_FR', 'Page du choix du langage - après l\'initialisation du JavaScript', '', ''),
  (73, 'fr_FR', 'Page contact - en cas de succès', '', ''),
  (74, 'fr_FR', 'Page newsletter - en haut', '', ''),
  (75, 'fr_FR', 'Page newsletter - en bas', '', ''),
  (76, 'fr_FR', 'Page newsletter - feuille de style CSS', '', ''),
  (77, 'fr_FR', 'Page newsletter - après l\'inclusion du JavaScript', '', ''),
  (78, 'fr_FR', 'Page newsletter - après l\'initialisation du JavaScript', '', ''),
  (79, 'fr_FR', 'Échec du paiement - feuille de style CSS', '', ''),
  (80, 'fr_FR', 'Echec du paiement - après l\'inclusion du JavaScript', '', ''),
  (81, 'fr_FR', 'Echec du paiement - initialisation du JavaScript', '', ''),
  (82, 'fr_FR', 'Page de contenu - en haut', '', ''),
  (83, 'fr_FR', 'Page de contenu - en haut de la zone principal', '', ''),
  (84, 'fr_FR', 'Page de contenu - en bas de la zone principal', '', ''),
  (85, 'fr_FR', 'Page de contenu - en bas', '', ''),
  (86, 'fr_FR', 'Page de contenu - feuille de style CSS', '', ''),
  (87, 'fr_FR', 'Page de contenu - après l\'inclusion du JavaScript', '', ''),
  (88, 'fr_FR', 'Page de contenu - après l\'initialisation du JavaScript', '', ''),
  (89, 'fr_FR', 'Structure HTML - après l\'ouverture de la balise head', '', ''),
  (90, 'fr_FR', 'Structure HTML - feuille de style CSS', '', ''),
  (91, 'fr_FR', 'Structure HTML - avant la fin de la balise head', '', ''),
  (92, 'fr_FR', 'Structure HTML - après l\'ouverture de la balise body', '', ''),
  (93, 'fr_FR', 'Structure HTML - en haut du header', '', ''),
  (94, 'fr_FR', 'Structure HTML - navigation secondaire', '', ''),
  (95, 'fr_FR', 'Structure HTML - navigation principale', '', ''),
  (96, 'fr_FR', 'Structure HTML - en bas du header', '', ''),
  (97, 'fr_FR', 'Structure HTML - au dessus de la zone de contenu principale', '', ''),
  (98, 'fr_FR', 'Structure HTML - en dessous de la zone de contenu principale', '', ''),
  (99, 'fr_FR', 'Structure HTML - en haut du pied de page', '', ''),
  (100, 'fr_FR', 'Structure HTML - corps du pied de page', '', ''),
  (101, 'fr_FR', 'Structure HTML - en bas du pied de page', '', ''),
  (102, 'fr_FR', 'Structure HTML - après l\'inclusion du JavaScript', '', ''),
  (103, 'fr_FR', 'Structure HTML - initialisation du JavaScript', '', ''),
  (104, 'fr_FR', 'Structure HTML - avant la fin de la balise body', '', ''),
  (105, 'fr_FR', 'Page introuvable - zone de contenu', '', ''),
  (106, 'fr_FR', 'Page introuvable - feuille de style CSS', '', ''),
  (107, 'fr_FR', 'Page introuvable - après l\'inclusion du JavaScript', '', ''),
  (108, 'fr_FR', 'Page introuvable - après l\'initialisation du JavaScript', '', ''),
  (109, 'fr_FR', 'Choix du transporteur - en haut', '', ''),
  (110, 'fr_FR', 'Choix du transporteur - en haut du formulaire', '', ''),
  (111, 'fr_FR', 'Choix du transporteur - en bas du formulaire', '', ''),
  (112, 'fr_FR', 'Choix du transporteur - en bas', '', ''),
  (113, 'fr_FR', 'Choix du transporteur - après l\'initialisation du JavaScript', '', ''),
  (114, 'fr_FR', 'Choix du transporteur - feuille de style CSS', '', ''),
  (115, 'fr_FR', 'Choix du transporteur - après l\'inclusion du JavaScript', '', ''),
  (116, 'fr_FR', 'Création d\'adresse - en haut', '', ''),
  (117, 'fr_FR', 'Création d\'adresse - en haut du formulaire', '', ''),
  (118, 'fr_FR', 'Création d\'adresse - en bas du formulaire', '', ''),
  (119, 'fr_FR', 'Création d\'adresse - en bas', '', ''),
  (120, 'fr_FR', 'Création d\'adresse - feuille de style CSS', '', ''),
  (121, 'fr_FR', 'Création d\'adresse - après l\'inclusion du JavaScript', '', ''),
  (122, 'fr_FR', 'Création d\'adresse - après l\'initialisation du JavaScript', '', ''),
  (123, 'fr_FR', 'Page dossier - en haut', '', ''),
  (124, 'fr_FR', 'Page dossier - en haut de la zone principale', '', ''),
  (125, 'fr_FR', 'Page dossier - en bas de la zone principale', '', ''),
  (126, 'fr_FR', 'Page dossier - en bas', '', ''),
  (127, 'fr_FR', 'Page dossier - feuille de style CSS', '', ''),
  (128, 'fr_FR', 'Page dossier - après l\'inclusion du JavaScript', '', ''),
  (129, 'fr_FR', 'Page dossier - après l\'initialisation du JavaScript', '', ''),
  (130, 'fr_FR', 'Échec de la commande - en haut', '', ''),
  (131, 'fr_FR', 'Échec de la commande - en bas', '', ''),
  (132, 'fr_FR', 'Échec de la commande - feuille de style CSS', '', ''),
  (133, 'fr_FR', 'Echec de la commande - après l\'inclusion du JavaScript', '', ''),
  (134, 'fr_FR', 'Echec de la commande - après l\'initialisation du JavaScript', '', ''),
  (135, 'fr_FR', 'Page catégorie - en haut', '', ''),
  (136, 'fr_FR', 'Page catégorie - en haut de la zone principal', '', ''),
  (137, 'fr_FR', 'Page catégorie - en bas de la zone principal', '', ''),
  (138, 'fr_FR', 'Page catégorie - en bas', '', ''),
  (139, 'fr_FR', 'Page catégorie - feuille de style CSS', '', ''),
  (140, 'fr_FR', 'Page catégorie - après l\'inclusion du JavaScript', '', ''),
  (141, 'fr_FR', 'Page catégorie - après l\'initialisation du JavaScript', '', ''),
  (142, 'fr_FR', 'Modification d\'adresse - en haut', '', ''),
  (143, 'fr_FR', 'Modification d\'adresse - en haut du formulaire', '', ''),
  (144, 'fr_FR', 'Modification d\'adresse - en bas du formulaire', '', ''),
  (145, 'fr_FR', 'Modification d\'adresse - en bas', '', ''),
  (146, 'fr_FR', 'Modification d\'adresse - feuille de style CSS', '', ''),
  (147, 'fr_FR', 'Modification d\'adresse - après l\'inclusion du JavaScript', '', ''),
  (148, 'fr_FR', 'Modification d\'adresse - après l\'initialisation du JavaScript', '', ''),
  (149, 'fr_FR', 'Page d\'accueil - zone principale', '', ''),
  (150, 'fr_FR', 'Page d\'accueil - feuille de style CSS', '', ''),
  (151, 'fr_FR', 'Page d\'accueil - après l\'inclusion du JavaScript', '', ''),
  (152, 'fr_FR', 'Page d\'accueil - après l\'initialisation du JavaScript', '', ''),
  (153, 'fr_FR', 'Changement de mot de passe - en haut', '', ''),
  (154, 'fr_FR', 'Changement de mot de passe - en bas', '', ''),
  (155, 'fr_FR', 'Changement de mot de passe - feuille de style CSS', '', ''),
  (156, 'fr_FR', 'Changement de mot de passe - après l\'inclusion du JavaScript', '', ''),
  (157, 'fr_FR', 'Changement de mot de passe - après l\'initialisation du JavaScript', '', ''),
  (158, 'fr_FR', 'Page produit - en haut', '', ''),
  (159, 'fr_FR', 'Page produit - galerie photos', '', ''),
  (160, 'fr_FR', 'Page produit - en haut de la zone détail', '', ''),
  (161, 'fr_FR', 'Page produit - en dessous de la zone de détail', '', ''),
  (162, 'fr_FR', 'Page produit - informations additionnelles', '', ''),
  (163, 'fr_FR', 'Page produit - en bas', '', ''),
  (164, 'fr_FR', 'Page produit - feuille de style CSS', '', ''),
  (165, 'fr_FR', 'Page produit - après l\'inclusion du JavaScript', '', ''),
  (166, 'fr_FR', 'Page produit - après l\'initialisation du JavaScript', '', ''),
  (167, 'fr_FR', 'Compte client - en haut', '', ''),
  (168, 'fr_FR', 'Compte client - en bas', '', ''),
  (169, 'fr_FR', 'Compte client - feuille de style CSS', '', ''),
  (170, 'fr_FR', 'Compte client - après l\'inclusion du JavaScript', '', ''),
  (171, 'fr_FR', 'Compte client - après l\'initialisation du JavaScript', '', ''),
  (172, 'fr_FR', 'Tous les produits - en haut', '', ''),
  (173, 'fr_FR', 'Tous les produits - en bas', '', ''),
  (174, 'fr_FR', 'Tous les produits - feuille de style CSS', '', ''),
  (175, 'fr_FR', 'Tous les produits - après l\'inclusion du JavaScript', '', ''),
  (176, 'fr_FR', 'Tous les produits - après l\'initialisation du JavaScript', '', ''),
  (177, 'fr_FR', 'Boucle produit - en haut', '', ''),
  (178, 'fr_FR', 'Boucle produit - en bas', '', ''),
  (179, 'fr_FR', 'Page catégorie - en haut de la sidebar', '', ''),
  (180, 'fr_FR', 'Page catégorie - le corps de la sidebar', '', ''),
  (181, 'fr_FR', 'Page catégorie - en bas de la sidebar', '', ''),
  (182, 'fr_FR', 'Page de contenu - en haut de la sidebar', '', ''),
  (183, 'fr_FR', 'Page de contenu - le corps de la sidebar', '', ''),
  (184, 'fr_FR', 'Page de contenu - en bas de la sidebar', '', ''),
  (185, 'fr_FR', 'Choix du transporteur - zone supplémentaire', '', ''),
  (186, 'fr_FR', 'Choix du transporteur - javascript', '', ''),
  (1000, 'fr_FR', 'Catégorie - contenu', '', ''),
  (1001, 'fr_FR', 'Contenu - contenu', '', ''),
  (1002, 'fr_FR', 'Dossier - contenu', '', ''),
  (1003, 'fr_FR', 'Commande - contenu', '', ''),
  (1004, 'fr_FR', 'Produit - contenu', '', ''),
  (1005, 'fr_FR', 'Valeur de caractéristiques - colonne tableau', '', ''),
  (1006, 'fr_FR', 'Valeur de caractéristiques - ligne tableau', '', ''),
  (1007, 'fr_FR', 'Caractéristique - Formulaire de création de valeur', '', ''),
  (1008, 'fr_FR', 'Caractéristique - JavaScript modification', '', ''),
  (1009, 'fr_FR', 'Produit - Modification de JavaScript', '', ''),
  (1010, 'fr_FR', 'Code promo - JavaScript création', '', ''),
  (1011, 'fr_FR', 'Taxes - formulaire de modification', '', ''),
  (1012, 'fr_FR', 'Règle de taxe - Modification de JavaScript', '', ''),
  (1013, 'fr_FR', 'Outils - en haut', '', ''),
  (1014, 'fr_FR', 'Outils - en haut de la colonne', '', ''),
  (1015, 'fr_FR', 'Outils - en bas de la colonne 1', '', ''),
  (1016, 'fr_FR', 'Outils - en bas', '', ''),
  (1017, 'fr_FR', 'Outils - JavaScript', '', ''),
  (1018, 'fr_FR', 'Messages - en haut', '', ''),
  (1019, 'fr_FR', 'Messages - colonne tableau', '', ''),
  (1020, 'fr_FR', 'Messages - ligne tableau', '', ''),
  (1021, 'fr_FR', 'Messages - bas', '', ''),
  (1022, 'fr_FR', 'Message - formulaire de création', '', ''),
  (1023, 'fr_FR', 'Message - formulaire de suppression', '', ''),
  (1024, 'fr_FR', 'Messages - JavaScript', '', ''),
  (1025, 'fr_FR', 'Règles de taxes - en haut', '', ''),
  (1026, 'fr_FR', 'Règles de taxes - en bas', '', ''),
  (1027, 'fr_FR', 'Taxe - formulaire de création', '', ''),
  (1028, 'fr_FR', 'Taxe - formulaire de suppression', '', ''),
  (1029, 'fr_FR', 'Règle de taxe - formulaire de création', '', ''),
  (1030, 'fr_FR', 'Règle de taxe - formulaire de suppression', '', ''),
  (1031, 'fr_FR', 'Règles de taxes - JavaScript', '', ''),
  (1032, 'fr_FR', 'Exports - en haut', '', ''),
  (1033, 'fr_FR', 'Exports - en bas d\'une catégorie', '', ''),
  (1034, 'fr_FR', 'Exports - en bas de la colonne 1', '', ''),
  (1035, 'fr_FR', 'Exports - JavaScript', '', ''),
  (1036, 'fr_FR', 'Export - JavaScript', '', ''),
  (1037, 'fr_FR', 'Produit - colonne tableau dossiers', '', ''),
  (1038, 'fr_FR', 'Produit - ligne tableau dossiers', '', ''),
  (1039, 'fr_FR', 'Produit - Formulaire détail des prix', '', ''),
  (1040, 'fr_FR', 'Produit - formulaire de modification du stock', '', ''),
  (1041, 'fr_FR', 'Produit - Formulaire détail des promotions', '', ''),
  (1042, 'fr_FR', 'Produit - avant les déclinaisons', '', ''),
  (1043, 'fr_FR', 'Produit - légende liste des déclinaisons', '', ''),
  (1044, 'fr_FR', 'Produit - après les déclinaisons', '', ''),
  (1045, 'fr_FR', 'Produit - formulaire de suppression de combinaison', '', ''),
  (1046, 'fr_FR', 'Modules - colonne tableau', '', ''),
  (1047, 'fr_FR', 'Modules - ligne tableau', '', ''),
  (1048, 'fr_FR', 'Devise - JavaScript modification', '', ''),
  (1049, 'fr_FR', 'Catégorie - colonne tableau contenus', '', ''),
  (1050, 'fr_FR', 'Catégorie - ligne tableau contenus', '', ''),
  (1051, 'fr_FR', 'Catégorie - JavaScript modification', '', ''),
  (1052, 'fr_FR', 'Document - JavaScript modification', '', ''),
  (1053, 'fr_FR', 'Client - en haut', '', ''),
  (1054, 'fr_FR', 'Clients - légende', '', ''),
  (1055, 'fr_FR', 'Clients - en-tête', '', ''),
  (1056, 'fr_FR', 'Clients - ligne', '', ''),
  (1057, 'fr_FR', 'Client - bas', '', ''),
  (1058, 'fr_FR', 'Client - formulaire de création', '', ''),
  (1059, 'fr_FR', 'Client - formulaire de suppression', '', ''),
  (1060, 'fr_FR', 'Clients - JavaScript', '', ''),
  (1061, 'fr_FR', 'Produit - colonne tableau contenus', '', ''),
  (1062, 'fr_FR', 'Produit - ligne tableau contenus', '', ''),
  (1063, 'fr_FR', 'Produit - colonne tableau accessoires', '', ''),
  (1064, 'fr_FR', 'Produit - ligne tableau accessoires', '', ''),
  (1065, 'fr_FR', 'Produit - colonne tableau catégories', '', ''),
  (1066, 'fr_FR', 'Produit - ligne tableau catégories', '', ''),
  (1067, 'fr_FR', 'Produit - colonne tableau attributs', '', ''),
  (1068, 'fr_FR', 'Produit - ligne tableau attributs', '', ''),
  (1069, 'fr_FR', 'Produit - colonne tableau caractéristiques', '', ''),
  (1070, 'fr_FR', 'Produit - ligne tableau caractéristiques', '', ''),
  (1071, 'fr_FR', 'Gabarit - colonne tableau attributs', '', ''),
  (1072, 'fr_FR', 'Gabarit - ligne tableau attributs', '', ''),
  (1073, 'fr_FR', 'Gabarit - colonne tableau caractéristiques', '', ''),
  (1074, 'fr_FR', 'Gabarit - ligne tableau caractéristiques', '', ''),
  (1075, 'fr_FR', 'Gabarits - en haut', '', ''),
  (1076, 'fr_FR', 'Gabarits - colonne tableau', '', ''),
  (1077, 'fr_FR', 'Gabarits - ligne tableau', '', ''),
  (1078, 'fr_FR', 'Gabarits - en bas', '', ''),
  (1079, 'fr_FR', 'Gabarit - formulaire de création', '', ''),
  (1080, 'fr_FR', 'Gabarit - formulaire de suppression', '', ''),
  (1081, 'fr_FR', 'Gabarits - JavaScript', '', ''),
  (1082, 'fr_FR', 'Configuration - en haut', '', ''),
  (1083, 'fr_FR', 'Configuration - en haut de la zone catalogue', '', ''),
  (1084, 'fr_FR', 'Configuration - en bas du catlogue', '', ''),
  (1085, 'fr_FR', 'Configuration - en haut de la zone livraison', '', ''),
  (1086, 'fr_FR', 'Configuration - en bas de la zone livraison', '', ''),
  (1087, 'fr_FR', 'Configuration - en haut de la zone système', '', ''),
  (1088, 'fr_FR', 'Configuration - en bas de la zone système', '', ''),
  (1089, 'fr_FR', 'Configuration - bas', '', ''),
  (1090, 'fr_FR', 'Configuration - JavaScript', '', ''),
  (1091, 'fr_FR', 'Tableau de bord - en haut', '', ''),
  (1092, 'fr_FR', 'Tableau de bord - au milieu', '', ''),
  (1093, 'fr_FR', 'Tableau de bord - bas', '', ''),
  (1094, 'fr_FR', 'Commandes - en haut', '', ''),
  (1095, 'fr_FR', 'Commandes - colonne tableau', '', ''),
  (1096, 'fr_FR', 'Commandes - ligne tableau', '', ''),
  (1097, 'fr_FR', 'Commandes - en bas', '', ''),
  (1098, 'fr_FR', 'Commandes - JavaScript', '', ''),
  (1099, 'fr_FR', 'Zone de livraison - en haut', '', ''),
  (1100, 'fr_FR', 'Zone de livraison - colonne tableau', '', ''),
  (1101, 'fr_FR', 'Zone de livraison - ligne tableau', '', ''),
  (1102, 'fr_FR', 'Zone de livraison - bas', '', ''),
  (1103, 'fr_FR', 'Zone de livraison - JavaScript', '', ''),
  (1104, 'fr_FR', 'Contenu - JavaScript modification', '', ''),
  (1105, 'fr_FR', 'Accueil - en haut', '', ''),
  (1106, 'fr_FR', 'Accueil - bas', '', ''),
  (1107, 'fr_FR', 'Accueil - JavaScript', '', ''),
  (1108, 'fr_FR', 'Modules - en haut', '', ''),
  (1109, 'fr_FR', 'Modules - bas', '', ''),
  (1110, 'fr_FR', 'Modules - JavaScript', '', ''),
  (1111, 'fr_FR', 'Langages - en haut', '', ''),
  (1112, 'fr_FR', 'Langages - bas', '', ''),
  (1113, 'fr_FR', 'Langage - formulaire de création', '', ''),
  (1114, 'fr_FR', 'Langages - formulaire de suppression', '', ''),
  (1115, 'fr_FR', 'Langages - JavaScript', '', ''),
  (1116, 'fr_FR', 'Zone - formulaire de suppression', '', ''),
  (1117, 'fr_FR', 'Zone de livraison - JavaScript modification', '', ''),
  (1118, 'fr_FR', 'Système - logs JavaScript', '', ''),
  (1119, 'fr_FR', 'Recherche - en haut', '', ''),
  (1120, 'fr_FR', 'Recherche - en bas', '', ''),
  (1121, 'fr_FR', 'Recherche - JavaScript', '', ''),
  (1122, 'fr_FR', 'Administateurs - en haut', '', ''),
  (1123, 'fr_FR', 'Administateurs - bas', '', ''),
  (1124, 'fr_FR', 'Administateur - formulaire de création', '', ''),
  (1125, 'fr_FR', 'Administateur - formulaire de modification', '', ''),
  (1126, 'fr_FR', 'Administateur - formulaire de suppression', '', ''),
  (1127, 'fr_FR', 'Administateurs - JavaScript', '', ''),
  (1128, 'fr_FR', 'Module hook - Modification de JavaScript', '', ''),
  (1129, 'fr_FR', 'Configuration du transport - en haut', '', ''),
  (1130, 'fr_FR', 'Configuration du transport - colonne tableau', '', ''),
  (1131, 'fr_FR', 'Configuration du transport - ligne tableau', '', ''),
  (1132, 'fr_FR', 'Configuration du transport - en bas', '', ''),
  (1133, 'fr_FR', 'Configuration du transport - formulaire de création', '', ''),
  (1134, 'fr_FR', 'Configuration du transport - formulaire de suppression', '', ''),
  (1135, 'fr_FR', 'Configuration du transport - JavaScript', '', ''),
  (1136, 'fr_FR', 'Caractéristiques - en haut', '', ''),
  (1137, 'fr_FR', 'Caractéristiques - colonne tableau', '', ''),
  (1138, 'fr_FR', 'Caractéristiques - ligne tableau', '', ''),
  (1139, 'fr_FR', 'Caractéristiques - bas', '', ''),
  (1140, 'fr_FR', 'Caractéristique - formulaire de création', '', ''),
  (1141, 'fr_FR', 'Caractéristique - formulaire de suppression', '', ''),
  (1142, 'fr_FR', 'Caractéristique - formulaire ajouter à tous', '', ''),
  (1143, 'fr_FR', 'Caractéristique - formulaire de suppression multiple', '', ''),
  (1144, 'fr_FR', 'Caractéristiques - JavaScript', '', ''),
  (1145, 'fr_FR', 'Module - Modification de JavaScript', '', ''),
  (1146, 'fr_FR', 'Module hook - formulaire de création', '', ''),
  (1147, 'fr_FR', 'Module hook - formulaire de suppression', '', ''),
  (1148, 'fr_FR', 'Point d\'accroche des modules - Javascript', '', ''),
  (1149, 'fr_FR', 'Configuration du transport - Modification', '', ''),
  (1150, 'fr_FR', 'Configuration du transport - formulaire de suppression de pays', '', ''),
  (1151, 'fr_FR', 'Configuration du transport - Modification de JavaScript', '', ''),
  (1152, 'fr_FR', 'Envoi des e-mails - en haut', '', ''),
  (1153, 'fr_FR', 'Envoi des e-mails - en bas', '', ''),
  (1154, 'fr_FR', 'Envoi des e-mails - JavaScript', '', ''),
  (1155, 'fr_FR', 'Catégories - en haut', '', ''),
  (1156, 'fr_FR', 'Catégories - légende', '', ''),
  (1157, 'fr_FR', 'Catégories - en-tête', '', ''),
  (1158, 'fr_FR', 'Catégories - ligne', '', ''),
  (1159, 'fr_FR', 'Produits - légende', '', ''),
  (1160, 'fr_FR', 'Produits - en-tête', '', ''),
  (1161, 'fr_FR', 'Produits - ligne', '', ''),
  (1162, 'fr_FR', 'Catégories - bas', '', ''),
  (1163, 'fr_FR', 'Catégories - en bas du catalogue', '', ''),
  (1164, 'fr_FR', 'Catégorie - formulaire de création', '', ''),
  (1165, 'fr_FR', 'Produit - formulaire de création', '', ''),
  (1166, 'fr_FR', 'Catégorie - formulaire de suppression', '', ''),
  (1167, 'fr_FR', 'Produit - formulaire de suppression', '', ''),
  (1168, 'fr_FR', 'Catégories - JavaScript', '', ''),
  (1169, 'fr_FR', 'Variables - en haut', '', ''),
  (1170, 'fr_FR', 'Variables - colonne tableau', '', ''),
  (1171, 'fr_FR', 'Variables - ligne tableau', '', ''),
  (1172, 'fr_FR', 'Variables - en bas', '', ''),
  (1173, 'fr_FR', 'Variable - formulaire de création', '', ''),
  (1174, 'fr_FR', 'Variable - formulaire de suppression', '', ''),
  (1175, 'fr_FR', 'Variables - JavaScript', '', ''),
  (1176, 'fr_FR', 'Commande - liste produit', '', ''),
  (1177, 'fr_FR', 'Commande - Modification de JavaScript', '', ''),
  (1178, 'fr_FR', 'Information boutique - JavaScript', '', ''),
  (1179, 'fr_FR', 'Traductions - JavaScript', '', ''),
  (1180, 'fr_FR', 'Dossiers - en haut', '', ''),
  (1181, 'fr_FR', 'Dossiers - légende', '', ''),
  (1182, 'fr_FR', 'Dossiers - en-tête', '', ''),
  (1183, 'fr_FR', 'Dossiers - ligne', '', ''),
  (1184, 'fr_FR', 'Contenus - légende', '', ''),
  (1185, 'fr_FR', 'Contenus - en-tête', '', ''),
  (1186, 'fr_FR', 'Contenus - ligne', '', ''),
  (1187, 'fr_FR', 'Dossiers - bas', '', ''),
  (1188, 'fr_FR', 'Dossier - formulaire de création', '', ''),
  (1189, 'fr_FR', 'Contenu - formulaire de création', '', ''),
  (1190, 'fr_FR', 'Dossier - formulaire de suppression', '', ''),
  (1191, 'fr_FR', 'Contenu - formulaire de suppression', '', ''),
  (1192, 'fr_FR', 'Dossiers - JavaScript', '', ''),
  (1193, 'fr_FR', 'Gabarit - Modification de JavaScript', '', ''),
  (1194, 'fr_FR', 'Taxe - Modification de JavaScript', '', ''),
  (1195, 'fr_FR', 'Point d\'accroche - JavaScript modification', '', ''),
  (1196, 'fr_FR', 'Pays - en haut', '', ''),
  (1197, 'fr_FR', 'Pays - colonne tableau', '', ''),
  (1198, 'fr_FR', 'Pays - ligne tableau', '', ''),
  (1199, 'fr_FR', 'Pays - bas', '', ''),
  (1200, 'fr_FR', 'Pays - formulaire de création', '', ''),
  (1201, 'fr_FR', 'Pays - formulaire de suppression', '', ''),
  (1202, 'fr_FR', 'Pays - JavaScript', '', ''),
  (1203, 'fr_FR', 'Devises - en haut', '', ''),
  (1204, 'fr_FR', 'Devises - colonne tableau', '', ''),
  (1205, 'fr_FR', 'Devises - ligne tableau', '', ''),
  (1206, 'fr_FR', 'Devises - bas', '', ''),
  (1207, 'fr_FR', 'Devise - formulaire de création', '', ''),
  (1208, 'fr_FR', 'Devise - formulaire de suppression', '', ''),
  (1209, 'fr_FR', 'Devises - JavaScript', '', ''),
  (1210, 'fr_FR', 'Client - Modification', '', ''),
  (1211, 'fr_FR', 'Client - formulaire de création d\'adresse', '', ''),
  (1212, 'fr_FR', 'Client - formulaire de Modification d\'adresse', '', ''),
  (1213, 'fr_FR', 'Client - formulaire de suppression adresse', '', ''),
  (1214, 'fr_FR', 'Client - JavaScript modification', '', ''),
  (1215, 'fr_FR', 'Valeurs des attributs - colonne tableau', '', ''),
  (1216, 'fr_FR', 'Valeurs des attributs - ligne tableau', '', ''),
  (1217, 'fr_FR', 'Valeur d\'attribut - formulaire de création', '', ''),
  (1218, 'fr_FR', 'Attribut - formulaire de suppression ID', '', ''),
  (1219, 'fr_FR', 'Attribut - JavaScript modification', '', ''),
  (1220, 'fr_FR', 'Profils - en haut', '', ''),
  (1221, 'fr_FR', 'Profils - en bas', '', ''),
  (1222, 'fr_FR', 'Profil - formulaire de création', '', ''),
  (1223, 'fr_FR', 'Profil - formulaire de suppression', '', ''),
  (1224, 'fr_FR', 'Profils - JavaScript', '', ''),
  (1225, 'fr_FR', 'Pays - JavaScript modification', '', ''),
  (1226, 'fr_FR', 'Profil - Modification de JavaScript', '', ''),
  (1227, 'fr_FR', 'Variable - Modification de JavaScript', '', ''),
  (1228, 'fr_FR', 'Code promo - JavaScript modification', '', ''),
  (1229, 'fr_FR', 'Code promo - en haut', '', ''),
  (1230, 'fr_FR', 'Code promo - légende liste', '', ''),
  (1231, 'fr_FR', 'Code promo - colonne tableau', '', ''),
  (1232, 'fr_FR', 'Code promo - ligne tableau', '', ''),
  (1233, 'fr_FR', 'Code promo - bas', '', ''),
  (1234, 'fr_FR', 'Code promo - JavaScript des listes', '', ''),
  (1235, 'fr_FR', 'Module - configuration', '', ''),
  (1236, 'fr_FR', 'Module - JavaScript configuration', '', ''),
  (1237, 'fr_FR', 'Message - Modification de JavaScript', '', ''),
  (1238, 'fr_FR', 'Image - Modification de JavaScript', '', ''),
  (1239, 'fr_FR', 'Attributs - en haut', '', ''),
  (1240, 'fr_FR', 'Attributs - colonne tableau', '', ''),
  (1241, 'fr_FR', 'Attributs - ligne tableau', '', ''),
  (1242, 'fr_FR', 'Attributs - bas', '', ''),
  (1243, 'fr_FR', 'Attribut - formulaire de création', '', ''),
  (1244, 'fr_FR', 'Attribut - formulaire de suppression', '', ''),
  (1245, 'fr_FR', 'Attribut - formulaire ajouter à tous', '', ''),
  (1246, 'fr_FR', 'Attribut - formulaire de suppression multiple', '', ''),
  (1247, 'fr_FR', 'Attributs - JavaScript', '', ''),
  (1248, 'fr_FR', 'Logs - en haut', '', ''),
  (1249, 'fr_FR', 'Logs - bas', '', ''),
  (1250, 'fr_FR', 'Journaux - JavaScript', '', ''),
  (1251, 'fr_FR', 'Dossier - JavaScript modification', '', ''),
  (1252, 'fr_FR', 'Point d\'accroches - en haut', '', ''),
  (1253, 'fr_FR', 'Point d\'accroches - colonne tableau', '', ''),
  (1254, 'fr_FR', 'Point d\'accroches - ligne tableau', '', ''),
  (1255, 'fr_FR', 'Point d\'accroches - bas', '', ''),
  (1256, 'fr_FR', 'Point d\'accroche - formulaire de création', '', ''),
  (1257, 'fr_FR', 'Point d\'accroche - formulaire de suppression', '', ''),
  (1258, 'fr_FR', 'Points d\'accroche - Javascript', '', ''),
  (1259, 'fr_FR', 'Mise en page - CSS', '', ''),
  (1260, 'fr_FR', 'Mise en page - avant la barre de titre', '', ''),
  (1261, 'fr_FR', 'Mise en page - dans la barre de titre', '', ''),
  (1262, 'fr_FR', 'Mise en page - après la barre de titre', '', ''),
  (1263, 'fr_FR', 'Mise en page - avant le menu haut', '', ''),
  (1264, 'fr_FR', 'Mise en page - éléments du menu haut', '', ''),
  (1265, 'fr_FR', 'Mise en page - après le menu haut', '', ''),
  (1266, 'fr_FR', 'Mise en page - avant le pied de page', '', ''),
  (1267, 'fr_FR', 'Mise en page - dans le pied de page', '', ''),
  (1268, 'fr_FR', 'Mise en page - après le pied de page', '', ''),
  (1269, 'fr_FR', 'Mise en page - JavaScript', '', ''),
  (1270, 'fr_FR', 'Mise en page - en haut de la barre supérieure', '', ''),
  (1271, 'fr_FR', 'Mise en page - en bas de la barre supérieure', '', ''),
  (1272, 'fr_FR', 'Mise en page - dans le menu clients', '', ''),
  (1273, 'fr_FR', 'Mise en page - dans le menu commandes', '', ''),
  (1274, 'fr_FR', 'Mise en page - dans le menu catalogue', '', ''),
  (1275, 'fr_FR', 'Mise en page - dans le menu dossiers', '', ''),
  (1276, 'fr_FR', 'Mise en page - dans le menu outils', '', ''),
  (1277, 'fr_FR', 'Mise en page - dans le menu modules', '', ''),
  (1278, 'fr_FR', 'Mise en page - dans le menu configuration', '', ''),
  (1279, 'fr_FR', 'Marque - Modification du JavaScript', '', ''),
  (1280, 'fr_FR', 'Accueil - bloc', '', ''),
  (1281, 'fr_FR', 'Marques - en haut', '', ''),
  (1282, 'fr_FR', 'Marques - colonne tableau', '', ''),
  (1283, 'fr_FR', 'Marques - ligne tableau', '', ''),
  (1284, 'fr_FR', 'Marques - bas', '', ''),
  (1285, 'fr_FR', 'Marque - formulaire de création', '', ''),
  (1286, 'fr_FR', 'Marque - formulaire de suppression', '', ''),
  (1287, 'fr_FR', 'Marque - JavaScript', '', ''),
  (1288, 'fr_FR', 'Exports - en haut', '', ''),
  (1289, 'fr_FR', 'Exports - en bas d\'une catégorie', '', ''),
  (1290, 'fr_FR', 'Exports - en bas de la colonne 1', '', ''),
  (1291, 'fr_FR', 'Exports - JavaScript', '', ''),
  (1292, 'fr_FR', 'Export - JavaScript', '', ''),
  (1293, 'fr_FR', 'Marque - contenu', '', ''),
  (1294, 'fr_FR', 'Client - colonne tableau commande', '', ''),
  (1295, 'fr_FR', 'Client - ligne tableau commande', '', ''),

  (2001, 'fr_FR', 'Facture - CSS', '', ''),
  (2002, 'fr_FR', 'Facture - dans l\'en-tête', '', ''),
  (2003, 'fr_FR', 'Facture - en haut du pied de page', '', ''),
  (2004, 'fr_FR', 'Facture - mentions légales', '', ''),
  (2005, 'fr_FR', 'Facture - en bas du pied de page', '', ''),
  (2006, 'fr_FR', 'Facture - en bas de la zone d\'informations', '', ''),
  (2007, 'fr_FR', 'Facture - après la zone d\'informations', '', ''),
  (2008, 'fr_FR', 'Facture - adresse de livraison', '', ''),
  (2009, 'fr_FR', 'Facture - après la zone d\'adresses', '', ''),
  (2010, 'fr_FR', 'Facture - après la liste des produits', '', ''),
  (2011, 'fr_FR', 'Facture - après le résumé de la commande', '', ''),
  (2012, 'fr_FR', 'Bon de livraison - CSS', '', ''),
  (2013, 'fr_FR', 'Bon de livraison - dans l\'en-tête', '', ''),
  (2014, 'fr_FR', 'Bon de livraison - en haut du pied de page', '', ''),
  (2015, 'fr_FR', 'Bon de livraison - mentions légales', '', ''),
  (2016, 'fr_FR', 'Bon de livraison - en bas du pied de page', '', ''),
  (2017, 'fr_FR', 'Bon de livraison - en bas de la zone d\'informations', '', ''),
  (2018, 'fr_FR', 'Bon de livraison - après la zone d\'informations', '', ''),
  (2019, 'fr_FR', 'Bon de livraison - adresse de livraison', '', ''),
  (2020, 'fr_FR', 'Bon de livraison - après la zone d\'adresses', '', ''),
  (2021, 'fr_FR', 'Bon de livraison - après le résumé de la commande', '', ''),

  (2022, 'fr_FR', 'Confirmation de commande - après les récapitulatif de commande', '', ''),

  (2023, 'fr_FR', 'Partout ou l\'éditeur WYSIWYG est nécessaire', '', ''),
  (1, 'it_IT', NULL, '', ''),
  (2, 'it_IT', NULL, '', ''),
  (3, 'it_IT', NULL, '', ''),
  (4, 'it_IT', NULL, '', ''),
  (5, 'it_IT', NULL, '', ''),
  (6, 'it_IT', NULL, '', ''),
  (7, 'it_IT', NULL, '', ''),
  (8, 'it_IT', NULL, '', ''),
  (9, 'it_IT', NULL, '', ''),
  (10, 'it_IT', NULL, '', ''),
  (11, 'it_IT', NULL, '', ''),
  (12, 'it_IT', NULL, '', ''),
  (13, 'it_IT', NULL, '', ''),
  (14, 'it_IT', NULL, '', ''),
  (15, 'it_IT', NULL, '', ''),
  (16, 'it_IT', NULL, '', ''),
  (17, 'it_IT', NULL, '', ''),
  (18, 'it_IT', NULL, '', ''),
  (19, 'it_IT', NULL, '', ''),
  (20, 'it_IT', NULL, '', ''),
  (21, 'it_IT', NULL, '', ''),
  (22, 'it_IT', NULL, '', ''),
  (23, 'it_IT', NULL, '', ''),
  (24, 'it_IT', NULL, '', ''),
  (25, 'it_IT', NULL, '', ''),
  (26, 'it_IT', NULL, '', ''),
  (27, 'it_IT', NULL, '', ''),
  (28, 'it_IT', NULL, '', ''),
  (29, 'it_IT', NULL, '', ''),
  (30, 'it_IT', NULL, '', ''),
  (31, 'it_IT', NULL, '', ''),
  (32, 'it_IT', NULL, '', ''),
  (33, 'it_IT', NULL, '', ''),
  (34, 'it_IT', NULL, '', ''),
  (35, 'it_IT', NULL, '', ''),
  (36, 'it_IT', NULL, '', ''),
  (37, 'it_IT', NULL, '', ''),
  (38, 'it_IT', NULL, '', ''),
  (39, 'it_IT', NULL, '', ''),
  (40, 'it_IT', NULL, '', ''),
  (41, 'it_IT', NULL, '', ''),
  (42, 'it_IT', NULL, '', ''),
  (43, 'it_IT', NULL, '', ''),
  (44, 'it_IT', NULL, '', ''),
  (45, 'it_IT', NULL, '', ''),
  (46, 'it_IT', NULL, '', ''),
  (47, 'it_IT', NULL, '', ''),
  (48, 'it_IT', NULL, '', ''),
  (49, 'it_IT', NULL, '', ''),
  (50, 'it_IT', NULL, '', ''),
  (51, 'it_IT', NULL, '', ''),
  (52, 'it_IT', NULL, '', ''),
  (53, 'it_IT', NULL, '', ''),
  (54, 'it_IT', NULL, '', ''),
  (55, 'it_IT', NULL, '', ''),
  (56, 'it_IT', NULL, '', ''),
  (57, 'it_IT', NULL, '', ''),
  (58, 'it_IT', NULL, '', ''),
  (59, 'it_IT', NULL, '', ''),
  (60, 'it_IT', NULL, '', ''),
  (61, 'it_IT', NULL, '', ''),
  (62, 'it_IT', NULL, '', ''),
  (63, 'it_IT', NULL, '', ''),
  (64, 'it_IT', NULL, '', ''),
  (65, 'it_IT', NULL, '', ''),
  (66, 'it_IT', NULL, '', ''),
  (67, 'it_IT', NULL, '', ''),
  (68, 'it_IT', NULL, '', ''),
  (69, 'it_IT', NULL, '', ''),
  (70, 'it_IT', NULL, '', ''),
  (71, 'it_IT', NULL, '', ''),
  (72, 'it_IT', NULL, '', ''),
  (73, 'it_IT', NULL, '', ''),
  (74, 'it_IT', NULL, '', ''),
  (75, 'it_IT', NULL, '', ''),
  (76, 'it_IT', NULL, '', ''),
  (77, 'it_IT', NULL, '', ''),
  (78, 'it_IT', NULL, '', ''),
  (79, 'it_IT', NULL, '', ''),
  (80, 'it_IT', NULL, '', ''),
  (81, 'it_IT', NULL, '', ''),
  (82, 'it_IT', NULL, '', ''),
  (83, 'it_IT', NULL, '', ''),
  (84, 'it_IT', NULL, '', ''),
  (85, 'it_IT', NULL, '', ''),
  (86, 'it_IT', NULL, '', ''),
  (87, 'it_IT', NULL, '', ''),
  (88, 'it_IT', NULL, '', ''),
  (89, 'it_IT', NULL, '', ''),
  (90, 'it_IT', NULL, '', ''),
  (91, 'it_IT', NULL, '', ''),
  (92, 'it_IT', NULL, '', ''),
  (93, 'it_IT', NULL, '', ''),
  (94, 'it_IT', NULL, '', ''),
  (95, 'it_IT', NULL, '', ''),
  (96, 'it_IT', NULL, '', ''),
  (97, 'it_IT', NULL, '', ''),
  (98, 'it_IT', NULL, '', ''),
  (99, 'it_IT', NULL, '', ''),
  (100, 'it_IT', NULL, '', ''),
  (101, 'it_IT', NULL, '', ''),
  (102, 'it_IT', NULL, '', ''),
  (103, 'it_IT', NULL, '', ''),
  (104, 'it_IT', NULL, '', ''),
  (105, 'it_IT', NULL, '', ''),
  (106, 'it_IT', NULL, '', ''),
  (107, 'it_IT', NULL, '', ''),
  (108, 'it_IT', NULL, '', ''),
  (109, 'it_IT', NULL, '', ''),
  (110, 'it_IT', NULL, '', ''),
  (111, 'it_IT', NULL, '', ''),
  (112, 'it_IT', NULL, '', ''),
  (113, 'it_IT', NULL, '', ''),
  (114, 'it_IT', NULL, '', ''),
  (115, 'it_IT', NULL, '', ''),
  (116, 'it_IT', NULL, '', ''),
  (117, 'it_IT', NULL, '', ''),
  (118, 'it_IT', NULL, '', ''),
  (119, 'it_IT', NULL, '', ''),
  (120, 'it_IT', NULL, '', ''),
  (121, 'it_IT', NULL, '', ''),
  (122, 'it_IT', NULL, '', ''),
  (123, 'it_IT', NULL, '', ''),
  (124, 'it_IT', NULL, '', ''),
  (125, 'it_IT', NULL, '', ''),
  (126, 'it_IT', NULL, '', ''),
  (127, 'it_IT', NULL, '', ''),
  (128, 'it_IT', NULL, '', ''),
  (129, 'it_IT', NULL, '', ''),
  (130, 'it_IT', NULL, '', ''),
  (131, 'it_IT', NULL, '', ''),
  (132, 'it_IT', NULL, '', ''),
  (133, 'it_IT', NULL, '', ''),
  (134, 'it_IT', NULL, '', ''),
  (135, 'it_IT', NULL, '', ''),
  (136, 'it_IT', NULL, '', ''),
  (137, 'it_IT', NULL, '', ''),
  (138, 'it_IT', NULL, '', ''),
  (139, 'it_IT', NULL, '', ''),
  (140, 'it_IT', NULL, '', ''),
  (141, 'it_IT', NULL, '', ''),
  (142, 'it_IT', NULL, '', ''),
  (143, 'it_IT', NULL, '', ''),
  (144, 'it_IT', NULL, '', ''),
  (145, 'it_IT', NULL, '', ''),
  (146, 'it_IT', NULL, '', ''),
  (147, 'it_IT', NULL, '', ''),
  (148, 'it_IT', NULL, '', ''),
  (149, 'it_IT', NULL, '', ''),
  (150, 'it_IT', NULL, '', ''),
  (151, 'it_IT', NULL, '', ''),
  (152, 'it_IT', NULL, '', ''),
  (153, 'it_IT', NULL, '', ''),
  (154, 'it_IT', NULL, '', ''),
  (155, 'it_IT', NULL, '', ''),
  (156, 'it_IT', NULL, '', ''),
  (157, 'it_IT', NULL, '', ''),
  (158, 'it_IT', NULL, '', ''),
  (159, 'it_IT', NULL, '', ''),
  (160, 'it_IT', NULL, '', ''),
  (161, 'it_IT', NULL, '', ''),
  (162, 'it_IT', NULL, '', ''),
  (163, 'it_IT', NULL, '', ''),
  (164, 'it_IT', NULL, '', ''),
  (165, 'it_IT', NULL, '', ''),
  (166, 'it_IT', NULL, '', ''),
  (167, 'it_IT', NULL, '', ''),
  (168, 'it_IT', NULL, '', ''),
  (169, 'it_IT', NULL, '', ''),
  (170, 'it_IT', NULL, '', ''),
  (171, 'it_IT', NULL, '', ''),
  (172, 'it_IT', NULL, '', ''),
  (173, 'it_IT', NULL, '', ''),
  (174, 'it_IT', NULL, '', ''),
  (175, 'it_IT', NULL, '', ''),
  (176, 'it_IT', NULL, '', ''),
  (177, 'it_IT', NULL, '', ''),
  (178, 'it_IT', NULL, '', ''),
  (179, 'it_IT', NULL, '', ''),
  (180, 'it_IT', NULL, '', ''),
  (181, 'it_IT', NULL, '', ''),
  (182, 'it_IT', NULL, '', ''),
  (183, 'it_IT', NULL, '', ''),
  (184, 'it_IT', NULL, '', ''),
  (185, 'it_IT', NULL, '', ''),
  (186, 'it_IT', NULL, '', ''),
  (1000, 'it_IT', NULL, '', ''),
  (1001, 'it_IT', NULL, '', ''),
  (1002, 'it_IT', NULL, '', ''),
  (1003, 'it_IT', NULL, '', ''),
  (1004, 'it_IT', NULL, '', ''),
  (1005, 'it_IT', NULL, '', ''),
  (1006, 'it_IT', NULL, '', ''),
  (1007, 'it_IT', NULL, '', ''),
  (1008, 'it_IT', NULL, '', ''),
  (1009, 'it_IT', NULL, '', ''),
  (1010, 'it_IT', NULL, '', ''),
  (1011, 'it_IT', NULL, '', ''),
  (1012, 'it_IT', NULL, '', ''),
  (1013, 'it_IT', NULL, '', ''),
  (1014, 'it_IT', NULL, '', ''),
  (1015, 'it_IT', NULL, '', ''),
  (1016, 'it_IT', NULL, '', ''),
  (1017, 'it_IT', NULL, '', ''),
  (1018, 'it_IT', NULL, '', ''),
  (1019, 'it_IT', NULL, '', ''),
  (1020, 'it_IT', NULL, '', ''),
  (1021, 'it_IT', NULL, '', ''),
  (1022, 'it_IT', NULL, '', ''),
  (1023, 'it_IT', NULL, '', ''),
  (1024, 'it_IT', NULL, '', ''),
  (1025, 'it_IT', NULL, '', ''),
  (1026, 'it_IT', NULL, '', ''),
  (1027, 'it_IT', NULL, '', ''),
  (1028, 'it_IT', NULL, '', ''),
  (1029, 'it_IT', NULL, '', ''),
  (1030, 'it_IT', NULL, '', ''),
  (1031, 'it_IT', NULL, '', ''),
  (1032, 'it_IT', NULL, '', ''),
  (1033, 'it_IT', NULL, '', ''),
  (1034, 'it_IT', NULL, '', ''),
  (1035, 'it_IT', NULL, '', ''),
  (1036, 'it_IT', NULL, '', ''),
  (1037, 'it_IT', NULL, '', ''),
  (1038, 'it_IT', NULL, '', ''),
  (1039, 'it_IT', NULL, '', ''),
  (1040, 'it_IT', NULL, '', ''),
  (1041, 'it_IT', NULL, '', ''),
  (1042, 'it_IT', NULL, '', ''),
  (1043, 'it_IT', NULL, '', ''),
  (1044, 'it_IT', NULL, '', ''),
  (1045, 'it_IT', NULL, '', ''),
  (1046, 'it_IT', NULL, '', ''),
  (1047, 'it_IT', NULL, '', ''),
  (1048, 'it_IT', NULL, '', ''),
  (1049, 'it_IT', NULL, '', ''),
  (1050, 'it_IT', NULL, '', ''),
  (1051, 'it_IT', NULL, '', ''),
  (1052, 'it_IT', NULL, '', ''),
  (1053, 'it_IT', NULL, '', ''),
  (1054, 'it_IT', NULL, '', ''),
  (1055, 'it_IT', NULL, '', ''),
  (1056, 'it_IT', NULL, '', ''),
  (1057, 'it_IT', NULL, '', ''),
  (1058, 'it_IT', NULL, '', ''),
  (1059, 'it_IT', NULL, '', ''),
  (1060, 'it_IT', NULL, '', ''),
  (1061, 'it_IT', NULL, '', ''),
  (1062, 'it_IT', NULL, '', ''),
  (1063, 'it_IT', NULL, '', ''),
  (1064, 'it_IT', NULL, '', ''),
  (1065, 'it_IT', NULL, '', ''),
  (1066, 'it_IT', NULL, '', ''),
  (1067, 'it_IT', NULL, '', ''),
  (1068, 'it_IT', NULL, '', ''),
  (1069, 'it_IT', NULL, '', ''),
  (1070, 'it_IT', NULL, '', ''),
  (1071, 'it_IT', NULL, '', ''),
  (1072, 'it_IT', NULL, '', ''),
  (1073, 'it_IT', NULL, '', ''),
  (1074, 'it_IT', NULL, '', ''),
  (1075, 'it_IT', NULL, '', ''),
  (1076, 'it_IT', NULL, '', ''),
  (1077, 'it_IT', NULL, '', ''),
  (1078, 'it_IT', NULL, '', ''),
  (1079, 'it_IT', NULL, '', ''),
  (1080, 'it_IT', NULL, '', ''),
  (1081, 'it_IT', NULL, '', ''),
  (1082, 'it_IT', NULL, '', ''),
  (1083, 'it_IT', NULL, '', ''),
  (1084, 'it_IT', NULL, '', ''),
  (1085, 'it_IT', NULL, '', ''),
  (1086, 'it_IT', NULL, '', ''),
  (1087, 'it_IT', NULL, '', ''),
  (1088, 'it_IT', NULL, '', ''),
  (1089, 'it_IT', NULL, '', ''),
  (1090, 'it_IT', NULL, '', ''),
  (1091, 'it_IT', NULL, '', ''),
  (1092, 'it_IT', NULL, '', ''),
  (1093, 'it_IT', NULL, '', ''),
  (1094, 'it_IT', NULL, '', ''),
  (1095, 'it_IT', NULL, '', ''),
  (1096, 'it_IT', NULL, '', ''),
  (1097, 'it_IT', NULL, '', ''),
  (1098, 'it_IT', NULL, '', ''),
  (1099, 'it_IT', NULL, '', ''),
  (1100, 'it_IT', NULL, '', ''),
  (1101, 'it_IT', NULL, '', ''),
  (1102, 'it_IT', NULL, '', ''),
  (1103, 'it_IT', NULL, '', ''),
  (1104, 'it_IT', NULL, '', ''),
  (1105, 'it_IT', NULL, '', ''),
  (1106, 'it_IT', NULL, '', ''),
  (1107, 'it_IT', NULL, '', ''),
  (1108, 'it_IT', NULL, '', ''),
  (1109, 'it_IT', NULL, '', ''),
  (1110, 'it_IT', NULL, '', ''),
  (1111, 'it_IT', NULL, '', ''),
  (1112, 'it_IT', NULL, '', ''),
  (1113, 'it_IT', NULL, '', ''),
  (1114, 'it_IT', NULL, '', ''),
  (1115, 'it_IT', NULL, '', ''),
  (1116, 'it_IT', NULL, '', ''),
  (1117, 'it_IT', NULL, '', ''),
  (1118, 'it_IT', NULL, '', ''),
  (1119, 'it_IT', NULL, '', ''),
  (1120, 'it_IT', NULL, '', ''),
  (1121, 'it_IT', NULL, '', ''),
  (1122, 'it_IT', NULL, '', ''),
  (1123, 'it_IT', NULL, '', ''),
  (1124, 'it_IT', NULL, '', ''),
  (1125, 'it_IT', NULL, '', ''),
  (1126, 'it_IT', NULL, '', ''),
  (1127, 'it_IT', NULL, '', ''),
  (1128, 'it_IT', NULL, '', ''),
  (1129, 'it_IT', NULL, '', ''),
  (1130, 'it_IT', NULL, '', ''),
  (1131, 'it_IT', NULL, '', ''),
  (1132, 'it_IT', NULL, '', ''),
  (1133, 'it_IT', NULL, '', ''),
  (1134, 'it_IT', NULL, '', ''),
  (1135, 'it_IT', NULL, '', ''),
  (1136, 'it_IT', NULL, '', ''),
  (1137, 'it_IT', NULL, '', ''),
  (1138, 'it_IT', NULL, '', ''),
  (1139, 'it_IT', NULL, '', ''),
  (1140, 'it_IT', NULL, '', ''),
  (1141, 'it_IT', NULL, '', ''),
  (1142, 'it_IT', NULL, '', ''),
  (1143, 'it_IT', NULL, '', ''),
  (1144, 'it_IT', NULL, '', ''),
  (1145, 'it_IT', NULL, '', ''),
  (1146, 'it_IT', NULL, '', ''),
  (1147, 'it_IT', NULL, '', ''),
  (1148, 'it_IT', NULL, '', ''),
  (1149, 'it_IT', NULL, '', ''),
  (1150, 'it_IT', NULL, '', ''),
  (1151, 'it_IT', NULL, '', ''),
  (1152, 'it_IT', NULL, '', ''),
  (1153, 'it_IT', NULL, '', ''),
  (1154, 'it_IT', NULL, '', ''),
  (1155, 'it_IT', NULL, '', ''),
  (1156, 'it_IT', NULL, '', ''),
  (1157, 'it_IT', NULL, '', ''),
  (1158, 'it_IT', NULL, '', ''),
  (1159, 'it_IT', NULL, '', ''),
  (1160, 'it_IT', NULL, '', ''),
  (1161, 'it_IT', NULL, '', ''),
  (1162, 'it_IT', NULL, '', ''),
  (1163, 'it_IT', NULL, '', ''),
  (1164, 'it_IT', NULL, '', ''),
  (1165, 'it_IT', NULL, '', ''),
  (1166, 'it_IT', NULL, '', ''),
  (1167, 'it_IT', NULL, '', ''),
  (1168, 'it_IT', NULL, '', ''),
  (1169, 'it_IT', NULL, '', ''),
  (1170, 'it_IT', NULL, '', ''),
  (1171, 'it_IT', NULL, '', ''),
  (1172, 'it_IT', NULL, '', ''),
  (1173, 'it_IT', NULL, '', ''),
  (1174, 'it_IT', NULL, '', ''),
  (1175, 'it_IT', NULL, '', ''),
  (1176, 'it_IT', NULL, '', ''),
  (1177, 'it_IT', NULL, '', ''),
  (1178, 'it_IT', NULL, '', ''),
  (1179, 'it_IT', NULL, '', ''),
  (1180, 'it_IT', NULL, '', ''),
  (1181, 'it_IT', NULL, '', ''),
  (1182, 'it_IT', NULL, '', ''),
  (1183, 'it_IT', NULL, '', ''),
  (1184, 'it_IT', NULL, '', ''),
  (1185, 'it_IT', NULL, '', ''),
  (1186, 'it_IT', NULL, '', ''),
  (1187, 'it_IT', NULL, '', ''),
  (1188, 'it_IT', NULL, '', ''),
  (1189, 'it_IT', NULL, '', ''),
  (1190, 'it_IT', NULL, '', ''),
  (1191, 'it_IT', NULL, '', ''),
  (1192, 'it_IT', NULL, '', ''),
  (1193, 'it_IT', NULL, '', ''),
  (1194, 'it_IT', NULL, '', ''),
  (1195, 'it_IT', NULL, '', ''),
  (1196, 'it_IT', NULL, '', ''),
  (1197, 'it_IT', NULL, '', ''),
  (1198, 'it_IT', NULL, '', ''),
  (1199, 'it_IT', NULL, '', ''),
  (1200, 'it_IT', NULL, '', ''),
  (1201, 'it_IT', NULL, '', ''),
  (1202, 'it_IT', NULL, '', ''),
  (1203, 'it_IT', NULL, '', ''),
  (1204, 'it_IT', NULL, '', ''),
  (1205, 'it_IT', NULL, '', ''),
  (1206, 'it_IT', NULL, '', ''),
  (1207, 'it_IT', NULL, '', ''),
  (1208, 'it_IT', NULL, '', ''),
  (1209, 'it_IT', NULL, '', ''),
  (1210, 'it_IT', NULL, '', ''),
  (1211, 'it_IT', NULL, '', ''),
  (1212, 'it_IT', NULL, '', ''),
  (1213, 'it_IT', NULL, '', ''),
  (1214, 'it_IT', NULL, '', ''),
  (1215, 'it_IT', NULL, '', ''),
  (1216, 'it_IT', NULL, '', ''),
  (1217, 'it_IT', NULL, '', ''),
  (1218, 'it_IT', NULL, '', ''),
  (1219, 'it_IT', NULL, '', ''),
  (1220, 'it_IT', NULL, '', ''),
  (1221, 'it_IT', NULL, '', ''),
  (1222, 'it_IT', NULL, '', ''),
  (1223, 'it_IT', NULL, '', ''),
  (1224, 'it_IT', NULL, '', ''),
  (1225, 'it_IT', NULL, '', ''),
  (1226, 'it_IT', NULL, '', ''),
  (1227, 'it_IT', NULL, '', ''),
  (1228, 'it_IT', NULL, '', ''),
  (1229, 'it_IT', NULL, '', ''),
  (1230, 'it_IT', NULL, '', ''),
  (1231, 'it_IT', NULL, '', ''),
  (1232, 'it_IT', NULL, '', ''),
  (1233, 'it_IT', NULL, '', ''),
  (1234, 'it_IT', NULL, '', ''),
  (1235, 'it_IT', NULL, '', ''),
  (1236, 'it_IT', NULL, '', ''),
  (1237, 'it_IT', NULL, '', ''),
  (1238, 'it_IT', NULL, '', ''),
  (1239, 'it_IT', NULL, '', ''),
  (1240, 'it_IT', NULL, '', ''),
  (1241, 'it_IT', NULL, '', ''),
  (1242, 'it_IT', NULL, '', ''),
  (1243, 'it_IT', NULL, '', ''),
  (1244, 'it_IT', NULL, '', ''),
  (1245, 'it_IT', NULL, '', ''),
  (1246, 'it_IT', NULL, '', ''),
  (1247, 'it_IT', NULL, '', ''),
  (1248, 'it_IT', NULL, '', ''),
  (1249, 'it_IT', NULL, '', ''),
  (1250, 'it_IT', NULL, '', ''),
  (1251, 'it_IT', NULL, '', ''),
  (1252, 'it_IT', NULL, '', ''),
  (1253, 'it_IT', NULL, '', ''),
  (1254, 'it_IT', NULL, '', ''),
  (1255, 'it_IT', NULL, '', ''),
  (1256, 'it_IT', NULL, '', ''),
  (1257, 'it_IT', NULL, '', ''),
  (1258, 'it_IT', NULL, '', ''),
  (1259, 'it_IT', NULL, '', ''),
  (1260, 'it_IT', NULL, '', ''),
  (1261, 'it_IT', NULL, '', ''),
  (1262, 'it_IT', NULL, '', ''),
  (1263, 'it_IT', NULL, '', ''),
  (1264, 'it_IT', NULL, '', ''),
  (1265, 'it_IT', NULL, '', ''),
  (1266, 'it_IT', NULL, '', ''),
  (1267, 'it_IT', NULL, '', ''),
  (1268, 'it_IT', NULL, '', ''),
  (1269, 'it_IT', NULL, '', ''),
  (1270, 'it_IT', NULL, '', ''),
  (1271, 'it_IT', NULL, '', ''),
  (1272, 'it_IT', NULL, '', ''),
  (1273, 'it_IT', NULL, '', ''),
  (1274, 'it_IT', NULL, '', ''),
  (1275, 'it_IT', NULL, '', ''),
  (1276, 'it_IT', NULL, '', ''),
  (1277, 'it_IT', NULL, '', ''),
  (1278, 'it_IT', NULL, '', ''),
  (1279, 'it_IT', NULL, '', ''),
  (1280, 'it_IT', NULL, '', ''),
  (1281, 'it_IT', NULL, '', ''),
  (1282, 'it_IT', NULL, '', ''),
  (1283, 'it_IT', NULL, '', ''),
  (1284, 'it_IT', NULL, '', ''),
  (1285, 'it_IT', NULL, '', ''),
  (1286, 'it_IT', NULL, '', ''),
  (1287, 'it_IT', NULL, '', ''),
  (1288, 'it_IT', NULL, '', ''),
  (1289, 'it_IT', NULL, '', ''),
  (1290, 'it_IT', NULL, '', ''),
  (1291, 'it_IT', NULL, '', ''),
  (1292, 'it_IT', NULL, '', ''),
  (1293, 'it_IT', NULL, '', ''),
  (1294, 'it_IT', NULL, '', ''),
  (1295, 'it_IT', NULL, '', ''),

  (2001, 'it_IT', NULL, '', ''),
  (2002, 'it_IT', NULL, '', ''),
  (2003, 'it_IT', NULL, '', ''),
  (2004, 'it_IT', NULL, '', ''),
  (2005, 'it_IT', NULL, '', ''),
  (2006, 'it_IT', NULL, '', ''),
  (2007, 'it_IT', NULL, '', ''),
  (2008, 'it_IT', NULL, '', ''),
  (2009, 'it_IT', NULL, '', ''),
  (2010, 'it_IT', NULL, '', ''),
  (2011, 'it_IT', NULL, '', ''),
  (2012, 'it_IT', NULL, '', ''),
  (2013, 'it_IT', NULL, '', ''),
  (2014, 'it_IT', NULL, '', ''),
  (2015, 'it_IT', NULL, '', ''),
  (2016, 'it_IT', NULL, '', ''),
  (2017, 'it_IT', NULL, '', ''),
  (2018, 'it_IT', NULL, '', ''),
  (2019, 'it_IT', NULL, '', ''),
  (2020, 'it_IT', NULL, '', ''),
  (2021, 'it_IT', NULL, '', ''),

  (2022, 'it_IT', NULL, '', ''),

  (2023, 'it_IT', NULL, '', ''),
  (1, 'pt_BR', NULL, '', ''),
  (2, 'pt_BR', NULL, '', ''),
  (3, 'pt_BR', NULL, '', ''),
  (4, 'pt_BR', NULL, '', ''),
  (5, 'pt_BR', NULL, '', ''),
  (6, 'pt_BR', NULL, '', ''),
  (7, 'pt_BR', NULL, '', ''),
  (8, 'pt_BR', NULL, '', ''),
  (9, 'pt_BR', NULL, '', ''),
  (10, 'pt_BR', NULL, '', ''),
  (11, 'pt_BR', NULL, '', ''),
  (12, 'pt_BR', NULL, '', ''),
  (13, 'pt_BR', NULL, '', ''),
  (14, 'pt_BR', NULL, '', ''),
  (15, 'pt_BR', NULL, '', ''),
  (16, 'pt_BR', NULL, '', ''),
  (17, 'pt_BR', NULL, '', ''),
  (18, 'pt_BR', NULL, '', ''),
  (19, 'pt_BR', NULL, '', ''),
  (20, 'pt_BR', NULL, '', ''),
  (21, 'pt_BR', NULL, '', ''),
  (22, 'pt_BR', NULL, '', ''),
  (23, 'pt_BR', NULL, '', ''),
  (24, 'pt_BR', NULL, '', ''),
  (25, 'pt_BR', NULL, '', ''),
  (26, 'pt_BR', NULL, '', ''),
  (27, 'pt_BR', NULL, '', ''),
  (28, 'pt_BR', NULL, '', ''),
  (29, 'pt_BR', NULL, '', ''),
  (30, 'pt_BR', NULL, '', ''),
  (31, 'pt_BR', NULL, '', ''),
  (32, 'pt_BR', NULL, '', ''),
  (33, 'pt_BR', NULL, '', ''),
  (34, 'pt_BR', NULL, '', ''),
  (35, 'pt_BR', NULL, '', ''),
  (36, 'pt_BR', NULL, '', ''),
  (37, 'pt_BR', NULL, '', ''),
  (38, 'pt_BR', NULL, '', ''),
  (39, 'pt_BR', NULL, '', ''),
  (40, 'pt_BR', NULL, '', ''),
  (41, 'pt_BR', NULL, '', ''),
  (42, 'pt_BR', NULL, '', ''),
  (43, 'pt_BR', NULL, '', ''),
  (44, 'pt_BR', NULL, '', ''),
  (45, 'pt_BR', NULL, '', ''),
  (46, 'pt_BR', NULL, '', ''),
  (47, 'pt_BR', NULL, '', ''),
  (48, 'pt_BR', NULL, '', ''),
  (49, 'pt_BR', NULL, '', ''),
  (50, 'pt_BR', NULL, '', ''),
  (51, 'pt_BR', NULL, '', ''),
  (52, 'pt_BR', NULL, '', ''),
  (53, 'pt_BR', NULL, '', ''),
  (54, 'pt_BR', NULL, '', ''),
  (55, 'pt_BR', NULL, '', ''),
  (56, 'pt_BR', NULL, '', ''),
  (57, 'pt_BR', NULL, '', ''),
  (58, 'pt_BR', NULL, '', ''),
  (59, 'pt_BR', NULL, '', ''),
  (60, 'pt_BR', NULL, '', ''),
  (61, 'pt_BR', NULL, '', ''),
  (62, 'pt_BR', NULL, '', ''),
  (63, 'pt_BR', NULL, '', ''),
  (64, 'pt_BR', NULL, '', ''),
  (65, 'pt_BR', NULL, '', ''),
  (66, 'pt_BR', NULL, '', ''),
  (67, 'pt_BR', NULL, '', ''),
  (68, 'pt_BR', NULL, '', ''),
  (69, 'pt_BR', NULL, '', ''),
  (70, 'pt_BR', NULL, '', ''),
  (71, 'pt_BR', NULL, '', ''),
  (72, 'pt_BR', NULL, '', ''),
  (73, 'pt_BR', NULL, '', ''),
  (74, 'pt_BR', NULL, '', ''),
  (75, 'pt_BR', NULL, '', ''),
  (76, 'pt_BR', NULL, '', ''),
  (77, 'pt_BR', NULL, '', ''),
  (78, 'pt_BR', NULL, '', ''),
  (79, 'pt_BR', NULL, '', ''),
  (80, 'pt_BR', NULL, '', ''),
  (81, 'pt_BR', NULL, '', ''),
  (82, 'pt_BR', NULL, '', ''),
  (83, 'pt_BR', NULL, '', ''),
  (84, 'pt_BR', NULL, '', ''),
  (85, 'pt_BR', NULL, '', ''),
  (86, 'pt_BR', NULL, '', ''),
  (87, 'pt_BR', NULL, '', ''),
  (88, 'pt_BR', NULL, '', ''),
  (89, 'pt_BR', NULL, '', ''),
  (90, 'pt_BR', NULL, '', ''),
  (91, 'pt_BR', NULL, '', ''),
  (92, 'pt_BR', NULL, '', ''),
  (93, 'pt_BR', NULL, '', ''),
  (94, 'pt_BR', NULL, '', ''),
  (95, 'pt_BR', NULL, '', ''),
  (96, 'pt_BR', NULL, '', ''),
  (97, 'pt_BR', NULL, '', ''),
  (98, 'pt_BR', NULL, '', ''),
  (99, 'pt_BR', NULL, '', ''),
  (100, 'pt_BR', NULL, '', ''),
  (101, 'pt_BR', NULL, '', ''),
  (102, 'pt_BR', NULL, '', ''),
  (103, 'pt_BR', NULL, '', ''),
  (104, 'pt_BR', NULL, '', ''),
  (105, 'pt_BR', NULL, '', ''),
  (106, 'pt_BR', NULL, '', ''),
  (107, 'pt_BR', NULL, '', ''),
  (108, 'pt_BR', NULL, '', ''),
  (109, 'pt_BR', NULL, '', ''),
  (110, 'pt_BR', NULL, '', ''),
  (111, 'pt_BR', NULL, '', ''),
  (112, 'pt_BR', NULL, '', ''),
  (113, 'pt_BR', NULL, '', ''),
  (114, 'pt_BR', NULL, '', ''),
  (115, 'pt_BR', NULL, '', ''),
  (116, 'pt_BR', NULL, '', ''),
  (117, 'pt_BR', NULL, '', ''),
  (118, 'pt_BR', NULL, '', ''),
  (119, 'pt_BR', NULL, '', ''),
  (120, 'pt_BR', NULL, '', ''),
  (121, 'pt_BR', NULL, '', ''),
  (122, 'pt_BR', NULL, '', ''),
  (123, 'pt_BR', NULL, '', ''),
  (124, 'pt_BR', NULL, '', ''),
  (125, 'pt_BR', NULL, '', ''),
  (126, 'pt_BR', NULL, '', ''),
  (127, 'pt_BR', NULL, '', ''),
  (128, 'pt_BR', NULL, '', ''),
  (129, 'pt_BR', NULL, '', ''),
  (130, 'pt_BR', NULL, '', ''),
  (131, 'pt_BR', NULL, '', ''),
  (132, 'pt_BR', NULL, '', ''),
  (133, 'pt_BR', NULL, '', ''),
  (134, 'pt_BR', NULL, '', ''),
  (135, 'pt_BR', NULL, '', ''),
  (136, 'pt_BR', NULL, '', ''),
  (137, 'pt_BR', NULL, '', ''),
  (138, 'pt_BR', NULL, '', ''),
  (139, 'pt_BR', NULL, '', ''),
  (140, 'pt_BR', NULL, '', ''),
  (141, 'pt_BR', NULL, '', ''),
  (142, 'pt_BR', NULL, '', ''),
  (143, 'pt_BR', NULL, '', ''),
  (144, 'pt_BR', NULL, '', ''),
  (145, 'pt_BR', NULL, '', ''),
  (146, 'pt_BR', NULL, '', ''),
  (147, 'pt_BR', NULL, '', ''),
  (148, 'pt_BR', NULL, '', ''),
  (149, 'pt_BR', NULL, '', ''),
  (150, 'pt_BR', NULL, '', ''),
  (151, 'pt_BR', NULL, '', ''),
  (152, 'pt_BR', NULL, '', ''),
  (153, 'pt_BR', NULL, '', ''),
  (154, 'pt_BR', NULL, '', ''),
  (155, 'pt_BR', NULL, '', ''),
  (156, 'pt_BR', NULL, '', ''),
  (157, 'pt_BR', NULL, '', ''),
  (158, 'pt_BR', NULL, '', ''),
  (159, 'pt_BR', NULL, '', ''),
  (160, 'pt_BR', NULL, '', ''),
  (161, 'pt_BR', NULL, '', ''),
  (162, 'pt_BR', NULL, '', ''),
  (163, 'pt_BR', NULL, '', ''),
  (164, 'pt_BR', NULL, '', ''),
  (165, 'pt_BR', NULL, '', ''),
  (166, 'pt_BR', NULL, '', ''),
  (167, 'pt_BR', NULL, '', ''),
  (168, 'pt_BR', NULL, '', ''),
  (169, 'pt_BR', NULL, '', ''),
  (170, 'pt_BR', NULL, '', ''),
  (171, 'pt_BR', NULL, '', ''),
  (172, 'pt_BR', NULL, '', ''),
  (173, 'pt_BR', NULL, '', ''),
  (174, 'pt_BR', NULL, '', ''),
  (175, 'pt_BR', NULL, '', ''),
  (176, 'pt_BR', NULL, '', ''),
  (177, 'pt_BR', NULL, '', ''),
  (178, 'pt_BR', NULL, '', ''),
  (179, 'pt_BR', NULL, '', ''),
  (180, 'pt_BR', NULL, '', ''),
  (181, 'pt_BR', NULL, '', ''),
  (182, 'pt_BR', NULL, '', ''),
  (183, 'pt_BR', NULL, '', ''),
  (184, 'pt_BR', NULL, '', ''),
  (185, 'pt_BR', NULL, '', ''),
  (186, 'pt_BR', NULL, '', ''),
  (1000, 'pt_BR', NULL, '', ''),
  (1001, 'pt_BR', NULL, '', ''),
  (1002, 'pt_BR', NULL, '', ''),
  (1003, 'pt_BR', NULL, '', ''),
  (1004, 'pt_BR', NULL, '', ''),
  (1005, 'pt_BR', NULL, '', ''),
  (1006, 'pt_BR', NULL, '', ''),
  (1007, 'pt_BR', NULL, '', ''),
  (1008, 'pt_BR', NULL, '', ''),
  (1009, 'pt_BR', NULL, '', ''),
  (1010, 'pt_BR', NULL, '', ''),
  (1011, 'pt_BR', NULL, '', ''),
  (1012, 'pt_BR', NULL, '', ''),
  (1013, 'pt_BR', NULL, '', ''),
  (1014, 'pt_BR', NULL, '', ''),
  (1015, 'pt_BR', NULL, '', ''),
  (1016, 'pt_BR', NULL, '', ''),
  (1017, 'pt_BR', NULL, '', ''),
  (1018, 'pt_BR', NULL, '', ''),
  (1019, 'pt_BR', NULL, '', ''),
  (1020, 'pt_BR', NULL, '', ''),
  (1021, 'pt_BR', NULL, '', ''),
  (1022, 'pt_BR', NULL, '', ''),
  (1023, 'pt_BR', NULL, '', ''),
  (1024, 'pt_BR', NULL, '', ''),
  (1025, 'pt_BR', NULL, '', ''),
  (1026, 'pt_BR', NULL, '', ''),
  (1027, 'pt_BR', NULL, '', ''),
  (1028, 'pt_BR', NULL, '', ''),
  (1029, 'pt_BR', NULL, '', ''),
  (1030, 'pt_BR', NULL, '', ''),
  (1031, 'pt_BR', NULL, '', ''),
  (1032, 'pt_BR', NULL, '', ''),
  (1033, 'pt_BR', NULL, '', ''),
  (1034, 'pt_BR', NULL, '', ''),
  (1035, 'pt_BR', NULL, '', ''),
  (1036, 'pt_BR', NULL, '', ''),
  (1037, 'pt_BR', NULL, '', ''),
  (1038, 'pt_BR', NULL, '', ''),
  (1039, 'pt_BR', NULL, '', ''),
  (1040, 'pt_BR', NULL, '', ''),
  (1041, 'pt_BR', NULL, '', ''),
  (1042, 'pt_BR', NULL, '', ''),
  (1043, 'pt_BR', NULL, '', ''),
  (1044, 'pt_BR', NULL, '', ''),
  (1045, 'pt_BR', NULL, '', ''),
  (1046, 'pt_BR', NULL, '', ''),
  (1047, 'pt_BR', NULL, '', ''),
  (1048, 'pt_BR', NULL, '', ''),
  (1049, 'pt_BR', NULL, '', ''),
  (1050, 'pt_BR', NULL, '', ''),
  (1051, 'pt_BR', NULL, '', ''),
  (1052, 'pt_BR', NULL, '', ''),
  (1053, 'pt_BR', NULL, '', ''),
  (1054, 'pt_BR', NULL, '', ''),
  (1055, 'pt_BR', NULL, '', ''),
  (1056, 'pt_BR', NULL, '', ''),
  (1057, 'pt_BR', NULL, '', ''),
  (1058, 'pt_BR', NULL, '', ''),
  (1059, 'pt_BR', NULL, '', ''),
  (1060, 'pt_BR', NULL, '', ''),
  (1061, 'pt_BR', NULL, '', ''),
  (1062, 'pt_BR', NULL, '', ''),
  (1063, 'pt_BR', NULL, '', ''),
  (1064, 'pt_BR', NULL, '', ''),
  (1065, 'pt_BR', NULL, '', ''),
  (1066, 'pt_BR', NULL, '', ''),
  (1067, 'pt_BR', NULL, '', ''),
  (1068, 'pt_BR', NULL, '', ''),
  (1069, 'pt_BR', NULL, '', ''),
  (1070, 'pt_BR', NULL, '', ''),
  (1071, 'pt_BR', NULL, '', ''),
  (1072, 'pt_BR', NULL, '', ''),
  (1073, 'pt_BR', NULL, '', ''),
  (1074, 'pt_BR', NULL, '', ''),
  (1075, 'pt_BR', NULL, '', ''),
  (1076, 'pt_BR', NULL, '', ''),
  (1077, 'pt_BR', NULL, '', ''),
  (1078, 'pt_BR', NULL, '', ''),
  (1079, 'pt_BR', NULL, '', ''),
  (1080, 'pt_BR', NULL, '', ''),
  (1081, 'pt_BR', NULL, '', ''),
  (1082, 'pt_BR', NULL, '', ''),
  (1083, 'pt_BR', NULL, '', ''),
  (1084, 'pt_BR', NULL, '', ''),
  (1085, 'pt_BR', NULL, '', ''),
  (1086, 'pt_BR', NULL, '', ''),
  (1087, 'pt_BR', NULL, '', ''),
  (1088, 'pt_BR', NULL, '', ''),
  (1089, 'pt_BR', NULL, '', ''),
  (1090, 'pt_BR', NULL, '', ''),
  (1091, 'pt_BR', NULL, '', ''),
  (1092, 'pt_BR', NULL, '', ''),
  (1093, 'pt_BR', NULL, '', ''),
  (1094, 'pt_BR', NULL, '', ''),
  (1095, 'pt_BR', NULL, '', ''),
  (1096, 'pt_BR', NULL, '', ''),
  (1097, 'pt_BR', NULL, '', ''),
  (1098, 'pt_BR', NULL, '', ''),
  (1099, 'pt_BR', NULL, '', ''),
  (1100, 'pt_BR', NULL, '', ''),
  (1101, 'pt_BR', NULL, '', ''),
  (1102, 'pt_BR', NULL, '', ''),
  (1103, 'pt_BR', NULL, '', ''),
  (1104, 'pt_BR', NULL, '', ''),
  (1105, 'pt_BR', NULL, '', ''),
  (1106, 'pt_BR', NULL, '', ''),
  (1107, 'pt_BR', NULL, '', ''),
  (1108, 'pt_BR', NULL, '', ''),
  (1109, 'pt_BR', NULL, '', ''),
  (1110, 'pt_BR', NULL, '', ''),
  (1111, 'pt_BR', NULL, '', ''),
  (1112, 'pt_BR', NULL, '', ''),
  (1113, 'pt_BR', NULL, '', ''),
  (1114, 'pt_BR', NULL, '', ''),
  (1115, 'pt_BR', NULL, '', ''),
  (1116, 'pt_BR', NULL, '', ''),
  (1117, 'pt_BR', NULL, '', ''),
  (1118, 'pt_BR', NULL, '', ''),
  (1119, 'pt_BR', NULL, '', ''),
  (1120, 'pt_BR', NULL, '', ''),
  (1121, 'pt_BR', NULL, '', ''),
  (1122, 'pt_BR', NULL, '', ''),
  (1123, 'pt_BR', NULL, '', ''),
  (1124, 'pt_BR', NULL, '', ''),
  (1125, 'pt_BR', NULL, '', ''),
  (1126, 'pt_BR', NULL, '', ''),
  (1127, 'pt_BR', NULL, '', ''),
  (1128, 'pt_BR', NULL, '', ''),
  (1129, 'pt_BR', NULL, '', ''),
  (1130, 'pt_BR', NULL, '', ''),
  (1131, 'pt_BR', NULL, '', ''),
  (1132, 'pt_BR', NULL, '', ''),
  (1133, 'pt_BR', NULL, '', ''),
  (1134, 'pt_BR', NULL, '', ''),
  (1135, 'pt_BR', NULL, '', ''),
  (1136, 'pt_BR', NULL, '', ''),
  (1137, 'pt_BR', NULL, '', ''),
  (1138, 'pt_BR', NULL, '', ''),
  (1139, 'pt_BR', NULL, '', ''),
  (1140, 'pt_BR', NULL, '', ''),
  (1141, 'pt_BR', NULL, '', ''),
  (1142, 'pt_BR', NULL, '', ''),
  (1143, 'pt_BR', NULL, '', ''),
  (1144, 'pt_BR', NULL, '', ''),
  (1145, 'pt_BR', NULL, '', ''),
  (1146, 'pt_BR', NULL, '', ''),
  (1147, 'pt_BR', NULL, '', ''),
  (1148, 'pt_BR', NULL, '', ''),
  (1149, 'pt_BR', NULL, '', ''),
  (1150, 'pt_BR', NULL, '', ''),
  (1151, 'pt_BR', NULL, '', ''),
  (1152, 'pt_BR', NULL, '', ''),
  (1153, 'pt_BR', NULL, '', ''),
  (1154, 'pt_BR', NULL, '', ''),
  (1155, 'pt_BR', NULL, '', ''),
  (1156, 'pt_BR', NULL, '', ''),
  (1157, 'pt_BR', NULL, '', ''),
  (1158, 'pt_BR', NULL, '', ''),
  (1159, 'pt_BR', NULL, '', ''),
  (1160, 'pt_BR', NULL, '', ''),
  (1161, 'pt_BR', NULL, '', ''),
  (1162, 'pt_BR', NULL, '', ''),
  (1163, 'pt_BR', NULL, '', ''),
  (1164, 'pt_BR', NULL, '', ''),
  (1165, 'pt_BR', NULL, '', ''),
  (1166, 'pt_BR', NULL, '', ''),
  (1167, 'pt_BR', NULL, '', ''),
  (1168, 'pt_BR', NULL, '', ''),
  (1169, 'pt_BR', NULL, '', ''),
  (1170, 'pt_BR', NULL, '', ''),
  (1171, 'pt_BR', NULL, '', ''),
  (1172, 'pt_BR', NULL, '', ''),
  (1173, 'pt_BR', NULL, '', ''),
  (1174, 'pt_BR', NULL, '', ''),
  (1175, 'pt_BR', NULL, '', ''),
  (1176, 'pt_BR', NULL, '', ''),
  (1177, 'pt_BR', NULL, '', ''),
  (1178, 'pt_BR', NULL, '', ''),
  (1179, 'pt_BR', NULL, '', ''),
  (1180, 'pt_BR', NULL, '', ''),
  (1181, 'pt_BR', NULL, '', ''),
  (1182, 'pt_BR', NULL, '', ''),
  (1183, 'pt_BR', NULL, '', ''),
  (1184, 'pt_BR', NULL, '', ''),
  (1185, 'pt_BR', NULL, '', ''),
  (1186, 'pt_BR', NULL, '', ''),
  (1187, 'pt_BR', NULL, '', ''),
  (1188, 'pt_BR', NULL, '', ''),
  (1189, 'pt_BR', NULL, '', ''),
  (1190, 'pt_BR', NULL, '', ''),
  (1191, 'pt_BR', NULL, '', ''),
  (1192, 'pt_BR', NULL, '', ''),
  (1193, 'pt_BR', NULL, '', ''),
  (1194, 'pt_BR', NULL, '', ''),
  (1195, 'pt_BR', NULL, '', ''),
  (1196, 'pt_BR', NULL, '', ''),
  (1197, 'pt_BR', NULL, '', ''),
  (1198, 'pt_BR', NULL, '', ''),
  (1199, 'pt_BR', NULL, '', ''),
  (1200, 'pt_BR', NULL, '', ''),
  (1201, 'pt_BR', NULL, '', ''),
  (1202, 'pt_BR', NULL, '', ''),
  (1203, 'pt_BR', NULL, '', ''),
  (1204, 'pt_BR', NULL, '', ''),
  (1205, 'pt_BR', NULL, '', ''),
  (1206, 'pt_BR', NULL, '', ''),
  (1207, 'pt_BR', NULL, '', ''),
  (1208, 'pt_BR', NULL, '', ''),
  (1209, 'pt_BR', NULL, '', ''),
  (1210, 'pt_BR', NULL, '', ''),
  (1211, 'pt_BR', NULL, '', ''),
  (1212, 'pt_BR', NULL, '', ''),
  (1213, 'pt_BR', NULL, '', ''),
  (1214, 'pt_BR', NULL, '', ''),
  (1215, 'pt_BR', NULL, '', ''),
  (1216, 'pt_BR', NULL, '', ''),
  (1217, 'pt_BR', NULL, '', ''),
  (1218, 'pt_BR', NULL, '', ''),
  (1219, 'pt_BR', NULL, '', ''),
  (1220, 'pt_BR', NULL, '', ''),
  (1221, 'pt_BR', NULL, '', ''),
  (1222, 'pt_BR', NULL, '', ''),
  (1223, 'pt_BR', NULL, '', ''),
  (1224, 'pt_BR', NULL, '', ''),
  (1225, 'pt_BR', NULL, '', ''),
  (1226, 'pt_BR', NULL, '', ''),
  (1227, 'pt_BR', NULL, '', ''),
  (1228, 'pt_BR', NULL, '', ''),
  (1229, 'pt_BR', NULL, '', ''),
  (1230, 'pt_BR', NULL, '', ''),
  (1231, 'pt_BR', NULL, '', ''),
  (1232, 'pt_BR', NULL, '', ''),
  (1233, 'pt_BR', NULL, '', ''),
  (1234, 'pt_BR', NULL, '', ''),
  (1235, 'pt_BR', NULL, '', ''),
  (1236, 'pt_BR', NULL, '', ''),
  (1237, 'pt_BR', NULL, '', ''),
  (1238, 'pt_BR', NULL, '', ''),
  (1239, 'pt_BR', NULL, '', ''),
  (1240, 'pt_BR', NULL, '', ''),
  (1241, 'pt_BR', NULL, '', ''),
  (1242, 'pt_BR', NULL, '', ''),
  (1243, 'pt_BR', NULL, '', ''),
  (1244, 'pt_BR', NULL, '', ''),
  (1245, 'pt_BR', NULL, '', ''),
  (1246, 'pt_BR', NULL, '', ''),
  (1247, 'pt_BR', NULL, '', ''),
  (1248, 'pt_BR', NULL, '', ''),
  (1249, 'pt_BR', NULL, '', ''),
  (1250, 'pt_BR', NULL, '', ''),
  (1251, 'pt_BR', NULL, '', ''),
  (1252, 'pt_BR', NULL, '', ''),
  (1253, 'pt_BR', NULL, '', ''),
  (1254, 'pt_BR', NULL, '', ''),
  (1255, 'pt_BR', NULL, '', ''),
  (1256, 'pt_BR', NULL, '', ''),
  (1257, 'pt_BR', NULL, '', ''),
  (1258, 'pt_BR', NULL, '', ''),
  (1259, 'pt_BR', NULL, '', ''),
  (1260, 'pt_BR', NULL, '', ''),
  (1261, 'pt_BR', NULL, '', ''),
  (1262, 'pt_BR', NULL, '', ''),
  (1263, 'pt_BR', NULL, '', ''),
  (1264, 'pt_BR', NULL, '', ''),
  (1265, 'pt_BR', NULL, '', ''),
  (1266, 'pt_BR', NULL, '', ''),
  (1267, 'pt_BR', NULL, '', ''),
  (1268, 'pt_BR', NULL, '', ''),
  (1269, 'pt_BR', NULL, '', ''),
  (1270, 'pt_BR', NULL, '', ''),
  (1271, 'pt_BR', NULL, '', ''),
  (1272, 'pt_BR', NULL, '', ''),
  (1273, 'pt_BR', NULL, '', ''),
  (1274, 'pt_BR', NULL, '', ''),
  (1275, 'pt_BR', NULL, '', ''),
  (1276, 'pt_BR', NULL, '', ''),
  (1277, 'pt_BR', NULL, '', ''),
  (1278, 'pt_BR', NULL, '', ''),
  (1279, 'pt_BR', NULL, '', ''),
  (1280, 'pt_BR', NULL, '', ''),
  (1281, 'pt_BR', NULL, '', ''),
  (1282, 'pt_BR', NULL, '', ''),
  (1283, 'pt_BR', NULL, '', ''),
  (1284, 'pt_BR', NULL, '', ''),
  (1285, 'pt_BR', NULL, '', ''),
  (1286, 'pt_BR', NULL, '', ''),
  (1287, 'pt_BR', NULL, '', ''),
  (1288, 'pt_BR', NULL, '', ''),
  (1289, 'pt_BR', NULL, '', ''),
  (1290, 'pt_BR', NULL, '', ''),
  (1291, 'pt_BR', NULL, '', ''),
  (1292, 'pt_BR', NULL, '', ''),
  (1293, 'pt_BR', NULL, '', ''),
  (1294, 'pt_BR', NULL, '', ''),
  (1295, 'pt_BR', NULL, '', ''),

  (2001, 'pt_BR', NULL, '', ''),
  (2002, 'pt_BR', NULL, '', ''),
  (2003, 'pt_BR', NULL, '', ''),
  (2004, 'pt_BR', NULL, '', ''),
  (2005, 'pt_BR', NULL, '', ''),
  (2006, 'pt_BR', NULL, '', ''),
  (2007, 'pt_BR', NULL, '', ''),
  (2008, 'pt_BR', NULL, '', ''),
  (2009, 'pt_BR', NULL, '', ''),
  (2010, 'pt_BR', NULL, '', ''),
  (2011, 'pt_BR', NULL, '', ''),
  (2012, 'pt_BR', NULL, '', ''),
  (2013, 'pt_BR', NULL, '', ''),
  (2014, 'pt_BR', NULL, '', ''),
  (2015, 'pt_BR', NULL, '', ''),
  (2016, 'pt_BR', NULL, '', ''),
  (2017, 'pt_BR', NULL, '', ''),
  (2018, 'pt_BR', NULL, '', ''),
  (2019, 'pt_BR', NULL, '', ''),
  (2020, 'pt_BR', NULL, '', ''),
  (2021, 'pt_BR', NULL, '', ''),

  (2022, 'pt_BR', NULL, '', ''),

  (2023, 'pt_BR', NULL, '', ''),
  (1, 'tr_TR', 'Fatura seçim - üst', '', ''),
  (2, 'tr_TR', 'Fatura seçim - teslimat adresi', '', ''),
  (3, 'tr_TR', 'Fatura seçim - ilave ödeme bölge', '', ''),
  (4, 'tr_TR', 'Fatura seçim - alt', '', ''),
  (5, 'tr_TR', 'Fatura seçim - javascript başlatma sonra', '', ''),
  (6, 'tr_TR', 'Fatura seçim - CSS stil sayfası', '', ''),
  (7, 'tr_TR', 'JavaScript içerme sonra seçim - fatura', '', ''),
  (8, 'tr_TR', 'Ödeme ağ geçidi - ana alan', '', ''),
  (9, 'tr_TR', 'Ödeme ağ geçidi - javascript', '', ''),
  (10, 'tr_TR', 'Ödeme ağ geçidi - javascript başlatma sonra', '', ''),
  (11, 'tr_TR', 'Ödeme ağ geçidi - CSS stil sayfası', '', ''),
  (12, 'tr_TR', 'JavaScript içerme sonra ödeme ağ geçidi-', '', ''),
  (13, 'tr_TR', 'Site Haritası - alt', '', ''),
  (14, 'tr_TR', 'Curency seçim sayfası - üst', '', ''),
  (15, 'tr_TR', 'Curency seçim sayfası - alt', '', ''),
  (16, 'tr_TR', 'Curency seçim sayfası - CSS stil sayfası', '', ''),
  (17, 'tr_TR', 'Curency seçimi sayfa JavaScript içerme-', '', ''),
  (18, 'tr_TR', 'Curency seçim sayfası - javascript başlatma sonra', '', ''),
  (19, 'tr_TR', 'Giriş sayfası - üst', '', ''),
  (20, 'tr_TR', 'Giriş sayfası - ana alanının altındaki', '', ''),
  (21, 'tr_TR', 'Giriş sayfası - formun üstündeki', '', ''),
  (22, 'tr_TR', 'Giriş sayfası - alt formu', '', ''),
  (23, 'tr_TR', 'Giriş sayfası - ana alanının altındaki', '', ''),
  (24, 'tr_TR', 'Giriş sayfası - alt', '', ''),
  (25, 'tr_TR', 'Giriş sayfası - CSS stil sayfası', '', ''),
  (26, 'tr_TR', 'Giriş sayfası - sonra JavaScript içerme', '', ''),
  (27, 'tr_TR', 'Klasör sayfası - javascript başlatma sonra', '', ''),
  (28, 'tr_TR', 'Üst - müşteri hesabını güncelle', '', ''),
  (29, 'tr_TR', 'Formun alt - müşteri hesabını güncelle', '', ''),
  (30, 'tr_TR', 'Formun alt - müşteri hesabını güncelle', '', ''),
  (31, 'tr_TR', 'Alt - müşteri hesabını güncelle', '', ''),
  (32, 'tr_TR', 'Müşteri hesabını güncelle - CSS stil sayfası', '', ''),
  (33, 'tr_TR', 'JavaScript içerme sonra müşteri hesabı - güncelleme', '', ''),
  (34, 'tr_TR', 'Javascript başlatma sonra - müşteri hesabını güncelle', '', ''),
  (35, 'tr_TR', 'Sepeti - üst', '', ''),
  (36, 'tr_TR', 'Sepeti - alt', '', ''),
  (37, 'tr_TR', 'Cart - sonra JavaScript içerme', '', ''),
  (38, 'tr_TR', 'Sepeti - CSS stil sayfası', '', ''),
  (39, 'tr_TR', 'Sepeti - javascript başlatma', '', ''),
  (40, 'tr_TR', '-Üst iletişim sayfası', '', ''),
  (41, 'tr_TR', '-Formun altındaki iletişim sayfası', '', ''),
  (42, 'tr_TR', '-Formun altındaki iletişim sayfası', '', ''),
  (43, 'tr_TR', '-Alt iletişim sayfası', '', ''),
  (44, 'tr_TR', 'İletişim sayfası - CSS stil sayfası', '', ''),
  (45, 'tr_TR', 'JavaScript içerme sonra sayfa - iletişim', '', ''),
  (46, 'tr_TR', '-Sonra javascript başlatma iletişim sayfası', '', ''),
  (47, 'tr_TR', 'Yerleştirilmiş sipariş - ana alan', '', ''),
  (48, 'tr_TR', 'Yerleştirilmiş sipariş - CSS stil sayfası', '', ''),
  (49, 'tr_TR', 'Sipariş - sonra javascript içerme', '', ''),
  (50, 'tr_TR', 'Yerleştirilmiş sipariş - javascript başlatma sonra', '', ''),
  (51, 'tr_TR', 'Arama sayfası - CSS stil sayfası', '', ''),
  (52, 'tr_TR', 'Arama sayfası - sonra JavaScript içerme', '', ''),
  (53, 'tr_TR', 'Arama sayfası - javascript başlatma sonra', '', ''),
  (54, 'tr_TR', 'Kayıt - üst', '', ''),
  (55, 'tr_TR', '-Kayıt formu üst kısmında', '', ''),
  (56, 'tr_TR', '-Kayıt formu alt kısmında', '', ''),
  (57, 'tr_TR', 'Kayıt - alt', '', ''),
  (58, 'tr_TR', 'Kayıt - CSS stil sayfası', '', ''),
  (59, 'tr_TR', 'Sonra JavaScript içerme - kayıt', '', ''),
  (60, 'tr_TR', '-Javascript başlatma sonra kayıt', '', ''),
  (61, 'tr_TR', 'Parolayı unuttum - üst', '', ''),
  (62, 'tr_TR', 'Parolayı unuttum - alt formu', '', ''),
  (63, 'tr_TR', 'Parolayı unuttum - alt formu', '', ''),
  (64, 'tr_TR', 'Parolayı unuttum - alt', '', ''),
  (65, 'tr_TR', 'Parolayı unuttum - CSS stil sayfası', '', ''),
  (66, 'tr_TR', 'Kayıp parola - sonra javascript içerme', '', ''),
  (67, 'tr_TR', 'Parolayı unuttum - javascript başlatma', '', ''),
  (68, 'tr_TR', 'Dil seçimi sayfası - üst', '', ''),
  (69, 'tr_TR', 'Dil seçimi sayfası - alt', '', ''),
  (70, 'tr_TR', 'Dil seçimi sayfası - CSS stil sayfası', '', ''),
  (71, 'tr_TR', 'Dil seçimi sayfa JavaScript içerme-', '', ''),
  (72, 'tr_TR', 'Dil seçimi sayfası - javascript başlatma sonra', '', ''),
  (73, 'tr_TR', 'İletişim sayfası - başarılı olursa yanıt', '', ''),
  (74, 'tr_TR', 'Bülten sayfa - üst', '', ''),
  (75, 'tr_TR', 'Bülten sayfa - alt', '', ''),
  (76, 'tr_TR', 'Bülten sayfa - CSS stil sayfası', '', ''),
  (77, 'tr_TR', 'Bülten sayfa JavaScript içerme-', '', ''),
  (78, 'tr_TR', 'Bülten sayfa - javascript başlatma sonra', '', ''),
  (79, 'tr_TR', 'Ödeme başarısız oldu - CSS stil sayfası', '', ''),
  (80, 'tr_TR', 'JavaScript içerme sonra ödeme - başarısız oldu', '', ''),
  (81, 'tr_TR', 'Ödeme başlatma başarısız oldu - javascript', '', ''),
  (82, 'tr_TR', '-Üst iletişim sayfası', '', ''),
  (83, 'tr_TR', 'İçerik sayfası - ana alanının altındaki', '', ''),
  (84, 'tr_TR', 'İçerik sayfası - ana alanının altındaki', '', ''),
  (85, 'tr_TR', '-Alt iletişim sayfası', '', ''),
  (86, 'tr_TR', 'İletişim sayfası - CSS stil sayfası', '', ''),
  (87, 'tr_TR', 'JavaScript içerme sonra sayfa - iletişim', '', ''),
  (88, 'tr_TR', '-Sonra javascript başlatma iletişim sayfası', '', ''),
  (89, 'tr_TR', 'HTML Düzeni - ten etiket açtıktan sonra', '', ''),
  (90, 'tr_TR', 'HTML Düzeni - CSS stil sayfası', '', ''),
  (91, 'tr_TR', 'HTML Düzeni - baş etiketi sonundan önce', '', ''),
  (92, 'tr_TR', 'HTML Düzeni - ten etiket açtıktan sonra', '', ''),
  (93, 'tr_TR', 'HTML Düzeni - başlığının altındaki', '', ''),
  (94, 'tr_TR', 'HTML Düzeni - ikincil gezinti', '', ''),
  (95, 'tr_TR', 'HTML Düzeni - birincil gezinti', '', ''),
  (96, 'tr_TR', 'HTML Düzeni - başlığının altındaki', '', ''),
  (97, 'tr_TR', 'HTML Düzeni - ana içerik alanına önce', '', ''),
  (98, 'tr_TR', 'HTML Düzeni - ana içerik alanına sonra', '', ''),
  (99, 'tr_TR', 'HTML Düzeni - altbilgi üstündeki', '', ''),
  (100, 'tr_TR', 'HTML Düzeni - altbilgi vücut', '', ''),
  (101, 'tr_TR', 'HTML Düzeni - altbilginin alt kısmı', '', ''),
  (102, 'tr_TR', 'HTML Düzeni - sonra JavaScript içerme', '', ''),
  (103, 'tr_TR', 'HTML Düzeni - javascript başlatma', '', ''),
  (104, 'tr_TR', 'HTML Düzeni - son beden etiketinden önce', '', ''),
  (105, 'tr_TR', 'Sayfa 404 - içerik alanı', '', ''),
  (106, 'tr_TR', 'Sayfa 404 - CSS stil sayfası', '', ''),
  (107, 'tr_TR', 'Sayfa javascript içerme sonra 404-', '', ''),
  (108, 'tr_TR', 'Sayfa 404 - javascript başlatma sonra', '', ''),
  (109, 'tr_TR', 'Teslimat seçim - üst', '', ''),
  (110, 'tr_TR', 'Teslimat seçim - alt formu', '', ''),
  (111, 'tr_TR', 'Teslimat seçim - alt formu', '', ''),
  (112, 'tr_TR', 'Teslimat seçim - alt', '', ''),
  (113, 'tr_TR', 'Teslimat seçim - javascript başlatma sonra', '', ''),
  (114, 'tr_TR', 'Teslimat seçim - CSS stil sayfası', '', ''),
  (115, 'tr_TR', 'JavaScript içerme sonra teslim seçim-', '', ''),
  (116, 'tr_TR', 'Adres oluşturma - üst', '', ''),
  (117, 'tr_TR', 'Adres oluşturma - alt formu', '', ''),
  (118, 'tr_TR', 'Adres oluşturma - alt formu', '', ''),
  (119, 'tr_TR', 'Adres oluşturma - alt', '', ''),
  (120, 'tr_TR', 'Adres oluşturma - CSS stil sayfası', '', ''),
  (121, 'tr_TR', 'JavaScript içerme sonra oluşturma - adres', '', ''),
  (122, 'tr_TR', 'Adres oluşturma - javascript başlatma sonra', '', ''),
  (123, 'tr_TR', 'Klasör sayfası - üst', '', ''),
  (124, 'tr_TR', '-Ana alanının alt klasörü sayfası', '', ''),
  (125, 'tr_TR', '-Ana alanının alt klasörü sayfası', '', ''),
  (126, 'tr_TR', '-Alt klasörü sayfası', '', ''),
  (127, 'tr_TR', 'Klasör sayfası - CSS stil sayfası', '', ''),
  (128, 'tr_TR', 'Klasör sayfa JavaScript içerme-', '', ''),
  (129, 'tr_TR', 'Klasör sayfası - javascript başlatma sonra', '', ''),
  (130, 'tr_TR', 'Sipariş başarısız - üst', '', ''),
  (131, 'tr_TR', 'Başarısız - sipariş alt', '', ''),
  (132, 'tr_TR', 'Başarısız - sipariş CSS stil sayfası', '', ''),
  (133, 'tr_TR', 'Başarısız - sipariş sonra javascript içerme', '', ''),
  (134, 'tr_TR', 'Başarısız - sipariş sonra javascript başlatma', '', ''),
  (135, 'tr_TR', 'Kategori sayfası - üst', '', ''),
  (136, 'tr_TR', 'Kategori sayfası - ana alanının altındaki', '', ''),
  (137, 'tr_TR', 'Kategori sayfası - ana alanının altındaki', '', ''),
  (138, 'tr_TR', 'Kategori sayfası - alt', '', ''),
  (139, 'tr_TR', 'Kategori sayfası - CSS stil sayfası', '', ''),
  (140, 'tr_TR', 'Kategori sayfası - sonra JavaScript içerme', '', ''),
  (141, 'tr_TR', 'Kategori sayfası - javascript başlatma sonra', '', ''),
  (142, 'tr_TR', 'Güncelleştirme - üst', '', ''),
  (143, 'tr_TR', 'Güncelleştirme - alt formu', '', ''),
  (144, 'tr_TR', 'Güncelleştirme - alt formu', '', ''),
  (145, 'tr_TR', 'Güncelleştirme - alt', '', ''),
  (146, 'tr_TR', 'Güncelleştirme - CSS stil sayfası', '', ''),
  (147, 'tr_TR', 'JavaScript içerme sonra güncelleme - adres', '', ''),
  (148, 'tr_TR', 'Adres güncelleme - javascript başlatma sonra', '', ''),
  (149, 'tr_TR', 'Ana sayfa - ana alan', '', ''),
  (150, 'tr_TR', 'Ana sayfa - CSS stil sayfası', '', ''),
  (151, 'tr_TR', 'Ana sayfa - sonra javascript içerme', '', ''),
  (152, 'tr_TR', 'Klasör sayfası - javascript başlatma sonra', '', ''),
  (153, 'tr_TR', 'Şifre Değiştir - üst', '', ''),
  (154, 'tr_TR', 'Şifre Değiştir - alt', '', ''),
  (155, 'tr_TR', 'Şifre Değiştir - CSS stil sayfası', '', ''),
  (156, 'tr_TR', 'JavaScript içerme sonra Parola Değiştir-', '', ''),
  (157, 'tr_TR', 'Şifre Değiştir - javascript başlatma sonra', '', ''),
  (158, 'tr_TR', 'Ürün sayfası - üst', '', ''),
  (159, 'tr_TR', 'Ürün sayfası - Fotoğraf Galerisi', '', ''),
  (160, 'tr_TR', 'Ürün sayfası - detay üstündeki', '', ''),
  (161, 'tr_TR', 'Ayrıntı alanının alt - ürün sayfası', '', ''),
  (162, 'tr_TR', 'Ürün sayfası - ek bilgi', '', ''),
  (163, 'tr_TR', 'Alt - ürün sayfası', '', ''),
  (164, 'tr_TR', 'Ürün sayfası - CSS stil sayfası', '', ''),
  (165, 'tr_TR', 'Ürün sayfa JavaScript içerme-', '', ''),
  (166, 'tr_TR', 'Ürün sayfası - javascript başlatma sonra', '', ''),
  (167, 'tr_TR', 'Müşteri hesabı - üst', '', ''),
  (168, 'tr_TR', 'Müşteri hesabı - alt', '', ''),
  (169, 'tr_TR', 'Müşteri hesabı - CSS stil sayfası', '', ''),
  (170, 'tr_TR', 'Müşteri hesabı - sonra JavaScript içerme', '', ''),
  (171, 'tr_TR', 'Müşteri hesabı - javascript başlatma sonra', '', ''),
  (172, 'tr_TR', 'Tüm ürünler - üst', '', ''),
  (173, 'tr_TR', 'Tüm ürünler - alt', '', ''),
  (174, 'tr_TR', 'Tüm ürünler - CSS stil sayfası', '', ''),
  (175, 'tr_TR', 'Tüm ürünler - sonra JavaScript içerme', '', ''),
  (176, 'tr_TR', 'Tüm ürünler - javascript başlatma sonra', '', ''),
  (177, 'tr_TR', 'Ürün döngüsü - üst', '', ''),
  (178, 'tr_TR', 'Ürün döngüsü - alt', '', ''),
  (179, 'tr_TR', 'Kategori sayfası - alt kenar çubuğu', '', ''),
  (180, 'tr_TR', 'Kategori sayfası - kenar gövdesi', '', ''),
  (181, 'tr_TR', 'Kategori sayfası - alt kenar çubuğu', '', ''),
  (182, 'tr_TR', 'İçerik sayfası - alt kenar çubuğu', '', ''),
  (183, 'tr_TR', 'İçerik sayfası - kenar gövdesi', '', ''),
  (184, 'tr_TR', 'İçerik sayfası - alt kenar çubuğu', '', ''),
  (185, 'tr_TR', 'Teslimat seçim - ilave alan', '', ''),
  (186, 'tr_TR', 'Teslimat seçim - javascript', '', ''),
  (1000, 'tr_TR', 'Kategori - içerik', '', ''),
  (1001, 'tr_TR', 'İçerik - içerik', '', ''),
  (1002, 'tr_TR', 'Klasör - içerik', '', ''),
  (1003, 'tr_TR', 'Sipariş - içerik', '', ''),
  (1004, 'tr_TR', 'Ürün - içerik', '', ''),
  (1005, 'tr_TR', 'Özellik değeri - Tablo üstbilgisi', '', ''),
  (1006, 'tr_TR', 'Özellik değeri - tablo satırı', '', ''),
  (1007, 'tr_TR', 'Özellik - değer oluşturma formu', '', ''),
  (1008, 'tr_TR', 'Özellik - düzenleme JavaScript', '', ''),
  (1009, 'tr_TR', 'Ürün - düzenleme JavaScript', '', ''),
  (1010, 'tr_TR', 'Kupon - JavaScript oluşturmak', '', ''),
  (1011, 'tr_TR', 'Kdv  - güncelleştirme formu', '', ''),
  (1012, 'tr_TR', 'Kdv kural - JavaScript Düzenle', '', ''),
  (1013, 'tr_TR', 'Araçlar - üst', '', ''),
  (1014, 'tr_TR', 'Üst sütun - Araçlar', '', ''),
  (1015, 'tr_TR', 'Araçlar - 1 sütunun altındaki', '', ''),
  (1016, 'tr_TR', 'Araçlar - alt', '', ''),
  (1017, 'tr_TR', 'Araçlar - JavaScript', '', ''),
  (1018, 'tr_TR', 'Mesaj - üst', '', ''),
  (1019, 'tr_TR', 'Mesaj - Tablo üstbilgisi', '', ''),
  (1020, 'tr_TR', 'Mesaj - tablo satırı', '', ''),
  (1021, 'tr_TR', 'Mesaj - alt', '', ''),
  (1022, 'tr_TR', 'Mesaj - oluşturma formu', '', ''),
  (1023, 'tr_TR', 'Mesaj - silme formu', '', ''),
  (1024, 'tr_TR', 'Mesaj - JavaScript', '', ''),
  (1025, 'tr_TR', 'Kdv  kuralları - üst', '', ''),
  (1026, 'tr_TR', 'Kdv  kuralları - alt', '', ''),
  (1027, 'tr_TR', 'Kdv - oluşturma formu', '', ''),
  (1028, 'tr_TR', 'Kdv - silme formu', '', ''),
  (1029, 'tr_TR', 'Kdv kural - oluşturma formu', '', ''),
  (1030, 'tr_TR', 'Kdv kural - silme formu', '', ''),
  (1031, 'tr_TR', 'Kdv  kuralları - JavaScript', '', ''),
  (1032, 'tr_TR', 'İhracat - üst', '', ''),
  (1033, 'tr_TR', 'İhracat - kategorisi altındaki', '', ''),
  (1034, 'tr_TR', 'İhracat - 1 sütunun altındaki', '', ''),
  (1035, 'tr_TR', 'İhracat - JavaScript', '', ''),
  (1036, 'tr_TR', 'İhracat - JavaScript', '', ''),
  (1037, 'tr_TR', 'Ürün - klasörler Tablo üstbilgisi', '', ''),
  (1038, 'tr_TR', 'Ürün - klasörler tablo satırı', '', ''),
  (1039, 'tr_TR', 'Ürün - form fiyat tafsilât', '', ''),
  (1040, 'tr_TR', 'Ürün - stok düzenleme formu', '', ''),
  (1041, 'tr_TR', 'Ürün - ayrıntıları tanıtım formu', '', ''),
  (1042, 'tr_TR', 'Ürün - önce kombinasyonları', '', ''),
  (1043, 'tr_TR', 'Ürün - kombinasyon listesi başlığı', '', ''),
  (1044, 'tr_TR', 'Ürün - sonra kombinasyonları', '', ''),
  (1045, 'tr_TR', 'Ürün - birleşimi silme formu', '', ''),
  (1046, 'tr_TR', 'Modüller - Tablo üstbilgisi', '', ''),
  (1047, 'tr_TR', 'Modüller - tablo satırı', '', ''),
  (1048, 'tr_TR', 'Döviz Alım - düzenleme JavaScript', '', ''),
  (1049, 'tr_TR', 'Kategori - içindekiler tablosu başlığı', '', ''),
  (1050, 'tr_TR', 'Kategori - içeriği tablo satırı', '', ''),
  (1051, 'tr_TR', 'Kategori - düzenleme JavaScript', '', ''),
  (1052, 'tr_TR', 'Belge - düzenleme JavaScript', '', ''),
  (1053, 'tr_TR', 'Müşteri - üst', '', ''),
  (1054, 'tr_TR', 'Müşteriler - resim yazısı', '', ''),
  (1055, 'tr_TR', 'Müşteriler - başlık', '', ''),
  (1056, 'tr_TR', 'Müşteriler - kürek', '', ''),
  (1057, 'tr_TR', 'Müşteri - alt', '', ''),
  (1058, 'tr_TR', 'Müşteri - oluşturma formu', '', ''),
  (1059, 'tr_TR', 'Müşteri - silme formu', '', ''),
  (1060, 'tr_TR', 'Müşteriler - JavaScript', '', ''),
  (1061, 'tr_TR', 'Ürün - içindekiler tablosu başlığı', '', ''),
  (1062, 'tr_TR', 'Ürün - içeriği tablo satırı', '', ''),
  (1063, 'tr_TR', 'Ürün - Aksesuar Tablo üstbilgisi', '', ''),
  (1064, 'tr_TR', 'Ürün - Aksesuar tablo satırı', '', ''),
  (1065, 'tr_TR', 'Ürün - Kategoriler tablosu başlığı', '', ''),
  (1066, 'tr_TR', 'Ürün - kategoriler tablo satırı', '', ''),
  (1067, 'tr_TR', 'Ürün - öznitelikleri üstbilgi masa.', '', ''),
  (1068, 'tr_TR', 'Ürün - öznitelikleri satır tablo.', '', ''),
  (1069, 'tr_TR', 'Ürün - özellikleri Tablo başlık', '', ''),
  (1070, 'tr_TR', 'Ürün - özellikleri tablo satırı', '', ''),
  (1071, 'tr_TR', 'Şablon - öznitelikleri üstbilgi masa.', '', ''),
  (1072, 'tr_TR', 'Şablon - öznitelikleri satır tablo.', '', ''),
  (1073, 'tr_TR', 'Şablon - Özellikleri tablo başlık', '', ''),
  (1074, 'tr_TR', 'Şablon - Özellikleri tablo satırı', '', ''),
  (1075, 'tr_TR', 'Şablonlar - üst', '', ''),
  (1076, 'tr_TR', 'Şablonlar - Tablo üstbilgisi', '', ''),
  (1077, 'tr_TR', 'Şablonlar - tablo satırı', '', ''),
  (1078, 'tr_TR', 'Şablonlar - alt', '', ''),
  (1079, 'tr_TR', 'Şablon - oluşturma formu', '', ''),
  (1080, 'tr_TR', 'Şablon - silme formu', '', ''),
  (1081, 'tr_TR', 'Şablonlar - JavaScript', '', ''),
  (1082, 'tr_TR', 'Yapılandırma - üst', '', ''),
  (1083, 'tr_TR', 'Yapılandırma - katalog alanının üstündeki', '', ''),
  (1084, 'tr_TR', 'Yapılandırma - katalog alt', '', ''),
  (1085, 'tr_TR', 'Yapılandırma - sevkiyat alanına alt', '', ''),
  (1086, 'tr_TR', 'Yapılandırma - sevkiyat alanına alt', '', ''),
  (1087, 'tr_TR', 'Yapılandırma - başta-in belgili tanımlık sistem alan', '', ''),
  (1088, 'tr_TR', 'Yapılandırma - başta-in belgili tanımlık sistem alan', '', ''),
  (1089, 'tr_TR', 'Yapılandırma - alt', '', ''),
  (1090, 'tr_TR', 'Yapılandırma - JavaScript', '', ''),
  (1091, 'tr_TR', 'Pano - üst', '', ''),
  (1092, 'tr_TR', 'Pano - orta', '', ''),
  (1093, 'tr_TR', 'Pano - alt', '', ''),
  (1094, 'tr_TR', 'Siparişler - üst', '', ''),
  (1095, 'tr_TR', 'Siparişler - Tablo üstbilgisi', '', ''),
  (1096, 'tr_TR', 'Siparişler - tablo satırı', '', ''),
  (1097, 'tr_TR', 'Siparişler - Alt', '', ''),
  (1098, 'tr_TR', 'Siparişler - JavaScript', '', ''),
  (1099, 'tr_TR', 'Teslimat bölgesi - üst', '', ''),
  (1100, 'tr_TR', 'Teslimat bölgesi - Tablo üstbilgisi', '', ''),
  (1101, 'tr_TR', 'Teslimat bölgesi - tablo satırı', '', ''),
  (1102, 'tr_TR', 'Teslimat bölgesi - alt', '', ''),
  (1103, 'tr_TR', 'Teslimat bölgesi - JavaScript', '', ''),
  (1104, 'tr_TR', 'İçerik - düzenleme JavaScript', '', ''),
  (1105, 'tr_TR', 'Ana sayfa - üst', '', ''),
  (1106, 'tr_TR', 'Ana sayfa - alt', '', ''),
  (1107, 'tr_TR', 'Ana sayfa - JavaScript', '', ''),
  (1108, 'tr_TR', 'Modüller - üst', '', ''),
  (1109, 'tr_TR', 'Modüller - alt', '', ''),
  (1110, 'tr_TR', 'Modüller - JavaScript', '', ''),
  (1111, 'tr_TR', 'Diller - üst', '', ''),
  (1112, 'tr_TR', 'Diller - alt', '', ''),
  (1113, 'tr_TR', 'Dil - oluşturma formu', '', ''),
  (1114, 'tr_TR', 'Diller - silme formu', '', ''),
  (1115, 'tr_TR', 'Diller - JavaScript', '', ''),
  (1116, 'tr_TR', 'Bölge - silme formu', '', ''),
  (1117, 'tr_TR', 'Teslimat bölgesi - JavaScript Düzenle', '', ''),
  (1118, 'tr_TR', 'Sistem - günlükleri JavaScript', '', ''),
  (1119, 'tr_TR', 'Arama - üst', '', ''),
  (1120, 'tr_TR', 'Arama - alt', '', ''),
  (1121, 'tr_TR', 'Arama - JavaScript', '', ''),
  (1122, 'tr_TR', 'Yöneticiler - üst', '', ''),
  (1123, 'tr_TR', 'Yöneticiler - alt', '', ''),
  (1124, 'tr_TR', 'Yönetici - oluşturma formu', '', ''),
  (1125, 'tr_TR', 'Yönetici - güncelleştirme formu', '', ''),
  (1126, 'tr_TR', 'Yönetici - silme formu', '', ''),
  (1127, 'tr_TR', 'Yöneticiler - JavaScript', '', ''),
  (1128, 'tr_TR', 'Modülü kanca - JavaScript Düzenle', '', ''),
  (1129, 'tr_TR', 'Aktarma yapılandırması - üst', '', ''),
  (1130, 'tr_TR', 'Aktarma yapılandırması - Tablo üstbilgisi', '', ''),
  (1131, 'tr_TR', 'Aktarma yapılandırması - tablo satırı', '', ''),
  (1132, 'tr_TR', 'Aktarma yapılandırması - alt', '', ''),
  (1133, 'tr_TR', 'Aktarma yapılandırması - oluşturma formu', '', ''),
  (1134, 'tr_TR', 'Aktarma yapılandırması - silme formu', '', ''),
  (1135, 'tr_TR', 'Aktarma yapılandırması - JavaScript', '', ''),
  (1136, 'tr_TR', 'Özellikler - üst', '', ''),
  (1137, 'tr_TR', 'Özellikler - Tablo üstbilgisi', '', ''),
  (1138, 'tr_TR', 'Özellikler - tablo satırı', '', ''),
  (1139, 'tr_TR', 'Özellikler - alt', '', ''),
  (1140, 'tr_TR', 'Özellik - oluşturma formu', '', ''),
  (1141, 'tr_TR', 'Özellik - silme formu', '', ''),
  (1142, 'tr_TR', 'Özellik - tüm forma ekleme', '', ''),
  (1143, 'tr_TR', 'Özellik - tüm forma çıkarmak', '', ''),
  (1144, 'tr_TR', 'Özellikler - JavaScript', '', ''),
  (1145, 'tr_TR', 'Modül - düzenleme JavaScript', '', ''),
  (1146, 'tr_TR', 'Modülü kanca - oluşturma formu', '', ''),
  (1147, 'tr_TR', 'Modülü kanca - silme formu', '', ''),
  (1148, 'tr_TR', 'Modülü kanca - JavaScript', '', ''),
  (1149, 'tr_TR', 'Aktarma yapılandırması - Düzenle', '', ''),
  (1150, 'tr_TR', 'Aktarma yapılandırması - ülke silme formu', '', ''),
  (1151, 'tr_TR', 'Aktarma yapılandırması - JavaScript Düzenle', '', ''),
  (1152, 'tr_TR', 'Posta sistemi - üst', '', ''),
  (1153, 'tr_TR', 'Sistem - posta alt', '', ''),
  (1154, 'tr_TR', 'JavaScript sistemi - posta', '', ''),
  (1155, 'tr_TR', 'Kategoriler - üst', '', ''),
  (1156, 'tr_TR', 'Kategoriler - resim yazısı', '', ''),
  (1157, 'tr_TR', 'Kategoriler - başlık', '', ''),
  (1158, 'tr_TR', 'Kategoriler - kürek', '', ''),
  (1159, 'tr_TR', 'Ürünler - resim yazısı', '', ''),
  (1160, 'tr_TR', 'Ürünler - başlık', '', ''),
  (1161, 'tr_TR', 'Ürünler - kürek', '', ''),
  (1162, 'tr_TR', 'Alt Kategoriler-', '', ''),
  (1163, 'tr_TR', 'Kategoriler - katalog alt', '', ''),
  (1164, 'tr_TR', 'Kategori - oluşturma formu', '', ''),
  (1165, 'tr_TR', 'Ürün - oluşturma formu', '', ''),
  (1166, 'tr_TR', 'Kategori - silme formu', '', ''),
  (1167, 'tr_TR', 'Ürün - silme formu', '', ''),
  (1168, 'tr_TR', 'Kategoriler - JavaScript', '', ''),
  (1169, 'tr_TR', 'Değişkenleri - üst', '', ''),
  (1170, 'tr_TR', 'Değişkenleri - Tablo üstbilgisi', '', ''),
  (1171, 'tr_TR', 'Değişkenleri - tablo satırı', '', ''),
  (1172, 'tr_TR', 'Değişkenleri - alt', '', ''),
  (1173, 'tr_TR', 'Değişken - oluşturma formu', '', ''),
  (1174, 'tr_TR', 'Değişken - silme formu', '', ''),
  (1175, 'tr_TR', 'Değişkenleri - JavaScript', '', ''),
  (1176, 'tr_TR', 'Sipariş - ürün listesi', '', ''),
  (1177, 'tr_TR', 'Sipariş - düzenleme JavaScript', '', ''),
  (1178, 'tr_TR', 'Mağaza bilgileri - JavaScript', '', ''),
  (1179, 'tr_TR', 'Çeviriler - JavaScript', '', ''),
  (1180, 'tr_TR', 'Klasör - üst', '', ''),
  (1181, 'tr_TR', 'Klasör - resim yazısı', '', ''),
  (1182, 'tr_TR', 'Klasör - başlık', '', ''),
  (1183, 'tr_TR', 'Klasör - satır', '', ''),
  (1184, 'tr_TR', 'İçindekiler - resim yazısı', '', ''),
  (1185, 'tr_TR', 'İçindekiler - başlık', '', ''),
  (1186, 'tr_TR', 'İçindekiler - kürek', '', ''),
  (1187, 'tr_TR', 'Klasör - alt', '', ''),
  (1188, 'tr_TR', 'Klasör - oluşturma formu', '', ''),
  (1189, 'tr_TR', 'İçerik - oluşturma formu', '', ''),
  (1190, 'tr_TR', 'Klasör - silme formu', '', ''),
  (1191, 'tr_TR', 'İçerik - silme formu', '', ''),
  (1192, 'tr_TR', 'Klasör - JavaScript', '', ''),
  (1193, 'tr_TR', 'Şablon - düzenleme JavaScript', '', ''),
  (1194, 'tr_TR', 'Kdv- düzenleme JavaScript', '', ''),
  (1195, 'tr_TR', 'Hook - düzenleme JavaScript', '', ''),
  (1196, 'tr_TR', 'Ülkeler - üst', '', ''),
  (1197, 'tr_TR', 'Ülkeler - Tablo üstbilgisi', '', ''),
  (1198, 'tr_TR', 'Ülkeler - tablo satırı', '', ''),
  (1199, 'tr_TR', 'Ülkeler - alt', '', ''),
  (1200, 'tr_TR', 'Ülke - oluşturma formu', '', ''),
  (1201, 'tr_TR', 'Ülke - silme formu', '', ''),
  (1202, 'tr_TR', 'Ülkeler - JavaScript', '', ''),
  (1203, 'tr_TR', 'Para birimleri - üst', '', ''),
  (1204, 'tr_TR', 'Para birimleri - Tablo üstbilgisi', '', ''),
  (1205, 'tr_TR', 'Para birimleri - tablo satırı', '', ''),
  (1206, 'tr_TR', 'Para birimleri - alt', '', ''),
  (1207, 'tr_TR', 'Döviz Alım - oluşturma formu', '', ''),
  (1208, 'tr_TR', 'Döviz Alım - silme formu', '', ''),
  (1209, 'tr_TR', 'Para birimleri - JavaScript', '', ''),
  (1210, 'tr_TR', 'Müşteri - Düzenle', '', ''),
  (1211, 'tr_TR', 'Müşteri - adres oluşturma formu', '', ''),
  (1212, 'tr_TR', 'Müşteri - adres güncelleştirme formu', '', ''),
  (1213, 'tr_TR', 'Müşteri - adresi silme formu', '', ''),
  (1214, 'tr_TR', 'Müşteri - düzenleme JavaScript', '', ''),
  (1215, 'tr_TR', 'Öznitelikleri değeri - Tablo üstbilgisi', '', ''),
  (1216, 'tr_TR', 'Öznitelikleri değeri - tablo satırı', '', ''),
  (1217, 'tr_TR', 'Öznitelik değeri - oluşturma formu', '', ''),
  (1218, 'tr_TR', 'Attribut - kimliği silme formu', '', ''),
  (1219, 'tr_TR', 'Attribut - düzen JavaScript', '', ''),
  (1220, 'tr_TR', 'Profiller - üst', '', ''),
  (1221, 'tr_TR', 'Profiller - alt', '', ''),
  (1222, 'tr_TR', 'Profil - oluşturma formu', '', ''),
  (1223, 'tr_TR', 'Profili - silme form', '', ''),
  (1224, 'tr_TR', 'Profiller - JavaScript', '', ''),
  (1225, 'tr_TR', 'Ülke - düzenleme JavaScript', '', ''),
  (1226, 'tr_TR', 'Profil - düzenleme JavaScript', '', ''),
  (1227, 'tr_TR', 'Değişken - düzenleme JavaScript', '', ''),
  (1228, 'tr_TR', 'Kupon - JavaScript güncelleştirmek', '', ''),
  (1229, 'tr_TR', 'Kupon - üst', '', ''),
  (1230, 'tr_TR', 'Kupon - liste resim yazısı', '', ''),
  (1231, 'tr_TR', 'Kupon - Tablo üstbilgisi', '', ''),
  (1232, 'tr_TR', 'Kupon - tablo satırı', '', ''),
  (1233, 'tr_TR', 'Kupon - alt', '', ''),
  (1234, 'tr_TR', 'Kupon - JavaScript listesi', '', ''),
  (1235, 'tr_TR', 'Modül - yapılandırma', '', ''),
  (1236, 'tr_TR', 'Modül - yapılandırma JavaScript', '', ''),
  (1237, 'tr_TR', 'Mesaj - düzenleme JavaScript', '', ''),
  (1238, 'tr_TR', 'Resim - düzenleme JavaScript', '', ''),
  (1239, 'tr_TR', 'Öznitelikleri - üst', '', ''),
  (1240, 'tr_TR', 'Öznitelikleri - Tablo üstbilgisi', '', ''),
  (1241, 'tr_TR', 'Öznitelikleri - tablo satırı', '', ''),
  (1242, 'tr_TR', 'Öznitelikleri - alt', '', ''),
  (1243, 'tr_TR', 'Attribut - oluşturma formu', '', ''),
  (1244, 'tr_TR', 'Attribut - silme formu', '', ''),
  (1245, 'tr_TR', 'Attribut - tüm forma ekleme', '', ''),
  (1246, 'tr_TR', 'Attribut - tüm form için Kaldır', '', ''),
  (1247, 'tr_TR', 'Öznitelikleri - JavaScript', '', ''),
  (1248, 'tr_TR', 'Günlükleri - üst', '', ''),
  (1249, 'tr_TR', 'Günlükleri - alt', '', ''),
  (1250, 'tr_TR', 'Günlükleri - JavaScript', '', ''),
  (1251, 'tr_TR', 'Klasör - düzenleme JavaScript', '', ''),
  (1252, 'tr_TR', 'Kanca - üst', '', ''),
  (1253, 'tr_TR', 'Kanca - Tablo üstbilgisi', '', ''),
  (1254, 'tr_TR', 'Kanca - tablo satırı', '', ''),
  (1255, 'tr_TR', 'Kanca - alt', '', ''),
  (1256, 'tr_TR', 'Kanca oluşturma formu', '', ''),
  (1257, 'tr_TR', 'Hook - silme formu', '', ''),
  (1258, 'tr_TR', 'Kanca - JavaScript', '', ''),
  (1259, 'tr_TR', 'Düzen - CSS', '', ''),
  (1260, 'tr_TR', 'Düzen - topbar önce', '', ''),
  (1261, 'tr_TR', 'Düzen - en iyi bar içinde', '', ''),
  (1262, 'tr_TR', 'Düzen - en iyi bar sonra', '', ''),
  (1263, 'tr_TR', 'Düzen - üst menü önce', '', ''),
  (1264, 'tr_TR', 'Düzen - üst menü öğeleri', '', ''),
  (1265, 'tr_TR', 'Düzen - üst menü sonra', '', ''),
  (1266, 'tr_TR', 'Düzen - altbilgi önce', '', ''),
  (1267, 'tr_TR', 'Düzen - altbilgi', '', ''),
  (1268, 'tr_TR', 'Düzen - altbilgi sonra', '', ''),
  (1269, 'tr_TR', 'Düzen - JavaScript', '', ''),
  (1270, 'tr_TR', 'Düzen - üst çubuğu üstündeki', '', ''),
  (1271, 'tr_TR', 'Düzen - üst çubuğu altındaki', '', ''),
  (1272, 'tr_TR', 'Düzen - menü müşterilerinde', '', ''),
  (1273, 'tr_TR', 'Düzen - menü klasörlerde', '', ''),
  (1274, 'tr_TR', 'Düzen - menü Kataloğu', '', ''),
  (1275, 'tr_TR', 'Düzen - menü klasörlerde', '', ''),
  (1276, 'tr_TR', 'Düzen - menü Araçlar', '', ''),
  (1277, 'tr_TR', 'Düzen - menü modülleri', '', ''),
  (1278, 'tr_TR', 'Düzen - menü yapılandırma', '', ''),
  (1279, 'tr_TR', 'Marka - düzenleme JavaScript', '', ''),
  (1280, 'tr_TR', 'Ana sayfa - blok', '', ''),
  (1281, 'tr_TR', 'Marka - üst', '', ''),
  (1282, 'tr_TR', 'Marka - Tablo üstbilgisi', '', ''),
  (1283, 'tr_TR', 'Marka - tablo satırı', '', ''),
  (1284, 'tr_TR', 'Marka - alt', '', ''),
  (1285, 'tr_TR', 'Marka - oluşturma formu', '', ''),
  (1286, 'tr_TR', 'Marka - silme formu', '', ''),
  (1287, 'tr_TR', 'Marka - JavaScript', '', ''),
  (1288, 'tr_TR', 'İhracat - üst', '', ''),
  (1289, 'tr_TR', 'İhracat - kategorisi altındaki', '', ''),
  (1290, 'tr_TR', 'İhracat - 1 sütunun altındaki', '', ''),
  (1291, 'tr_TR', 'İhracat - JavaScript', '', ''),
  (1292, 'tr_TR', 'İhracat - JavaScript', '', ''),
  (1293, 'tr_TR', 'Marka - içerik', '', ''),
  (1294, 'tr_TR', 'Müşteri - sipariş tablo başlığı', '', ''),
  (1295, 'tr_TR', 'Müşteri - sipariş tablo satırı', '', ''),

  (2001, 'tr_TR', 'Fatura - CSS', '', ''),
  (2002, 'tr_TR', 'Fatura - başlıktaki', '', ''),
  (2003, 'tr_TR', 'Fatura - altbilgi üstündeki', '', ''),
  (2004, 'tr_TR', 'Fatura - Künye', '', ''),
  (2005, 'tr_TR', 'Fatura - altbilgi alt', '', ''),
  (2006, 'tr_TR', 'Fatura - bilgi alanının altındaki', '', ''),
  (2007, 'tr_TR', '-Bilgi alan sonrası fatura', '', ''),
  (2008, 'tr_TR', 'Fatura - teslimat adresi', '', ''),
  (2009, 'tr_TR', '-Adres alanı sonrası fatura', '', ''),
  (2010, 'tr_TR', 'Fatura - sonra ürün listesi', '', ''),
  (2011, 'tr_TR', '-Fatura Özet sipariş sonra', '', ''),
  (2012, 'tr_TR', 'Dağıtım - CSS', '', ''),
  (2013, 'tr_TR', 'Dağıtım - başlıktaki', '', ''),
  (2014, 'tr_TR', 'Dağıtım - altbilgi üstündeki', '', ''),
  (2015, 'tr_TR', 'Dağıtım - Künye', '', ''),
  (2016, 'tr_TR', 'Dağıtım - altbilgi alt', '', ''),
  (2017, 'tr_TR', 'Dağıtım - bilgi alanının altındaki', '', ''),
  (2018, 'tr_TR', 'Dağıtım - bilgi alan sonra', '', ''),
  (2019, 'tr_TR', 'Dağıtım - teslimat adresi', '', ''),
  (2020, 'tr_TR', 'Dağıtım - adres alanı sonra', '', ''),
  (2021, 'tr_TR', 'Dağıtım - Özet sipariş sonrası', '', ''),

  (2022, 'tr_TR', 'Sipariş teyidi - sonra sipariş Özeti', '', ''),

  (2023, 'tr_TR', 'WYSIWYG editörü gerekli olduğu', '', '')
;

# ======================================================================================================================
# Image / Document visible
# ======================================================================================================================

ALTER TABLE `product_document`
  ADD COLUMN `visible` TINYINT DEFAULT 1 NOT NULL
  AFTER `file`
;

ALTER TABLE `product_image`
  ADD COLUMN `visible` TINYINT DEFAULT 1 NOT NULL
  AFTER `file`
;

ALTER TABLE `category_document`
  ADD COLUMN `visible` TINYINT DEFAULT 1 NOT NULL
  AFTER `file`
;

ALTER TABLE `category_image`
  ADD COLUMN `visible` TINYINT DEFAULT 1 NOT NULL
  AFTER `file`
;

ALTER TABLE `content_document`
  ADD COLUMN `visible` TINYINT DEFAULT 1 NOT NULL
  AFTER `file`
;

ALTER TABLE `content_image`
  ADD COLUMN `visible` TINYINT DEFAULT 1 NOT NULL
  AFTER `file`
;

ALTER TABLE `folder_document`
  ADD COLUMN `visible` TINYINT DEFAULT 1 NOT NULL
  AFTER `file`
;

ALTER TABLE `folder_image`
  ADD COLUMN `visible` TINYINT DEFAULT 1 NOT NULL
  AFTER `file`
;

ALTER TABLE `module_image`
  ADD COLUMN `visible` TINYINT DEFAULT 1 NOT NULL
  AFTER `file`
;
ALTER TABLE `brand_document`
  ADD COLUMN `visible` TINYINT DEFAULT 1 NOT NULL
  AFTER `file`
;

ALTER TABLE `brand_image`
  ADD COLUMN `visible` TINYINT DEFAULT 1 NOT NULL
  AFTER `file`
;

-- Add version to customer
ALTER TABLE `customer`
  ADD COLUMN `version` INTEGER DEFAULT 0
;

ALTER TABLE `customer`
  ADD COLUMN `version_created_at` DATETIME
;

ALTER TABLE `customer`
  ADD COLUMN `version_created_by` VARCHAR(100)
;

-- ---------------------------------------------------------------------
-- customer_version
-- ---------------------------------------------------------------------

DROP TABLE IF EXISTS `customer_version`;

CREATE TABLE `customer_version`
(
    `id` INTEGER NOT NULL,
    `ref` VARCHAR(50),
    `title_id` INTEGER NOT NULL,
    `firstname` VARCHAR(255) NOT NULL,
    `lastname` VARCHAR(255) NOT NULL,
    `email` VARCHAR(255),
    `password` VARCHAR(255),
    `algo` VARCHAR(128),
    `reseller` TINYINT,
    `lang` VARCHAR(10),
    `sponsor` VARCHAR(50),
    `discount` FLOAT,
    `remember_me_token` VARCHAR(255),
    `remember_me_serial` VARCHAR(255),
    `created_at` DATETIME,
    `updated_at` DATETIME,
    `version` INTEGER DEFAULT 0 NOT NULL,
    `version_created_at` DATETIME,
    `version_created_by` VARCHAR(100),
    `order_ids` TEXT,
    `order_versions` TEXT,
    PRIMARY KEY (`id`,`version`),
    CONSTRAINT `customer_version_FK_1`
        FOREIGN KEY (`id`)
        REFERENCES `customer` (`id`)
        ON DELETE CASCADE
) ENGINE=InnoDB CHARACTER SET='utf8';



# ======================================================================================================================
# Order placed notification
# ======================================================================================================================

SELECT @store_email := `value` FROM `config` where name='store_email';

INSERT INTO `config` (`name`, `value`, `secured`, `hidden`, `created_at`, `updated_at`) VALUES
('store_notification_emails', IFNULL(@store_email, ''), 1, 1, NOW(), NOW());

SELECT @max_id := MAX(`id`) FROM `message`;

INSERT INTO `message` (`id`, `name`, `secured`, `text_layout_file_name`, `text_template_file_name`, `html_layout_file_name`, `html_template_file_name`, `created_at`, `updated_at`) VALUES
  (@max_id+1, 'order_notification', NULL, NULL, 'order_notification.txt', NULL, 'order_notification.html', NOW(), NOW()),
  (@max_id+2, 'customer_account_changed', 0, NULL, 'account_changed_by_admin.txt', NULL, 'account_changed_by_admin.html', NOW(), NOW()),
  (@max_id+3, 'customer_account_created', 0, NULL, 'account_created_by_admin.txt', NULL, 'account_created_by_admin.html', NOW(), NOW());

INSERT INTO `message_i18n` (`id`, `locale`, `title`, `subject`, `text_message`, `html_message`) VALUES
  (@max_id+1, 'ar_SA', NULL, NULL, NULL, NULL),
  (@max_id+2, 'ar_SA', NULL, NULL, NULL, NULL),
  (@max_id+3, 'ar_SA', NULL, NULL, NULL, NULL),
  (@max_id+1, 'de_DE', 'Gesendete Nachricht wenn eine neue Bestellung erteilt wird.', 'Neue Bestellung {$order_ref} für {config key=\"store_name\"}', NULL, NULL),
  (@max_id+2, 'de_DE', 'Mail an den Kunden geschickt, wenn sein Passwort oder E-Mail von einem Administrator im Back-Office geändert werden', 'Ihre Konto-Zugriff für {config key=\"store_name\"} wurde geändert', NULL, NULL),
  (@max_id+3, 'de_DE', 'Mail an den Kunden geschickt, wenn sein Konto von einem Administrator im Back-Office erstellt wird', 'Ein Konto {config key=\"store_name\"} wurde für Sie erstellt.', NULL, NULL),
  (@max_id+1, 'en_US', 'Message sent to the shop owner when a new order is placed', 'New order {$order_ref} placed on {config key=\"store_name\"}', NULL, NULL),
  (@max_id+2, 'en_US', 'Mail sent to the customer when its password or email is changed in the back-office', 'Your account information on {config key=\"store_name\"} has been changed.', NULL, NULL),
  (@max_id+3, 'en_US', 'Mail sent to the customer when its account is created by an administrator in the back-office', 'A {config key=\"store_name\"} account has been created for you', NULL, NULL),
  (@max_id+1, 'es_ES', NULL, NULL, NULL, NULL),
  (@max_id+2, 'es_ES', NULL, NULL, NULL, NULL),
  (@max_id+3, 'es_ES', NULL, NULL, NULL, NULL),
  (@max_id+1, 'fr_FR', 'Message envoyé au gestionnaire de la boutique lors d\'une nouvelle commande.', 'Nouvelle commande {$order_ref} reçue sur {config key=\"store_name\"}', NULL, NULL),
  (@max_id+2, 'fr_FR', 'Message envoyé au client lorsque son mot de passe ou son email est changé dans le back-office', 'L\'accès à votre compte {config key=\"store_name\"} a changé', NULL, NULL),
  (@max_id+3, 'fr_FR', 'Mail envoyé au client lorsque son compte est créé depuis le back-office par un administrateur', 'Un compte {config key=\"store_name\"} vient d\'être créé pour vous.', NULL, NULL),
  (@max_id+1, 'it_IT', NULL, NULL, NULL, NULL),
  (@max_id+2, 'it_IT', NULL, NULL, NULL, NULL),
  (@max_id+3, 'it_IT', NULL, NULL, NULL, NULL),
  (@max_id+1, 'pt_BR', NULL, NULL, NULL, NULL),
  (@max_id+2, 'pt_BR', NULL, NULL, NULL, NULL),
  (@max_id+3, 'pt_BR', NULL, NULL, NULL, NULL),
  (@max_id+1, 'tr_TR', 'Yeni bir sipariş verildiğinde dükkan sahibine gönderilen ileti', 'Yeni sipariş {$order_ref} yerleştirilir {config anahtarı \"store_name\" =}', NULL, NULL),
  (@max_id+2, 'tr_TR', 'Onun parola veya e-posta arka ofis değiştiğinde müşteriye gönderilen posta', 'Hesap bilgilerinizi {config anahtarı \"store_name\" =} değiştirildi.', NULL, NULL),
  (@max_id+3, 'tr_TR', 'Arka ofiste bir yönetici tarafından kendi hesabınızı oluştururken müşteriye gönderilen posta', 'A {config anahtarı \"store_name\" =} hesabı sizin için oluşturuldu', NULL, NULL)
;

# ======================================================================================================================
# Add Virtual product
# ======================================================================================================================

ALTER TABLE  `product`
  ADD  `virtual` TINYINT DEFAULT 0 NOT NULL
  AFTER  `ref`;

ALTER TABLE  `product_version`
  ADD  `virtual` TINYINT DEFAULT 0 NOT NULL
  AFTER  `ref`;


ALTER TABLE  `order_product`
  ADD  `virtual` TINYINT DEFAULT 0 NOT NULL
  AFTER  `postscriptum`;

ALTER TABLE  `order_product`
  ADD  `virtual_document` VARCHAR(255)
  AFTER  `virtual`;


# ======================================================================================================================
# Add Meta data
# ======================================================================================================================

DROP TABLE IF EXISTS `meta_data`;

CREATE TABLE `meta_data`
(
    `id` INTEGER NOT NULL AUTO_INCREMENT,
    `meta_key` VARCHAR(100) NOT NULL,
    `element_key` VARCHAR(100) NOT NULL,
    `element_id` INTEGER NOT NULL,
    `is_serialized` TINYINT(1) NOT NULL,
    `value` LONGTEXT NOT NULL,
    `created_at` DATETIME,
    `updated_at` DATETIME,
    PRIMARY KEY (`id`),
    INDEX `meta_data_key_element_idx` (`meta_key`, `element_key`, `element_id`)
) ENGINE=InnoDB CHARACTER SET='utf8';


# ======================================================================================================================
# Allow negative stock
# ======================================================================================================================

INSERT INTO `config` (`name`, `value`, `secured`, `hidden`, `created_at`, `updated_at`) VALUES
  ('allow_negative_stock', '0', 0, 0, NOW(), NOW());

SELECT @max_id := MAX(`id`) FROM `config`;

INSERT INTO `config_i18n` (`id`, `locale`, `title`, `description`, `chapo`, `postscriptum`) VALUES
(@max_id, 'ar_SA', NULL, NULL, NULL, NULL),
(@max_id, 'de_DE', 'Negativen Lagerbestand erlauben (1) oder nicht (0)(Standartwert 0)', NULL, NULL, NULL),
(@max_id, 'en_US', 'Allow negative product stock (1) or not (0, default)', NULL, NULL, NULL),
(@max_id, 'es_ES', NULL, NULL, NULL, NULL),
(@max_id, 'fr_FR', 'Autoriser le stock négatif (1) ou pas (0) (0 par défaut)', NULL, NULL, NULL),
(@max_id, 'it_IT', NULL, NULL, NULL, NULL),
(@max_id, 'pt_BR', NULL, NULL, NULL, NULL),
(@max_id, 'tr_TR', 'Negatif ürün stok (1) izin (0, varsayılan)', NULL, NULL, NULL)
;

# ======================================================================================================================
# Module configuration
# ======================================================================================================================

-- ---------------------------------------------------------------------
-- module_config
-- ---------------------------------------------------------------------

DROP TABLE IF EXISTS `module_config`;

CREATE TABLE `module_config`
(
  `id` INTEGER NOT NULL AUTO_INCREMENT,
  `module_id` INTEGER NOT NULL,
  `name` VARCHAR(255) NOT NULL,
  `created_at` DATETIME,
  `updated_at` DATETIME,
  PRIMARY KEY (`id`),
  INDEX `idx_module_id_name` (`module_id`, `name`),
  CONSTRAINT `fk_module_config_module_id`
  FOREIGN KEY (`module_id`)
  REFERENCES `module` (`id`)
    ON UPDATE RESTRICT
    ON DELETE CASCADE
) ENGINE=InnoDB CHARACTER SET='utf8';

-- ---------------------------------------------------------------------
-- module_config_i18n
-- ---------------------------------------------------------------------

DROP TABLE IF EXISTS `module_config_i18n`;

CREATE TABLE `module_config_i18n`
(
  `id` INTEGER NOT NULL,
  `locale` VARCHAR(5) DEFAULT 'en_US' NOT NULL,
  `value` TEXT,
  PRIMARY KEY (`id`,`locale`),
  CONSTRAINT `module_config_i18n_FK_1`
  FOREIGN KEY (`id`)
  REFERENCES `module_config` (`id`)
    ON DELETE CASCADE
) ENGINE=InnoDB CHARACTER SET='utf8';

# ======================================================================================================================
# Update of short title Mister
# ======================================================================================================================

-- en_US
UPDATE `customer_title_i18n`
  SET `short` = 'Mr.'
  WHERE `customer_title_i18n`.`id` = 1
    AND `customer_title_i18n`.`locale` = 'en_US';
-- fr_FR
UPDATE `customer_title_i18n`
  SET `short` = 'M.'
  WHERE `customer_title_i18n`.`id` = 1
    AND `customer_title_i18n`.`locale` = 'fr_FR';


# ======================================================================================================================
# Adding missing resources
# ======================================================================================================================

SELECT @max_id := MAX(`id`) FROM `resource`;

INSERT INTO resource (`id`, `code`, `created_at`, `updated_at`) VALUES
(@max_id+1, 'admin.hook', NOW(), NOW()),
(@max_id+2, 'admin.module-hook', NOW(), NOW()),
(@max_id+3, 'admin.sales', NOW(), NOW()),
(@max_id+4, 'admin.administrator', NOW(), NOW()),
(@max_id+5, 'admin.configuration.category', NOW(), NOW()),
(@max_id+6, 'admin.configuration.shipping-configuration', NOW(), NOW()),
(@max_id+7, 'admin.configuration.tax-rule', NOW(), NOW()),
(@max_id+8, 'admin.hooks', NOW(), NOW()),
(@max_id+9, 'admin.import', NOW(), NOW()),
(@max_id+10, 'admin.modules', NOW(), NOW()),
(@max_id+11, 'admin.profile', NOW(), NOW())
;

INSERT INTO resource_i18n (`id`, `locale`, `title`) VALUES
  (@max_id+1, 'ar_SA', NULL),
  (@max_id+2, 'ar_SA', NULL),
  (@max_id+3, 'ar_SA', NULL),
  (@max_id+4, 'ar_SA', NULL),
  (@max_id+5, 'ar_SA', NULL),
  (@max_id+6, 'ar_SA', NULL),
  (@max_id+7, 'ar_SA', NULL),
  (@max_id+8, 'ar_SA', NULL),
  (@max_id+9, 'ar_SA', NULL),
  (@max_id+10, 'ar_SA', NULL),
  (@max_id+11, 'ar_SA', NULL),
  (@max_id+1, 'de_DE', 'Andockpunkte'),
  (@max_id+2, 'de_DE', 'Hooks Position'),
  (@max_id+3, 'de_DE', 'Sonderangebote Verwaltung'),
  (@max_id+4, 'de_DE', 'Administratorenliste'),
  (@max_id+5, 'de_DE', 'Kategorie-Konfiguration'),
  (@max_id+6, 'de_DE', 'Versandkonfiguration'),
  (@max_id+7, 'de_DE', 'Taxeregelung-Konfiguration'),
  (@max_id+8, 'de_DE', 'Hooks Verwendung'),
  (@max_id+9, 'de_DE', 'Importation / Exportation von Daten'),
  (@max_id+10, 'de_DE', 'Modul Verwendung'),
  (@max_id+11, 'de_DE', 'Administration-Profilverwaltung'),
  (@max_id+1, 'en_US', 'Hooks'),
  (@max_id+2, 'en_US', 'Hook positions'),
  (@max_id+3, 'en_US', 'Sales management'),
  (@max_id+4, 'en_US', 'Administrator list'),
  (@max_id+5, 'en_US', 'Category configuration'),
  (@max_id+6, 'en_US', 'Shipping configuration'),
  (@max_id+7, 'en_US', 'Tax rules configuration'),
  (@max_id+8, 'en_US', 'Hooks management'),
  (@max_id+9, 'en_US', 'Data import / export'),
  (@max_id+10, 'en_US', 'Modules management'),
  (@max_id+11, 'en_US', 'Administration profiles management'),
  (@max_id+1, 'es_ES', NULL),
  (@max_id+2, 'es_ES', NULL),
  (@max_id+3, 'es_ES', NULL),
  (@max_id+4, 'es_ES', NULL),
  (@max_id+5, 'es_ES', NULL),
  (@max_id+6, 'es_ES', NULL),
  (@max_id+7, 'es_ES', NULL),
  (@max_id+8, 'es_ES', NULL),
  (@max_id+9, 'es_ES', NULL),
  (@max_id+10, 'es_ES', NULL),
  (@max_id+11, 'es_ES', NULL),
  (@max_id+1, 'fr_FR', 'Points d\'accroche'),
  (@max_id+2, 'fr_FR', 'Position des hooks'),
  (@max_id+3, 'fr_FR', 'Gestion des promotions'),
  (@max_id+4, 'fr_FR', 'Liste des administrateurs'),
  (@max_id+5, 'fr_FR', 'Configuration d\'une catégorie'),
  (@max_id+6, 'fr_FR', 'Configuration des transports'),
  (@max_id+7, 'fr_FR', 'Configuration des règles de taxes'),
  (@max_id+8, 'fr_FR', 'Gestion des hooks'),
  (@max_id+9, 'fr_FR', 'Importation / exportation de données'),
  (@max_id+10, 'fr_FR', 'Gestion des modules'),
  (@max_id+11, 'fr_FR', 'Gestion des profils d\'administration'),
  (@max_id+1, 'it_IT', NULL),
  (@max_id+2, 'it_IT', 'Posizioni dell\'hook'),
  (@max_id+3, 'it_IT', 'Gestione vendite'),
  (@max_id+4, 'it_IT', NULL),
  (@max_id+5, 'it_IT', NULL),
  (@max_id+6, 'it_IT', 'Configurazione di spedizione'),
  (@max_id+7, 'it_IT', NULL),
  (@max_id+8, 'it_IT', NULL),
  (@max_id+9, 'it_IT', NULL),
  (@max_id+10, 'it_IT', NULL),
  (@max_id+11, 'it_IT', NULL),
  (@max_id+1, 'pt_BR', NULL),
  (@max_id+2, 'pt_BR', NULL),
  (@max_id+3, 'pt_BR', NULL),
  (@max_id+4, 'pt_BR', NULL),
  (@max_id+5, 'pt_BR', NULL),
  (@max_id+6, 'pt_BR', NULL),
  (@max_id+7, 'pt_BR', NULL),
  (@max_id+8, 'pt_BR', NULL),
  (@max_id+9, 'pt_BR', NULL),
  (@max_id+10, 'pt_BR', NULL),
  (@max_id+11, 'pt_BR', NULL),
  (@max_id+1, 'tr_TR', 'Kanca'),
  (@max_id+2, 'tr_TR', 'Kanca pozisyonlar'),
  (@max_id+3, 'tr_TR', 'Satış Yönetimi'),
  (@max_id+4, 'tr_TR', 'Yönetici listesi'),
  (@max_id+5, 'tr_TR', 'Kategori yapılandırma'),
  (@max_id+6, 'tr_TR', 'Aktarma yapılandırması'),
  (@max_id+7, 'tr_TR', 'Kdv kuralları yapılandırma'),
  (@max_id+8, 'tr_TR', 'Kanca yönetimi'),
  (@max_id+9, 'tr_TR', 'Veri ithalat / ihracat'),
  (@max_id+10, 'tr_TR', 'Modülleri maagement'),
  (@max_id+11, 'tr_TR', 'Yönetim profilleri yönetim')
;

# ======================================================================================================================
# Adding cart id in order table
# ======================================================================================================================

ALTER TABLE  `order_version`
  ADD  `customer_id_version` INTEGER DEFAULT 0
  AFTER  `version_created_by`;


# ======================================================================================================================
# End of changes
# ======================================================================================================================

SET FOREIGN_KEY_CHECKS = 1;
