SET FOREIGN_KEY_CHECKS = 0;

UPDATE `config` SET `value`='2.3.0-alpha1' WHERE `name`='thelia_version';
UPDATE `config` SET `value`='2' WHERE `name`='thelia_major_version';
UPDATE `config` SET `value`='3' WHERE `name`='thelia_minus_version';
UPDATE `config` SET `value`='0' WHERE `name`='thelia_release_version';
UPDATE `config` SET `value`='alpha1' WHERE `name`='thelia_extra_version';

-- Add new column in module_hook table
ALTER TABLE `module_hook` ADD `templates` TEXT AFTER`position`;

-- Add new columns in currency table
ALTER TABLE `currency` ADD  `format` CHAR( 10 ) NOT NULL AFTER  `symbol`;
ALTER TABLE `currency` ADD  `visible` TINYINT( 1 ) NOT NULL DEFAULT '0' AFTER  `rate`;

-- Update currencies
UPDATE `currency` SET `visible` = 1 WHERE 1;
UPDATE `currency` SET `format` = '%n %s' WHERE `code` NOT IN ('USD', 'GBP');
UPDATE `currency` SET `format` = '%s%n' WHERE `code` IN ('USD', 'GBP');

-- Additional hooks

SELECT @max_id := IFNULL(MAX(`id`),0) FROM `hook`;

INSERT INTO `hook` (`id`, `code`, `type`, `by_module`, `block`, `native`, `activate`, `position`, `created_at`, `updated_at`) VALUES
(@max_id+1,  'brand.modification.form-right.top', 2, 0, 0, 1, 1, 1, NOW(), NOW()),
(@max_id+2,  'brand.modification.form-right.bottom', 2, 0, 0, 1, 1, 1, NOW(), NOW()),
(@max_id+3,  'category.modification.form-right.top', 2, 0, 0, 1, 1, 1, NOW(), NOW()),
(@max_id+4,  'category.modification.form-right.bottom', 2, 0, 0, 1, 1, 1, NOW(), NOW()),
(@max_id+5,  'content.modification.form-right.top', 2, 0, 0, 1, 1, 1, NOW(), NOW()),
(@max_id+6,  'content.modification.form-right.bottom', 2, 0, 0, 1, 1, 1, NOW(), NOW()),
(@max_id+7,  'folder.modification.form-right.top', 2, 0, 0, 1, 1, 1, NOW(), NOW()),
(@max_id+8,  'folder.modification.form-right.bottom', 2, 0, 0, 1, 1, 1, NOW(), NOW()),
(@max_id+9,  'product.modification.form-right.top', 2, 0, 0, 1, 1, 1, NOW(), NOW()),
(@max_id+10, 'product.modification.form-right.bottom', 2, 0, 0, 1, 1, 1, NOW(), NOW())
;

INSERT INTO  `hook_i18n` (`id`, `locale`, `title`, `description`, `chapo`) VALUES
(@max_id+1,  'ar_SA', NULL, NULL, NULL),
(@max_id+2,  'ar_SA', NULL, NULL, NULL),
(@max_id+3,  'ar_SA', NULL, NULL, NULL),
(@max_id+4,  'ar_SA', NULL, NULL, NULL),
(@max_id+5,  'ar_SA', NULL, NULL, NULL),
(@max_id+6,  'ar_SA', NULL, NULL, NULL),
(@max_id+7,  'ar_SA', NULL, NULL, NULL),
(@max_id+8,  'ar_SA', NULL, NULL, NULL),
(@max_id+9,  'ar_SA', NULL, NULL, NULL),
(@max_id+10, 'ar_SA', NULL, NULL, NULL),
(@max_id+1,  'de_DE', NULL, NULL, NULL),
(@max_id+2,  'de_DE', NULL, NULL, NULL),
(@max_id+3,  'de_DE', NULL, NULL, NULL),
(@max_id+4,  'de_DE', NULL, NULL, NULL),
(@max_id+5,  'de_DE', NULL, NULL, NULL),
(@max_id+6,  'de_DE', NULL, NULL, NULL),
(@max_id+7,  'de_DE', NULL, NULL, NULL),
(@max_id+8,  'de_DE', NULL, NULL, NULL),
(@max_id+9,  'de_DE', NULL, NULL, NULL),
(@max_id+10, 'de_DE', NULL, NULL, NULL),
(@max_id+1,  'en_US', 'Brand edit - right column top', NULL, NULL),
(@max_id+2,  'en_US', 'Brand edit - right column bottom', NULL, NULL),
(@max_id+3,  'en_US', 'Category edit - right column top', NULL, NULL),
(@max_id+4,  'en_US', 'Category edit - right column bottom', NULL, NULL),
(@max_id+5,  'en_US', 'Content edit - right column top', NULL, NULL),
(@max_id+6,  'en_US', 'Content edit - right column bottom', NULL, NULL),
(@max_id+7,  'en_US', 'Folder edit - right column top', NULL, NULL),
(@max_id+8,  'en_US', 'Folder edit - right column bottom', NULL, NULL),
(@max_id+9,  'en_US', 'Product edit - right column top', NULL, NULL),
(@max_id+10, 'en_US', 'Product edit - right column bottom', NULL, NULL),
(@max_id+1,  'es_ES', NULL, NULL, NULL),
(@max_id+2,  'es_ES', NULL, NULL, NULL),
(@max_id+3,  'es_ES', NULL, NULL, NULL),
(@max_id+4,  'es_ES', NULL, NULL, NULL),
(@max_id+5,  'es_ES', NULL, NULL, NULL),
(@max_id+6,  'es_ES', NULL, NULL, NULL),
(@max_id+7,  'es_ES', NULL, NULL, NULL),
(@max_id+8,  'es_ES', NULL, NULL, NULL),
(@max_id+9,  'es_ES', NULL, NULL, NULL),
(@max_id+10, 'es_ES', NULL, NULL, NULL),
(@max_id+1,  'fr_FR', 'Édition d\'une marque - en haut de la colonne de droite', NULL, NULL),
(@max_id+2,  'fr_FR', 'Édition d\'une marque - en bas de la colonne de droite', NULL, NULL),
(@max_id+3,  'fr_FR', 'Édition d\'une catégorie - en haut de la colonne de droite', NULL, NULL),
(@max_id+4,  'fr_FR', 'Édition d\'une catégorie - en bas de la colonne de droite', NULL, NULL),
(@max_id+5,  'fr_FR', 'Édition d\'un contenu - en haut de la colonne de droite', NULL, NULL),
(@max_id+6,  'fr_FR', 'Édition d\'un contenu  - en bas de la colonne de droite', NULL, NULL),
(@max_id+7,  'fr_FR', 'Édition d\'un dossier - en haut de la colonne de droite', NULL, NULL),
(@max_id+8,  'fr_FR', 'Édition d\'un dossier - en bas de la colonne de droite', NULL, NULL),
(@max_id+9,  'fr_FR', 'Édition d\'un produit - en haut de la colonne de droite', NULL, NULL),
(@max_id+10, 'fr_FR', 'Édition d\'un produit - en bas de la colonne de droite', NULL, NULL),
(@max_id+1,  'it_IT', NULL, NULL, NULL),
(@max_id+2,  'it_IT', NULL, NULL, NULL),
(@max_id+3,  'it_IT', NULL, NULL, NULL),
(@max_id+4,  'it_IT', NULL, NULL, NULL),
(@max_id+5,  'it_IT', NULL, NULL, NULL),
(@max_id+6,  'it_IT', NULL, NULL, NULL),
(@max_id+7,  'it_IT', NULL, NULL, NULL),
(@max_id+8,  'it_IT', NULL, NULL, NULL),
(@max_id+9,  'it_IT', NULL, NULL, NULL),
(@max_id+10, 'it_IT', NULL, NULL, NULL),
(@max_id+1,  'pt_BR', NULL, NULL, NULL),
(@max_id+2,  'pt_BR', NULL, NULL, NULL),
(@max_id+3,  'pt_BR', NULL, NULL, NULL),
(@max_id+4,  'pt_BR', NULL, NULL, NULL),
(@max_id+5,  'pt_BR', NULL, NULL, NULL),
(@max_id+6,  'pt_BR', NULL, NULL, NULL),
(@max_id+7,  'pt_BR', NULL, NULL, NULL),
(@max_id+8,  'pt_BR', NULL, NULL, NULL),
(@max_id+9,  'pt_BR', NULL, NULL, NULL),
(@max_id+10, 'pt_BR', NULL, NULL, NULL),
(@max_id+1,  'tr_TR', NULL, NULL, NULL),
(@max_id+2,  'tr_TR', NULL, NULL, NULL),
(@max_id+3,  'tr_TR', NULL, NULL, NULL),
(@max_id+4,  'tr_TR', NULL, NULL, NULL),
(@max_id+5,  'tr_TR', NULL, NULL, NULL),
(@max_id+6,  'tr_TR', NULL, NULL, NULL),
(@max_id+7,  'tr_TR', NULL, NULL, NULL),
(@max_id+8,  'tr_TR', NULL, NULL, NULL),
(@max_id+9,  'tr_TR', NULL, NULL, NULL),
(@max_id+10, 'tr_TR', NULL, NULL, NULL)
;

/* States */
SELECT @max_id := IFNULL(MAX(`id`),0) FROM `hook`;

INSERT INTO `hook` (`id`, `code`, `type`, `by_module`, `block`, `native`, `activate`, `position`, `created_at`, `updated_at`) VALUES
(@max_id + 1, 'state-edit.top', 2, 0, 0, 1, 1, 1, NOW(), NOW()),
(@max_id + 2, 'state-edit.bottom', 2, 0, 0, 1, 1, 1, NOW(), NOW()),
(@max_id + 3, 'state.edit-js', 2, 0, 0, 1, 1, 1, NOW(), NOW()),
(@max_id + 4, 'states.top', 2, 0, 0, 1, 1, 1, NOW(), NOW()),
(@max_id + 5, 'states.table-header', 2, 0, 0, 1, 1, 1, NOW(), NOW()),
(@max_id + 6, 'states.table-row', 2, 0, 0, 1, 1, 1, NOW(), NOW()),
(@max_id + 7, 'states.bottom', 2, 0, 0, 1, 1, 1, NOW(), NOW()),
(@max_id + 8, 'state.create-form', 2, 0, 0, 1, 1, 1, NOW(), NOW()),
(@max_id + 9, 'state.delete-form', 2, 0, 0, 1, 1, 1, NOW(), NOW()),
(@max_id + 10, 'states.js', 2, 0, 0, 1, 1, 1, NOW(), NOW())
;

INSERT INTO  `hook_i18n` (`id`, `locale`, `title`, `description`, `chapo`) VALUES
(@max_id + 1, 'ar_SA', NULL, '', ''),
(@max_id + 2, 'ar_SA', NULL, '', ''),
(@max_id + 3, 'ar_SA', NULL, '', ''),
(@max_id + 4, 'ar_SA', NULL, '', ''),
(@max_id + 5, 'ar_SA', NULL, '',    ''),
(@max_id + 6, 'ar_SA', NULL, '', ''),
(@max_id + 7, 'ar_SA', NULL, '', ''),
(@max_id + 8, 'ar_SA', NULL, '',  ''),
(@max_id + 9, 'ar_SA', NULL, '', ''),
(@max_id + 10, 'ar_SA', NULL, '', ''),
(@max_id + 1, 'de_DE', NULL, '', ''),
(@max_id + 2, 'de_DE', NULL, '', ''),
(@max_id + 3, 'de_DE', NULL, '', ''),
(@max_id + 4, 'de_DE', NULL, '', ''),
(@max_id + 5, 'de_DE', NULL, '',    ''),
(@max_id + 6, 'de_DE', NULL, '', ''),
(@max_id + 7, 'de_DE', NULL, '', ''),
(@max_id + 8, 'de_DE', NULL, '',  ''),
(@max_id + 9, 'de_DE', NULL, '', ''),
(@max_id + 10, 'de_DE', NULL, '', ''),
(@max_id + 1, 'en_US', 'state-edit - at the top', '', ''),
(@max_id + 2, 'en_US', 'state-edit - bottom', '', ''),
(@max_id + 3, 'en_US', 'state - Edit JavaScript', '', ''),
(@max_id + 4, 'en_US', 'states - at the top', '', ''),
(@max_id + 5, 'en_US', 'states - table header', '',    ''),
(@max_id + 6, 'en_US', 'states - table row', '', ''),
(@max_id + 7, 'en_US', 'states - bottom', '', ''),
(@max_id + 8, 'en_US', 'state - creation form', '',  ''),
(@max_id + 9, 'en_US', 'state - delete form', '', ''),
(@max_id + 10, 'en_US', 'states - JavaScript', '', ''),
(@max_id + 1, 'es_ES', NULL, '', ''),
(@max_id + 2, 'es_ES', NULL, '', ''),
(@max_id + 3, 'es_ES', NULL, '', ''),
(@max_id + 4, 'es_ES', NULL, '', ''),
(@max_id + 5, 'es_ES', NULL, '',    ''),
(@max_id + 6, 'es_ES', NULL, '', ''),
(@max_id + 7, 'es_ES', NULL, '', ''),
(@max_id + 8, 'es_ES', NULL, '',  ''),
(@max_id + 9, 'es_ES', NULL, '', ''),
(@max_id + 10, 'es_ES', NULL, '', ''),
(@max_id + 1, 'fr_FR', 'state-edit - at the top', '', ''),
(@max_id + 2, 'fr_FR', 'state-edit - bottom', '', ''),
(@max_id + 3, 'fr_FR', 'state - Edit JavaScript', '', ''),
(@max_id + 4, 'fr_FR', 'states - at the top', '', ''),
(@max_id + 5, 'fr_FR', 'states - table header', '',    ''),
(@max_id + 6, 'fr_FR', 'states - table row', '', ''),
(@max_id + 7, 'fr_FR', 'states - bottom', '', ''),
(@max_id + 8, 'fr_FR', 'state - creation form', '',  ''),
(@max_id + 9, 'fr_FR', 'state - delete form', '', ''),
(@max_id + 10, 'fr_FR', 'states - JavaScript', '', ''),
(@max_id + 1, 'it_IT', NULL, '', ''),
(@max_id + 2, 'it_IT', NULL, '', ''),
(@max_id + 3, 'it_IT', NULL, '', ''),
(@max_id + 4, 'it_IT', NULL, '', ''),
(@max_id + 5, 'it_IT', NULL, '',    ''),
(@max_id + 6, 'it_IT', NULL, '', ''),
(@max_id + 7, 'it_IT', NULL, '', ''),
(@max_id + 8, 'it_IT', NULL, '',  ''),
(@max_id + 9, 'it_IT', NULL, '', ''),
(@max_id + 10, 'it_IT', NULL, '', ''),
(@max_id + 1, 'pt_BR', NULL, '', ''),
(@max_id + 2, 'pt_BR', NULL, '', ''),
(@max_id + 3, 'pt_BR', NULL, '', ''),
(@max_id + 4, 'pt_BR', NULL, '', ''),
(@max_id + 5, 'pt_BR', NULL, '',    ''),
(@max_id + 6, 'pt_BR', NULL, '', ''),
(@max_id + 7, 'pt_BR', NULL, '', ''),
(@max_id + 8, 'pt_BR', NULL, '',  ''),
(@max_id + 9, 'pt_BR', NULL, '', ''),
(@max_id + 10, 'pt_BR', NULL, '', ''),
(@max_id + 1, 'tr_TR', NULL, '', ''),
(@max_id + 2, 'tr_TR', NULL, '', ''),
(@max_id + 3, 'tr_TR', NULL, '', ''),
(@max_id + 4, 'tr_TR', NULL, '', ''),
(@max_id + 5, 'tr_TR', NULL, '',    ''),
(@max_id + 6, 'tr_TR', NULL, '', ''),
(@max_id + 7, 'tr_TR', NULL, '', ''),
(@max_id + 8, 'tr_TR', NULL, '',  ''),
(@max_id + 9, 'tr_TR', NULL, '', ''),
(@max_id + 10, 'tr_TR', NULL, '', '')
;

SELECT @max_id := IFNULL(MAX(`id`),0) FROM `hook`;

INSERT INTO `hook` (`id`, `code`, `type`, `by_module`, `block`, `native`, `activate`, `position`, `created_at`, `updated_at`) VALUES
(@max_id+1, 'email-html.template.css', 4, 0, 0, 1, 1, 1, NOW(), NOW()),
(@max_id+2, 'email-html.layout.footer', 4, 0, 0, 1, 1, 1, NOW(), NOW()),
(@max_id+3, 'email-html.order-confirmation.before-address', 4, 0, 0, 1, 1, 1, NOW(), NOW()),
(@max_id+4, 'email-html.order-confirmation.delivery-address', 4, 1, 0, 1, 1, 1, NOW(), NOW()),
(@max_id+5, 'email-html.order-confirmation.after-address', 4, 0, 0, 1, 1, 1, NOW(), NOW()),
(@max_id+6, 'email-html.order-confirmation.order-product', 4, 0, 0, 1, 1, 1, NOW(), NOW()),
(@max_id+7, 'email-html.order-confirmation.before-products', 4, 0, 0, 1, 1, 1, NOW(), NOW()),
(@max_id+8, 'email-html.order-confirmation.after-products', 4, 0, 0, 1, 1, 1, NOW(), NOW()),
(@max_id+9, 'email-html.order-confirmation.footer', 4, 0, 0, 1, 1, 1, NOW(), NOW()),
(@max_id+10, 'email-html.order-notification.before-address', 4, 0, 0, 1, 1, 1, NOW(), NOW()),
(@max_id+11, 'email-html.order-notification.delivery-address', 4, 1, 0, 1, 1, 1, NOW(), NOW()),
(@max_id+12, 'email-html.order-notification.after-address', 4, 0, 0, 1, 1, 1, NOW(), NOW()),
(@max_id+13, 'email-html.order-notification.order-product', 4, 0, 0, 1, 1, 1, NOW(), NOW()),
(@max_id+14, 'email-html.order-notification.before-products', 4, 0, 0, 1, 1, 1, NOW(), NOW()),
(@max_id+15, 'email-html.order-notification.after-products', 4, 0, 0, 1, 1, 1, NOW(), NOW()),
(@max_id+16, 'email-txt.order-confirmation.before-address', 4, 0, 0, 1, 1, 1, NOW(), NOW()),
(@max_id+17, 'email-txt.order-confirmation.delivery-address', 4, 1, 0, 1, 1, 1, NOW(), NOW()),
(@max_id+18, 'email-txt.order-confirmation.after-address', 4, 0, 0, 1, 1, 1, NOW(), NOW()),
(@max_id+19, 'email-txt.order-confirmation.order-product', 4, 0, 0, 1, 1, 1, NOW(), NOW()),
(@max_id+20, 'email-txt.order-confirmation.before-products', 4, 0, 0, 1, 1, 1, NOW(), NOW()),
(@max_id+21, 'email-txt.order-confirmation.after-products', 4, 0, 0, 1, 1, 1, NOW(), NOW()),
(@max_id+22, 'email-txt.order-notification.before-address', 4, 0, 0, 1, 1, 1, NOW(), NOW()),
(@max_id+23, 'email-txt.order-notification.delivery-address', 4, 1, 0, 1, 1, 1, NOW(), NOW()),
(@max_id+24, 'email-txt.order-notification.after-address', 4, 0, 0, 1, 1, 1, NOW(), NOW()),
(@max_id+25, 'email-txt.order-notification.order-product', 4, 0, 0, 1, 1, 1, NOW(), NOW()),
(@max_id+26, 'email-txt.order-notification.before-products', 4, 0, 0, 1, 1, 1, NOW(), NOW()),
(@max_id+27, 'email-txt.order-notification.after-products', 4, 0, 0, 1, 1, 1, NOW(), NOW())
;

INSERT INTO  `hook_i18n` (`id`, `locale`, `title`, `description`, `chapo`) VALUES
    (@max_id+1, 'ar_SA', NULL, NULL, NULL),
    (@max_id+2, 'ar_SA', NULL, NULL, NULL),
    (@max_id+3, 'ar_SA', NULL, NULL, NULL),
    (@max_id+4, 'ar_SA', NULL, NULL, NULL),
    (@max_id+5, 'ar_SA', NULL, NULL, NULL),
    (@max_id+6, 'ar_SA', NULL, NULL, NULL),
    (@max_id+7, 'ar_SA', NULL, NULL, NULL),
    (@max_id+8, 'ar_SA', NULL, NULL, NULL),
    (@max_id+9, 'ar_SA', NULL, NULL, NULL),
    (@max_id+10, 'ar_SA', NULL, NULL, NULL),
    (@max_id+11, 'ar_SA', NULL, NULL, NULL),
    (@max_id+12, 'ar_SA', NULL, NULL, NULL),
    (@max_id+13, 'ar_SA', NULL, NULL, NULL),
    (@max_id+14, 'ar_SA', NULL, NULL, NULL),
    (@max_id+15, 'ar_SA', NULL, NULL, NULL),
    (@max_id+16, 'ar_SA', NULL, NULL, NULL),
    (@max_id+17, 'ar_SA', NULL, NULL, NULL),
    (@max_id+18, 'ar_SA', NULL, NULL, NULL),
    (@max_id+19, 'ar_SA', NULL, NULL, NULL),
    (@max_id+20, 'ar_SA', NULL, NULL, NULL),
    (@max_id+21, 'ar_SA', NULL, NULL, NULL),
    (@max_id+22, 'ar_SA', NULL, NULL, NULL),
    (@max_id+23, 'ar_SA', NULL, NULL, NULL),
    (@max_id+24, 'ar_SA', NULL, NULL, NULL),
    (@max_id+25, 'ar_SA', NULL, NULL, NULL),
    (@max_id+26, 'ar_SA', NULL, NULL, NULL),
    (@max_id+27, 'ar_SA', NULL, NULL, NULL),
    (@max_id+1, 'de_DE', NULL, NULL, NULL),
    (@max_id+2, 'de_DE', NULL, NULL, NULL),
    (@max_id+3, 'de_DE', NULL, NULL, NULL),
    (@max_id+4, 'de_DE', NULL, NULL, NULL),
    (@max_id+5, 'de_DE', NULL, NULL, NULL),
    (@max_id+6, 'de_DE', NULL, NULL, NULL),
    (@max_id+7, 'de_DE', NULL, NULL, NULL),
    (@max_id+8, 'de_DE', NULL, NULL, NULL),
    (@max_id+9, 'de_DE', NULL, NULL, NULL),
    (@max_id+10, 'de_DE', NULL, NULL, NULL),
    (@max_id+11, 'de_DE', NULL, NULL, NULL),
    (@max_id+12, 'de_DE', NULL, NULL, NULL),
    (@max_id+13, 'de_DE', NULL, NULL, NULL),
    (@max_id+14, 'de_DE', NULL, NULL, NULL),
    (@max_id+15, 'de_DE', NULL, NULL, NULL),
    (@max_id+16, 'de_DE', NULL, NULL, NULL),
    (@max_id+17, 'de_DE', NULL, NULL, NULL),
    (@max_id+18, 'de_DE', NULL, NULL, NULL),
    (@max_id+19, 'de_DE', NULL, NULL, NULL),
    (@max_id+20, 'de_DE', NULL, NULL, NULL),
    (@max_id+21, 'de_DE', NULL, NULL, NULL),
    (@max_id+22, 'de_DE', NULL, NULL, NULL),
    (@max_id+23, 'de_DE', NULL, NULL, NULL),
    (@max_id+24, 'de_DE', NULL, NULL, NULL),
    (@max_id+25, 'de_DE', NULL, NULL, NULL),
    (@max_id+26, 'de_DE', NULL, NULL, NULL),
    (@max_id+27, 'de_DE', NULL, NULL, NULL),
    (@max_id+1, 'en_US', 'Email html - layout - CSS', NULL, NULL),
    (@max_id+2, 'en_US', 'Email html - layout - footer', NULL, NULL),
    (@max_id+3, 'en_US', 'Email html - order confirmation - before address', NULL, NULL),
    (@max_id+4, 'en_US', 'Email html - order confirmation - delivery address', NULL, NULL),
    (@max_id+5, 'en_US', 'Email html - order confirmation - after address', NULL, NULL),
    (@max_id+6, 'en_US', 'Email html - order confirmation - order product', NULL, NULL),
    (@max_id+7, 'en_US', 'Email html - order confirmation - before products', NULL, NULL),
    (@max_id+8, 'en_US', 'Email html - order confirmation - after products', NULL, NULL),
    (@max_id+9, 'en_US', 'Email html - order confirmation - footer', NULL, NULL),
    (@max_id+10, 'en_US', 'Email html - order notification - before address', NULL, NULL),
    (@max_id+11, 'en_US', 'Email html - order notification - delivery address', NULL, NULL),
    (@max_id+12, 'en_US', 'Email html - order notification - after address', NULL, NULL),
    (@max_id+13, 'en_US', 'Email html - order notification - order product', NULL, NULL),
    (@max_id+14, 'en_US', 'Email html - order notification - before products', NULL, NULL),
    (@max_id+15, 'en_US', 'Email html - order notification - after products', NULL, NULL),
    (@max_id+16, 'en_US', 'Email txt - order confirmation - before address', NULL, NULL),
    (@max_id+17, 'en_US', 'Email txt - order confirmation - delivery address', NULL, NULL),
    (@max_id+18, 'en_US', 'Email txt - order confirmation - after address', NULL, NULL),
    (@max_id+19, 'en_US', 'Email txt - order confirmation - order product', NULL, NULL),
    (@max_id+20, 'en_US', 'Email txt - order confirmation - before products', NULL, NULL),
    (@max_id+21, 'en_US', 'Email txt - order confirmation - after products', NULL, NULL),
    (@max_id+22, 'en_US', 'Email txt - order notification - before address', NULL, NULL),
    (@max_id+23, 'en_US', 'Email txt - order notification - delivery address', NULL, NULL),
    (@max_id+24, 'en_US', 'Email txt - order notification - after address', NULL, NULL),
    (@max_id+25, 'en_US', 'Email txt - order notification - order product', NULL, NULL),
    (@max_id+26, 'en_US', 'Email txt - order notification - before products', NULL, NULL),
    (@max_id+27, 'en_US', 'Email txt - order notification - after products', NULL, NULL),
    (@max_id+1, 'es_ES', NULL, NULL, NULL),
    (@max_id+2, 'es_ES', NULL, NULL, NULL),
    (@max_id+3, 'es_ES', NULL, NULL, NULL),
    (@max_id+4, 'es_ES', NULL, NULL, NULL),
    (@max_id+5, 'es_ES', NULL, NULL, NULL),
    (@max_id+6, 'es_ES', NULL, NULL, NULL),
    (@max_id+7, 'es_ES', NULL, NULL, NULL),
    (@max_id+8, 'es_ES', NULL, NULL, NULL),
    (@max_id+9, 'es_ES', NULL, NULL, NULL),
    (@max_id+10, 'es_ES', NULL, NULL, NULL),
    (@max_id+11, 'es_ES', NULL, NULL, NULL),
    (@max_id+12, 'es_ES', NULL, NULL, NULL),
    (@max_id+13, 'es_ES', NULL, NULL, NULL),
    (@max_id+14, 'es_ES', NULL, NULL, NULL),
    (@max_id+15, 'es_ES', NULL, NULL, NULL),
    (@max_id+16, 'es_ES', NULL, NULL, NULL),
    (@max_id+17, 'es_ES', NULL, NULL, NULL),
    (@max_id+18, 'es_ES', NULL, NULL, NULL),
    (@max_id+19, 'es_ES', NULL, NULL, NULL),
    (@max_id+20, 'es_ES', NULL, NULL, NULL),
    (@max_id+21, 'es_ES', NULL, NULL, NULL),
    (@max_id+22, 'es_ES', NULL, NULL, NULL),
    (@max_id+23, 'es_ES', NULL, NULL, NULL),
    (@max_id+24, 'es_ES', NULL, NULL, NULL),
    (@max_id+25, 'es_ES', NULL, NULL, NULL),
    (@max_id+26, 'es_ES', NULL, NULL, NULL),
    (@max_id+27, 'es_ES', NULL, NULL, NULL),
    (@max_id+1, 'fr_FR', 'Email html - layout - CSS', NULL, NULL),
    (@max_id+2, 'fr_FR', 'Email html - layout - pied de page', NULL, NULL),
    (@max_id+3, 'fr_FR', 'Email html - confirmation commande - avant adresses', NULL, NULL),
    (@max_id+4, 'fr_FR', 'Email html - confirmation commande - adresse de livraison', NULL, NULL),
    (@max_id+5, 'fr_FR', 'Email html - confirmation commande - après adresses', NULL, NULL),
    (@max_id+6, 'fr_FR', 'Email html - confirmation commande - produit de la commande', NULL, NULL),
    (@max_id+7, 'fr_FR', 'Email html - confirmation commande - avant produits', NULL, NULL),
    (@max_id+8, 'fr_FR', 'Email html - confirmation commande - après produits', NULL, NULL),
    (@max_id+9, 'fr_FR', 'Email html - confirmation commande - pied de page', NULL, NULL),
    (@max_id+10, 'fr_FR', 'Email html - notification commande - avant adresses', NULL, NULL),
    (@max_id+11, 'fr_FR', 'Email html - notification commande - adresse de livraison', NULL, NULL),
    (@max_id+12, 'fr_FR', 'Email html - notification commande - après adresses', NULL, NULL),
    (@max_id+13, 'fr_FR', 'Email html - notification commande - produit de la commande', NULL, NULL),
    (@max_id+14, 'fr_FR', 'Email html - notification commande - avant produits', NULL, NULL),
    (@max_id+15, 'fr_FR', 'Email html - notification commande - après produits', NULL, NULL),
    (@max_id+16, 'fr_FR', 'Email txt - confirmation commande - avant adresses', NULL, NULL),
    (@max_id+17, 'fr_FR', 'Email txt - confirmation commande - adresse de livraison', NULL, NULL),
    (@max_id+18, 'fr_FR', 'Email txt - confirmation commande - après adresses', NULL, NULL),
    (@max_id+19, 'fr_FR', 'Email txt - confirmation commande - produit de la commande', NULL, NULL),
    (@max_id+20, 'fr_FR', 'Email txt - confirmation commande - avant produits', NULL, NULL),
    (@max_id+21, 'fr_FR', 'Email txt - confirmation commande - après produits', NULL, NULL),
    (@max_id+22, 'fr_FR', 'Email txt - notification commande - avant adresses', NULL, NULL),
    (@max_id+23, 'fr_FR', 'Email txt - notification commande - adresse de livraison', NULL, NULL),
    (@max_id+24, 'fr_FR', 'Email txt - notification commande - après adresses', NULL, NULL),
    (@max_id+25, 'fr_FR', 'Email txt - notification commande - produit de la commande', NULL, NULL),
    (@max_id+26, 'fr_FR', 'Email txt - notification commande - avant produits', NULL, NULL),
    (@max_id+27, 'fr_FR', 'Email txt - notification commande - après produits', NULL, NULL),
    (@max_id+1, 'it_IT', NULL, NULL, NULL),
    (@max_id+2, 'it_IT', NULL, NULL, NULL),
    (@max_id+3, 'it_IT', NULL, NULL, NULL),
    (@max_id+4, 'it_IT', NULL, NULL, NULL),
    (@max_id+5, 'it_IT', NULL, NULL, NULL),
    (@max_id+6, 'it_IT', NULL, NULL, NULL),
    (@max_id+7, 'it_IT', NULL, NULL, NULL),
    (@max_id+8, 'it_IT', NULL, NULL, NULL),
    (@max_id+9, 'it_IT', NULL, NULL, NULL),
    (@max_id+10, 'it_IT', NULL, NULL, NULL),
    (@max_id+11, 'it_IT', NULL, NULL, NULL),
    (@max_id+12, 'it_IT', NULL, NULL, NULL),
    (@max_id+13, 'it_IT', NULL, NULL, NULL),
    (@max_id+14, 'it_IT', NULL, NULL, NULL),
    (@max_id+15, 'it_IT', NULL, NULL, NULL),
    (@max_id+16, 'it_IT', NULL, NULL, NULL),
    (@max_id+17, 'it_IT', NULL, NULL, NULL),
    (@max_id+18, 'it_IT', NULL, NULL, NULL),
    (@max_id+19, 'it_IT', NULL, NULL, NULL),
    (@max_id+20, 'it_IT', NULL, NULL, NULL),
    (@max_id+21, 'it_IT', NULL, NULL, NULL),
    (@max_id+22, 'it_IT', NULL, NULL, NULL),
    (@max_id+23, 'it_IT', NULL, NULL, NULL),
    (@max_id+24, 'it_IT', NULL, NULL, NULL),
    (@max_id+25, 'it_IT', NULL, NULL, NULL),
    (@max_id+26, 'it_IT', NULL, NULL, NULL),
    (@max_id+27, 'it_IT', NULL, NULL, NULL),
    (@max_id+1, 'pt_BR', NULL, NULL, NULL),
    (@max_id+2, 'pt_BR', NULL, NULL, NULL),
    (@max_id+3, 'pt_BR', NULL, NULL, NULL),
    (@max_id+4, 'pt_BR', NULL, NULL, NULL),
    (@max_id+5, 'pt_BR', NULL, NULL, NULL),
    (@max_id+6, 'pt_BR', NULL, NULL, NULL),
    (@max_id+7, 'pt_BR', NULL, NULL, NULL),
    (@max_id+8, 'pt_BR', NULL, NULL, NULL),
    (@max_id+9, 'pt_BR', NULL, NULL, NULL),
    (@max_id+10, 'pt_BR', NULL, NULL, NULL),
    (@max_id+11, 'pt_BR', NULL, NULL, NULL),
    (@max_id+12, 'pt_BR', NULL, NULL, NULL),
    (@max_id+13, 'pt_BR', NULL, NULL, NULL),
    (@max_id+14, 'pt_BR', NULL, NULL, NULL),
    (@max_id+15, 'pt_BR', NULL, NULL, NULL),
    (@max_id+16, 'pt_BR', NULL, NULL, NULL),
    (@max_id+17, 'pt_BR', NULL, NULL, NULL),
    (@max_id+18, 'pt_BR', NULL, NULL, NULL),
    (@max_id+19, 'pt_BR', NULL, NULL, NULL),
    (@max_id+20, 'pt_BR', NULL, NULL, NULL),
    (@max_id+21, 'pt_BR', NULL, NULL, NULL),
    (@max_id+22, 'pt_BR', NULL, NULL, NULL),
    (@max_id+23, 'pt_BR', NULL, NULL, NULL),
    (@max_id+24, 'pt_BR', NULL, NULL, NULL),
    (@max_id+25, 'pt_BR', NULL, NULL, NULL),
    (@max_id+26, 'pt_BR', NULL, NULL, NULL),
    (@max_id+27, 'pt_BR', NULL, NULL, NULL),
    (@max_id+1, 'tr_TR', NULL, NULL, NULL),
    (@max_id+2, 'tr_TR', NULL, NULL, NULL),
    (@max_id+3, 'tr_TR', NULL, NULL, NULL),
    (@max_id+4, 'tr_TR', NULL, NULL, NULL),
    (@max_id+5, 'tr_TR', NULL, NULL, NULL),
    (@max_id+6, 'tr_TR', NULL, NULL, NULL),
    (@max_id+7, 'tr_TR', NULL, NULL, NULL),
    (@max_id+8, 'tr_TR', NULL, NULL, NULL),
    (@max_id+9, 'tr_TR', NULL, NULL, NULL),
    (@max_id+10, 'tr_TR', NULL, NULL, NULL),
    (@max_id+11, 'tr_TR', NULL, NULL, NULL),
    (@max_id+12, 'tr_TR', NULL, NULL, NULL),
    (@max_id+13, 'tr_TR', NULL, NULL, NULL),
    (@max_id+14, 'tr_TR', NULL, NULL, NULL),
    (@max_id+15, 'tr_TR', NULL, NULL, NULL),
    (@max_id+16, 'tr_TR', NULL, NULL, NULL),
    (@max_id+17, 'tr_TR', NULL, NULL, NULL),
    (@max_id+18, 'tr_TR', NULL, NULL, NULL),
    (@max_id+19, 'tr_TR', NULL, NULL, NULL),
    (@max_id+20, 'tr_TR', NULL, NULL, NULL),
    (@max_id+21, 'tr_TR', NULL, NULL, NULL),
    (@max_id+22, 'tr_TR', NULL, NULL, NULL),
    (@max_id+23, 'tr_TR', NULL, NULL, NULL),
    (@max_id+24, 'tr_TR', NULL, NULL, NULL),
    (@max_id+25, 'tr_TR', NULL, NULL, NULL),
    (@max_id+26, 'tr_TR', NULL, NULL, NULL),
    (@max_id+27, 'tr_TR', NULL, NULL, NULL)
;

/* countries and states */

ALTER TABLE `country`
    ADD COLUMN `visible` TINYINT DEFAULT 0 NOT NULL AFTER  `id`,
    ADD COLUMN `has_states` TINYINT DEFAULT 0 AFTER `isoalpha3`,
    ADD COLUMN `need_zip_code` TINYINT DEFAULT 0 AFTER  `has_states`,
    ADD COLUMN `zip_code_format` VARCHAR(20) AFTER `need_zip_code`;

CREATE TABLE `state`
(
    `id` INTEGER NOT NULL AUTO_INCREMENT,
    `visible` TINYINT DEFAULT 0 NOT NULL,
    `isocode` VARCHAR(4) NOT NULL,
    `country_id` INTEGER NOT NULL,
    `created_at` DATETIME,
    `updated_at` DATETIME,
    PRIMARY KEY (`id`),
    INDEX `FI_state_country_id` (`country_id`),
    CONSTRAINT `fk_state_country_id`
        FOREIGN KEY (`country_id`)
        REFERENCES `country` (`id`)
        ON UPDATE RESTRICT
        ON DELETE CASCADE
) ENGINE=InnoDB CHARACTER SET='utf8';

CREATE TABLE `state_i18n`
(
    `id` INTEGER NOT NULL,
    `locale` VARCHAR(5) DEFAULT 'en_US' NOT NULL,
    `title` VARCHAR(255),
    PRIMARY KEY (`id`,`locale`),
    CONSTRAINT `state_i18n_FK_1`
        FOREIGN KEY (`id`)
        REFERENCES `state` (`id`)
        ON DELETE CASCADE
) ENGINE=InnoDB CHARACTER SET='utf8';

ALTER TABLE `address`
    ADD COLUMN `state_id` INTEGER AFTER `country_id`,
    ADD CONSTRAINT `fk_address_state_id`
        FOREIGN KEY (`state_id`)
        REFERENCES `state` (`id`)
        ON UPDATE RESTRICT
        ON DELETE RESTRICT,
    ADD INDEX `FI_address_state_id` (`state_id`);

ALTER TABLE `order_address`
    ADD COLUMN `state_id` INTEGER AFTER `country_id`,
    ADD CONSTRAINT `fk_order_address_state_id`
        FOREIGN KEY (`state_id`)
        REFERENCES `state` (`id`)
        ON UPDATE RESTRICT
        ON DELETE RESTRICT,
    ADD INDEX `FI_order_address_state_id` (`state_id`);

ALTER TABLE `tax_rule_country`
    DROP PRIMARY KEY,
    ADD COLUMN `id` INTEGER NOT NULL AUTO_INCREMENT PRIMARY KEY FIRST,
    ADD COLUMN `state_id` INTEGER AFTER `country_id`,
    ADD CONSTRAINT `fk_tax_rule_country_state_id`
        FOREIGN KEY (`state_id`)
        REFERENCES `state` (`id`)
        ON UPDATE RESTRICT
        ON DELETE CASCADE,
    ADD INDEX `idx_tax_rule_country_state_id` (`state_id`);

ALTER TABLE `country_area`
    ADD COLUMN `id` INTEGER NOT NULL AUTO_INCREMENT PRIMARY KEY FIRST,
    ADD COLUMN `state_id` INTEGER AFTER `country_id`,
    ADD INDEX `fk_country_area_state_id_idx` (`state_id`);

/*
we create new countries (not visible) and link them to states
the migration will be done with the module migrateCountryState
*/

UPDATE `country` SET `visible` = 1 WHERE 1;

SELECT @max_id := IFNULL(MAX(`id`),0) FROM `country`;

INSERT INTO `country` (`visible`, `isocode`, `isoalpha2`, `isoalpha3`, `by_default`, `shop_country`, `has_states`, `need_zip_code`, `zip_code_format`, `created_at`, `updated_at`) VALUES
(0, '840', 'US', 'USA', 0, 0, '1', '1', 'NNNNN', NOW(), NOW()),
(0, '124', 'CA', 'CAN', 0, 0, '1', '1', 'LNL NLN', NOW(), NOW()),
(0, '32', 'AR', 'ARG', 0, 0, '1', '1', 'LNNNN', NOW(), NOW()),
(0, '360', 'ID', 'IDN', 0, 0, '1', '1', 'NNNNN', NOW(), NOW()),
(0, '380', 'IT', 'ITA', 0, 0, '1', '1', 'NNNNN', NOW(), NOW()),
(0, '392', 'JP', 'JPN', 0, 0, '1', '1', 'NNN-NNNN', NOW(), NOW()),
(0, '484', 'MX', 'MEX', 0, 0, '1', '1', 'NNNNN', NOW(), NOW())
;

INSERT INTO `country_i18n` (`id`, `locale`, `title`, `chapo`, `description`, `postscriptum`) VALUES
    (@max_id + 1, 'ar_SA', NULL, NULL, NULL, NULL),
    (@max_id + 2, 'ar_SA', NULL, NULL, NULL, NULL),
    (@max_id + 3, 'ar_SA', NULL, NULL, NULL, NULL),
    (@max_id + 4, 'ar_SA', NULL, NULL, NULL, NULL),
    (@max_id + 5, 'ar_SA', NULL, NULL, NULL, NULL),
    (@max_id + 6, 'ar_SA', NULL, NULL, NULL, NULL),
    (@max_id + 7, 'ar_SA', NULL, NULL, NULL, NULL),
    (@max_id + 1, 'de_DE', NULL, NULL, NULL, NULL),
    (@max_id + 2, 'de_DE', NULL, NULL, NULL, NULL),
    (@max_id + 3, 'de_DE', 'Argentinien', NULL, NULL, NULL),
    (@max_id + 4, 'de_DE', 'Indonesien', NULL, NULL, NULL),
    (@max_id + 5, 'de_DE', 'Italien', NULL, NULL, NULL),
    (@max_id + 6, 'de_DE', NULL, NULL, NULL, NULL),
    (@max_id + 7, 'de_DE', 'Mexiko', NULL, NULL, NULL),
    (@max_id + 1, 'en_US', 'USA', NULL, NULL, NULL),
    (@max_id + 2, 'en_US', 'Canada', NULL, NULL, NULL),
    (@max_id + 3, 'en_US', 'Argentina', NULL, NULL, NULL),
    (@max_id + 4, 'en_US', 'Indonesia', NULL, NULL, NULL),
    (@max_id + 5, 'en_US', 'Italy', NULL, NULL, NULL),
    (@max_id + 6, 'en_US', 'Japan', NULL, NULL, NULL),
    (@max_id + 7, 'en_US', 'Mexico', NULL, NULL, NULL),
    (@max_id + 1, 'es_ES', NULL, NULL, NULL, NULL),
    (@max_id + 2, 'es_ES', NULL, NULL, NULL, NULL),
    (@max_id + 3, 'es_ES', NULL, NULL, NULL, NULL),
    (@max_id + 4, 'es_ES', NULL, NULL, NULL, NULL),
    (@max_id + 5, 'es_ES', 'Italia', NULL, NULL, NULL),
    (@max_id + 6, 'es_ES', 'Japón', NULL, NULL, NULL),
    (@max_id + 7, 'es_ES', 'Méjico', NULL, NULL, NULL),
    (@max_id + 1, 'fr_FR', 'USA', NULL, NULL, NULL),
    (@max_id + 2, 'fr_FR', 'Canada', NULL, NULL, NULL),
    (@max_id + 3, 'fr_FR', 'Argentine', NULL, NULL, NULL),
    (@max_id + 4, 'fr_FR', 'Indonésie', NULL, NULL, NULL),
    (@max_id + 5, 'fr_FR', 'Italie', NULL, NULL, NULL),
    (@max_id + 6, 'fr_FR', 'Japon', NULL, NULL, NULL),
    (@max_id + 7, 'fr_FR', 'Mexique', NULL, NULL, NULL),
    (@max_id + 1, 'it_IT', NULL, NULL, NULL, NULL),
    (@max_id + 2, 'it_IT', NULL, NULL, NULL, NULL),
    (@max_id + 3, 'it_IT', NULL, NULL, NULL, NULL),
    (@max_id + 4, 'it_IT', NULL, NULL, NULL, NULL),
    (@max_id + 5, 'it_IT', NULL, NULL, NULL, NULL),
    (@max_id + 6, 'it_IT', NULL, NULL, NULL, NULL),
    (@max_id + 7, 'it_IT', NULL, NULL, NULL, NULL),
    (@max_id + 1, 'pt_BR', NULL, NULL, NULL, NULL),
    (@max_id + 2, 'pt_BR', NULL, NULL, NULL, NULL),
    (@max_id + 3, 'pt_BR', NULL, NULL, NULL, NULL),
    (@max_id + 4, 'pt_BR', NULL, NULL, NULL, NULL),
    (@max_id + 5, 'pt_BR', NULL, NULL, NULL, NULL),
    (@max_id + 6, 'pt_BR', NULL, NULL, NULL, NULL),
    (@max_id + 7, 'pt_BR', NULL, NULL, NULL, NULL),
    (@max_id + 1, 'tr_TR', NULL, NULL, NULL, NULL),
    (@max_id + 2, 'tr_TR', NULL, NULL, NULL, NULL),
    (@max_id + 3, 'tr_TR', 'Arjantin', NULL, NULL, NULL),
    (@max_id + 4, 'tr_TR', 'Indonesia', NULL, NULL, NULL),
    (@max_id + 5, 'tr_TR', 'Italy', NULL, NULL, NULL),
    (@max_id + 6, 'tr_TR', 'Japonya', NULL, NULL, NULL),
    (@max_id + 7, 'tr_TR', 'Meksika', NULL, NULL, NULL)
;

INSERT INTO `state` (`id`, `visible`, `isocode`, `country_id`, `created_at`, `updated_at`) VALUES
(1, 1, 'AL', @max_id + 1, NOW(), NOW()),
(2, 1, 'AK', @max_id + 1, NOW(), NOW()),
(3, 1, 'AZ', @max_id + 1, NOW(), NOW()),
(4, 1, 'AR', @max_id + 1, NOW(), NOW()),
(5, 1, 'CA', @max_id + 1, NOW(), NOW()),
(6, 1, 'CO', @max_id + 1, NOW(), NOW()),
(7, 1, 'CT', @max_id + 1, NOW(), NOW()),
(8, 1, 'DE', @max_id + 1, NOW(), NOW()),
(9, 1, 'FL', @max_id + 1, NOW(), NOW()),
(10, 1, 'GA', @max_id + 1, NOW(), NOW()),
(11, 1, 'HI', @max_id + 1, NOW(), NOW()),
(12, 1, 'ID', @max_id + 1, NOW(), NOW()),
(13, 1, 'IL', @max_id + 1, NOW(), NOW()),
(14, 1, 'IN', @max_id + 1, NOW(), NOW()),
(15, 1, 'IA', @max_id + 1, NOW(), NOW()),
(16, 1, 'KS', @max_id + 1, NOW(), NOW()),
(17, 1, 'KY', @max_id + 1, NOW(), NOW()),
(18, 1, 'LA', @max_id + 1, NOW(), NOW()),
(19, 1, 'ME', @max_id + 1, NOW(), NOW()),
(20, 1, 'MD', @max_id + 1, NOW(), NOW()),
(21, 1, 'MA', @max_id + 1, NOW(), NOW()),
(22, 1, 'MI', @max_id + 1, NOW(), NOW()),
(23, 1, 'MN', @max_id + 1, NOW(), NOW()),
(24, 1, 'MS', @max_id + 1, NOW(), NOW()),
(25, 1, 'MO', @max_id + 1, NOW(), NOW()),
(26, 1, 'MT', @max_id + 1, NOW(), NOW()),
(27, 1, 'NE', @max_id + 1, NOW(), NOW()),
(28, 1, 'NV', @max_id + 1, NOW(), NOW()),
(29, 1, 'NH', @max_id + 1, NOW(), NOW()),
(30, 1, 'NJ', @max_id + 1, NOW(), NOW()),
(31, 1, 'NM', @max_id + 1, NOW(), NOW()),
(32, 1, 'NY', @max_id + 1, NOW(), NOW()),
(33, 1, 'NC', @max_id + 1, NOW(), NOW()),
(34, 1, 'ND', @max_id + 1, NOW(), NOW()),
(35, 1, 'OH', @max_id + 1, NOW(), NOW()),
(36, 1, 'OK', @max_id + 1, NOW(), NOW()),
(37, 1, 'OR', @max_id + 1, NOW(), NOW()),
(38, 1, 'PA', @max_id + 1, NOW(), NOW()),
(39, 1, 'RI', @max_id + 1, NOW(), NOW()),
(40, 1, 'SC', @max_id + 1, NOW(), NOW()),
(41, 1, 'SD', @max_id + 1, NOW(), NOW()),
(42, 1, 'TN', @max_id + 1, NOW(), NOW()),
(43, 1, 'TX', @max_id + 1, NOW(), NOW()),
(44, 1, 'UT', @max_id + 1, NOW(), NOW()),
(45, 1, 'VT', @max_id + 1, NOW(), NOW()),
(46, 1, 'VA', @max_id + 1, NOW(), NOW()),
(47, 1, 'WA', @max_id + 1, NOW(), NOW()),
(48, 1, 'WV', @max_id + 1, NOW(), NOW()),
(49, 1, 'WI', @max_id + 1, NOW(), NOW()),
(50, 1, 'WY', @max_id + 1, NOW(), NOW()),
(51, 1, 'PR', @max_id + 1, NOW(), NOW()),
(52, 1, 'VI', @max_id + 1, NOW(), NOW()),
(53, 1, 'DC', @max_id + 1, NOW(), NOW()),
(54, 1, 'AGS', @max_id + 7, NOW(), NOW()),
(55, 1, 'BCN', @max_id + 7, NOW(), NOW()),
(56, 1, 'BCS', @max_id + 7, NOW(), NOW()),
(57, 1, 'CAM', @max_id + 7, NOW(), NOW()),
(58, 1, 'CHP', @max_id + 7, NOW(), NOW()),
(59, 1, 'CHH', @max_id + 7, NOW(), NOW()),
(60, 1, 'COA', @max_id + 7, NOW(), NOW()),
(61, 1, 'COL', @max_id + 7, NOW(), NOW()),
(62, 1, 'DIF', @max_id + 7, NOW(), NOW()),
(63, 1, 'DUR', @max_id + 7, NOW(), NOW()),
(64, 1, 'GUA', @max_id + 7, NOW(), NOW()),
(65, 1, 'GRO', @max_id + 7, NOW(), NOW()),
(66, 1, 'HID', @max_id + 7, NOW(), NOW()),
(67, 1, 'JAL', @max_id + 7, NOW(), NOW()),
(68, 1, 'MEX', @max_id + 7, NOW(), NOW()),
(69, 1, 'MIC', @max_id + 7, NOW(), NOW()),
(70, 1, 'MOR', @max_id + 7, NOW(), NOW()),
(71, 1, 'NAY', @max_id + 7, NOW(), NOW()),
(72, 1, 'NLE', @max_id + 7, NOW(), NOW()),
(73, 1, 'OAX', @max_id + 7, NOW(), NOW()),
(74, 1, 'PUE', @max_id + 7, NOW(), NOW()),
(75, 1, 'QUE', @max_id + 7, NOW(), NOW()),
(76, 1, 'ROO', @max_id + 7, NOW(), NOW()),
(77, 1, 'SLP', @max_id + 7, NOW(), NOW()),
(78, 1, 'SIN', @max_id + 7, NOW(), NOW()),
(79, 1, 'SON', @max_id + 7, NOW(), NOW()),
(80, 1, 'TAB', @max_id + 7, NOW(), NOW()),
(81, 1, 'TAM', @max_id + 7, NOW(), NOW()),
(82, 1, 'TLA', @max_id + 7, NOW(), NOW()),
(83, 1, 'VER', @max_id + 7, NOW(), NOW()),
(84, 1, 'YUC', @max_id + 7, NOW(), NOW()),
(85, 1, 'ZAC', @max_id + 7, NOW(), NOW()),
(86, 1, 'ON', @max_id + 2, NOW(), NOW()),
(87, 1, 'QC', @max_id + 2, NOW(), NOW()),
(88, 1, 'BC', @max_id + 2, NOW(), NOW()),
(89, 1, 'AB', @max_id + 2, NOW(), NOW()),
(90, 1, 'MB', @max_id + 2, NOW(), NOW()),
(91, 1, 'SK', @max_id + 2, NOW(), NOW()),
(92, 1, 'NS', @max_id + 2, NOW(), NOW()),
(93, 1, 'NB', @max_id + 2, NOW(), NOW()),
(94, 1, 'NL', @max_id + 2, NOW(), NOW()),
(95, 1, 'PE', @max_id + 2, NOW(), NOW()),
(96, 1, 'NT', @max_id + 2, NOW(), NOW()),
(97, 1, 'YT', @max_id + 2, NOW(), NOW()),
(98, 1, 'NU', @max_id + 2, NOW(), NOW()),
(99, 1, 'B',  @max_id + 3, NOW(), NOW()),
(100, 1, 'K',  @max_id + 3, NOW(), NOW()),
(101, 1, 'H',  @max_id + 3, NOW(), NOW()),
(102, 1, 'U',  @max_id + 3, NOW(), NOW()),
(103, 1, 'C',  @max_id + 3, NOW(), NOW()),
(104, 1, 'X',  @max_id + 3, NOW(), NOW()),
(105, 1, 'W',  @max_id + 3, NOW(), NOW()),
(106, 1, 'E',  @max_id + 3, NOW(), NOW()),
(107, 1, 'P',  @max_id + 3, NOW(), NOW()),
(108, 1, 'Y',  @max_id + 3, NOW(), NOW()),
(109, 1, 'L',  @max_id + 3, NOW(), NOW()),
(110, 1, 'F',  @max_id + 3, NOW(), NOW()),
(111, 1, 'M',  @max_id + 3, NOW(), NOW()),
(112, 1, 'N',  @max_id + 3, NOW(), NOW()),
(113, 1, 'Q',  @max_id + 3, NOW(), NOW()),
(114, 1, 'R',  @max_id + 3, NOW(), NOW()),
(115, 1, 'A',  @max_id + 3, NOW(), NOW()),
(116, 1, 'J',  @max_id + 3, NOW(), NOW()),
(117, 1, 'D',  @max_id + 3, NOW(), NOW()),
(118, 1, 'Z',  @max_id + 3, NOW(), NOW()),
(119, 1, 'S',  @max_id + 3, NOW(), NOW()),
(120, 1, 'G',  @max_id + 3, NOW(), NOW()),
(121, 1, 'V',  @max_id + 3, NOW(), NOW()),
(122, 1, 'T',  @max_id + 3, NOW(), NOW()),
(123, 1, 'AG', @max_id + 5, NOW(), NOW()),
(124, 1, 'AL', @max_id + 5, NOW(), NOW()),
(125, 1, 'AN', @max_id + 5, NOW(), NOW()),
(126, 1, 'AO', @max_id + 5, NOW(), NOW()),
(127, 1, 'AR', @max_id + 5, NOW(), NOW()),
(128, 1, 'AP', @max_id + 5, NOW(), NOW()),
(129, 1, 'AT', @max_id + 5, NOW(), NOW()),
(130, 1, 'AV', @max_id + 5, NOW(), NOW()),
(131, 1, 'BA', @max_id + 5, NOW(), NOW()),
(132, 1, 'BT', @max_id + 5, NOW(), NOW()),
(133, 1, 'BL', @max_id + 5, NOW(), NOW()),
(134, 1, 'BN', @max_id + 5, NOW(), NOW()),
(135, 1, 'BG', @max_id + 5, NOW(), NOW()),
(136, 1, 'BI', @max_id + 5, NOW(), NOW()),
(137, 1, 'BO', @max_id + 5, NOW(), NOW()),
(138, 1, 'BZ', @max_id + 5, NOW(), NOW()),
(139, 1, 'BS', @max_id + 5, NOW(), NOW()),
(140, 1, 'BR', @max_id + 5, NOW(), NOW()),
(141, 1, 'CA', @max_id + 5, NOW(), NOW()),
(142, 1, 'CL', @max_id + 5, NOW(), NOW()),
(143, 1, 'CB', @max_id + 5, NOW(), NOW()),
(144, 1, 'CI', @max_id + 5, NOW(), NOW()),
(145, 1, 'CE', @max_id + 5, NOW(), NOW()),
(146, 1, 'CT', @max_id + 5, NOW(), NOW()),
(147, 1, 'CZ', @max_id + 5, NOW(), NOW()),
(148, 1, 'CH', @max_id + 5, NOW(), NOW()),
(149, 1, 'CO', @max_id + 5, NOW(), NOW()),
(150, 1, 'CS', @max_id + 5, NOW(), NOW()),
(151, 1, 'CR', @max_id + 5, NOW(), NOW()),
(152, 1, 'KR', @max_id + 5, NOW(), NOW()),
(153, 1, 'CN', @max_id + 5, NOW(), NOW()),
(154, 1, 'EN', @max_id + 5, NOW(), NOW()),
(155, 1, 'FM', @max_id + 5, NOW(), NOW()),
(156, 1, 'FE', @max_id + 5, NOW(), NOW()),
(157, 1, 'FI', @max_id + 5, NOW(), NOW()),
(158, 1, 'FG', @max_id + 5, NOW(), NOW()),
(159, 1, 'FC', @max_id + 5, NOW(), NOW()),
(160, 1, 'FR', @max_id + 5, NOW(), NOW()),
(161, 1, 'GE', @max_id + 5, NOW(), NOW()),
(162, 1, 'GO', @max_id + 5, NOW(), NOW()),
(163, 1, 'GR', @max_id + 5, NOW(), NOW()),
(164, 1, 'IM', @max_id + 5, NOW(), NOW()),
(165, 1, 'IS', @max_id + 5, NOW(), NOW()),
(166, 1, 'AQ', @max_id + 5, NOW(), NOW()),
(167, 1, 'SP', @max_id + 5, NOW(), NOW()),
(168, 1, 'LT', @max_id + 5, NOW(), NOW()),
(169, 1, 'LE', @max_id + 5, NOW(), NOW()),
(170, 1, 'LC', @max_id + 5, NOW(), NOW()),
(171, 1, 'LI', @max_id + 5, NOW(), NOW()),
(172, 1, 'LO', @max_id + 5, NOW(), NOW()),
(173, 1, 'LU', @max_id + 5, NOW(), NOW()),
(174, 1, 'MC', @max_id + 5, NOW(), NOW()),
(175, 1, 'MN', @max_id + 5, NOW(), NOW()),
(176, 1, 'MS', @max_id + 5, NOW(), NOW()),
(177, 1, 'MT', @max_id + 5, NOW(), NOW()),
(178, 1, 'VS', @max_id + 5, NOW(), NOW()),
(179, 1, 'ME', @max_id + 5, NOW(), NOW()),
(180, 1, 'MI', @max_id + 5, NOW(), NOW()),
(181, 1, 'MO', @max_id + 5, NOW(), NOW()),
(182, 1, 'MB', @max_id + 5, NOW(), NOW()),
(183, 1, 'NA', @max_id + 5, NOW(), NOW()),
(184, 1, 'NO', @max_id + 5, NOW(), NOW()),
(185, 1, 'NU', @max_id + 5, NOW(), NOW()),
(186, 1, 'OG', @max_id + 5, NOW(), NOW()),
(187, 1, 'OT', @max_id + 5, NOW(), NOW()),
(188, 1, 'OR', @max_id + 5, NOW(), NOW()),
(189, 1, 'PD', @max_id + 5, NOW(), NOW()),
(190, 1, 'PA', @max_id + 5, NOW(), NOW()),
(191, 1, 'PR', @max_id + 5, NOW(), NOW()),
(192, 1, 'PV', @max_id + 5, NOW(), NOW()),
(193, 1, 'PG', @max_id + 5, NOW(), NOW()),
(194, 1, 'PU', @max_id + 5, NOW(), NOW()),
(195, 1, 'PE', @max_id + 5, NOW(), NOW()),
(196, 1, 'PC', @max_id + 5, NOW(), NOW()),
(197, 1, 'PI', @max_id + 5, NOW(), NOW()),
(198, 1, 'PT', @max_id + 5, NOW(), NOW()),
(199, 1, 'PN', @max_id + 5, NOW(), NOW()),
(200, 1, 'PZ', @max_id + 5, NOW(), NOW()),
(201, 1, 'PO', @max_id + 5, NOW(), NOW()),
(202, 1, 'RG', @max_id + 5, NOW(), NOW()),
(203, 1, 'RA', @max_id + 5, NOW(), NOW()),
(204, 1, 'RC', @max_id + 5, NOW(), NOW()),
(205, 1, 'RE', @max_id + 5, NOW(), NOW()),
(206, 1, 'RI', @max_id + 5, NOW(), NOW()),
(207, 1, 'RN', @max_id + 5, NOW(), NOW()),
(208, 1, 'RM', @max_id + 5, NOW(), NOW()),
(209, 1, 'RO', @max_id + 5, NOW(), NOW()),
(210, 1, 'SA', @max_id + 5, NOW(), NOW()),
(211, 1, 'SS', @max_id + 5, NOW(), NOW()),
(212, 1, 'SV', @max_id + 5, NOW(), NOW()),
(213, 1, 'SI', @max_id + 5, NOW(), NOW()),
(214, 1, 'SR', @max_id + 5, NOW(), NOW()),
(215, 1, 'SO', @max_id + 5, NOW(), NOW()),
(216, 1, 'TA', @max_id + 5, NOW(), NOW()),
(217, 1, 'TE', @max_id + 5, NOW(), NOW()),
(218, 1, 'TR', @max_id + 5, NOW(), NOW()),
(219, 1, 'TO', @max_id + 5, NOW(), NOW()),
(220, 1, 'TP', @max_id + 5, NOW(), NOW()),
(221, 1, 'TN', @max_id + 5, NOW(), NOW()),
(222, 1, 'TV', @max_id + 5, NOW(), NOW()),
(223, 1, 'TS', @max_id + 5, NOW(), NOW()),
(224, 1, 'UD', @max_id + 5, NOW(), NOW()),
(225, 1, 'VA', @max_id + 5, NOW(), NOW()),
(226, 1, 'VE', @max_id + 5, NOW(), NOW()),
(227, 1, 'VB', @max_id + 5, NOW(), NOW()),
(228, 1, 'VC', @max_id + 5, NOW(), NOW()),
(229, 1, 'VR', @max_id + 5, NOW(), NOW()),
(230, 1, 'VV', @max_id + 5, NOW(), NOW()),
(231, 1, 'VI', @max_id + 5, NOW(), NOW()),
(232, 1, 'VT', @max_id + 5, NOW(), NOW()),
(233, 1, 'AC', @max_id + 4, NOW(), NOW()),
(234, 1, 'BA', @max_id + 4, NOW(), NOW()),
(235, 1, 'BB', @max_id + 4, NOW(), NOW()),
(236, 1, 'BT', @max_id + 4, NOW(), NOW()),
(237, 1, 'BE', @max_id + 4, NOW(), NOW()),
(238, 1, 'JT', @max_id + 4, NOW(), NOW()),
(239, 1, 'KT', @max_id + 4, NOW(), NOW()),
(240, 1, 'ST', @max_id + 4, NOW(), NOW()),
(241, 1, 'JI', @max_id + 4, NOW(), NOW()),
(242, 1, 'KI', @max_id + 4, NOW(), NOW()),
(243, 1, 'NT', @max_id + 4, NOW(), NOW()),
(244, 1, 'GO', @max_id + 4, NOW(), NOW()),
(245, 1, 'JK', @max_id + 4, NOW(), NOW()),
(246, 1, 'JA', @max_id + 4, NOW(), NOW()),
(247, 1, 'LA', @max_id + 4, NOW(), NOW()),
(248, 1, 'MA', @max_id + 4, NOW(), NOW()),
(249, 1, 'MU', @max_id + 4, NOW(), NOW()),
(250, 1, 'SA', @max_id + 4, NOW(), NOW()),
(251, 1, 'SU', @max_id + 4, NOW(), NOW()),
(252, 1, 'PA', @max_id + 4, NOW(), NOW()),
(253, 1, 'RI', @max_id + 4, NOW(), NOW()),
(254, 1, 'KR', @max_id + 4, NOW(), NOW()),
(255, 1, 'SG', @max_id + 4, NOW(), NOW()),
(256, 1, 'KS', @max_id + 4, NOW(), NOW()),
(257, 1, 'SN', @max_id + 4, NOW(), NOW()),
(258, 1, 'SS', @max_id + 4, NOW(), NOW()),
(259, 1, 'JB', @max_id + 4, NOW(), NOW()),
(260, 1, 'KB', @max_id + 4, NOW(), NOW()),
(261, 1, 'NB', @max_id + 4, NOW(), NOW()),
(262, 1, 'PB', @max_id + 4, NOW(), NOW()),
(263, 1, 'SR', @max_id + 4, NOW(), NOW()),
(264, 1, 'SB', @max_id + 4, NOW(), NOW()),
(265, 1, 'YO', @max_id + 4, NOW(), NOW()),
(266, 1, '23', @max_id + 6, NOW(), NOW()),
(267, 1, '05', @max_id + 6, NOW(), NOW()),
(268, 1, '02', @max_id + 6, NOW(), NOW()),
(269, 1, '12', @max_id + 6, NOW(), NOW()),
(270, 1, '38', @max_id + 6, NOW(), NOW()),
(271, 1, '18', @max_id + 6, NOW(), NOW()),
(272, 1, '40', @max_id + 6, NOW(), NOW()),
(273, 1, '07', @max_id + 6, NOW(), NOW()),
(274, 1, '21', @max_id + 6, NOW(), NOW()),
(275, 1, '10', @max_id + 6, NOW(), NOW()),
(276, 1, '34', @max_id + 6, NOW(), NOW()),
(277, 1, '01', @max_id + 6, NOW(), NOW()),
(278, 1, '28', @max_id + 6, NOW(), NOW()),
(279, 1, '08', @max_id + 6, NOW(), NOW()),
(280, 1, '17', @max_id + 6, NOW(), NOW()),
(281, 1, '03', @max_id + 6, NOW(), NOW()),
(282, 1, '37', @max_id + 6, NOW(), NOW()),
(283, 1, '46', @max_id + 6, NOW(), NOW()),
(284, 1, '14', @max_id + 6, NOW(), NOW()),
(285, 1, '39', @max_id + 6, NOW(), NOW()),
(286, 1, '43', @max_id + 6, NOW(), NOW()),
(287, 1, '26', @max_id + 6, NOW(), NOW()),
(288, 1, '24', @max_id + 6, NOW(), NOW()),
(289, 1, '04', @max_id + 6, NOW(), NOW()),
(290, 1, '45', @max_id + 6, NOW(), NOW()),
(291, 1, '20', @max_id + 6, NOW(), NOW()),
(292, 1, '42', @max_id + 6, NOW(), NOW()),
(293, 1, '29', @max_id + 6, NOW(), NOW()),
(294, 1, '15', @max_id + 6, NOW(), NOW()),
(295, 1, '44', @max_id + 6, NOW(), NOW()),
(296, 1, '33', @max_id + 6, NOW(), NOW()),
(297, 1, '47', @max_id + 6, NOW(), NOW()),
(298, 1, '27', @max_id + 6, NOW(), NOW()),
(299, 1, '41', @max_id + 6, NOW(), NOW()),
(300, 1, '11', @max_id + 6, NOW(), NOW()),
(301, 1, '25', @max_id + 6, NOW(), NOW()),
(302, 1, '32', @max_id + 6, NOW(), NOW()),
(303, 1, '22', @max_id + 6, NOW(), NOW()),
(304, 1, '09', @max_id + 6, NOW(), NOW()),
(305, 1, '36', @max_id + 6, NOW(), NOW()),
(306, 1, '13', @max_id + 6, NOW(), NOW()),
(307, 1, '31', @max_id + 6, NOW(), NOW()),
(308, 1, '16', @max_id + 6, NOW(), NOW()),
(309, 1, '30', @max_id + 6, NOW(), NOW()),
(310, 1, '06', @max_id + 6, NOW(), NOW()),
(311, 1, '35', @max_id + 6, NOW(), NOW()),
(312, 1, '19', @max_id + 6, NOW(), NOW()),
(313, 1, '', @max_id + 3, NOW(), NOW()),
(314, 1, '', @max_id + 4, NOW(), NOW()),
(315, 1, '', @max_id + 5, NOW(), NOW()),
(316, 1, '', @max_id + 6, NOW(), NOW()),
(317, 1, '', @max_id + 7, NOW(), NOW());


INSERT INTO `state_i18n` (`id`, `locale`, `title`) VALUES

    (1, 'ar_SA', NULL),
    (2, 'ar_SA', NULL),
    (3, 'ar_SA', NULL),
    (4, 'ar_SA', NULL),
    (5, 'ar_SA', NULL),
    (6, 'ar_SA', NULL),
    (7, 'ar_SA', NULL),
    (8, 'ar_SA', NULL),
    (9, 'ar_SA', NULL),
    (10, 'ar_SA', NULL),
    (11, 'ar_SA', NULL),
    (12, 'ar_SA', NULL),
    (13, 'ar_SA', NULL),
    (14, 'ar_SA', NULL),
    (15, 'ar_SA', NULL),
    (16, 'ar_SA', NULL),
    (17, 'ar_SA', NULL),
    (18, 'ar_SA', NULL),
    (19, 'ar_SA', NULL),
    (20, 'ar_SA', NULL),
    (21, 'ar_SA', NULL),
    (22, 'ar_SA', NULL),
    (23, 'ar_SA', NULL),
    (24, 'ar_SA', NULL),
    (25, 'ar_SA', NULL),
    (26, 'ar_SA', NULL),
    (27, 'ar_SA', NULL),
    (28, 'ar_SA', NULL),
    (29, 'ar_SA', NULL),
    (30, 'ar_SA', NULL),
    (31, 'ar_SA', NULL),
    (32, 'ar_SA', NULL),
    (33, 'ar_SA', NULL),
    (34, 'ar_SA', NULL),
    (35, 'ar_SA', NULL),
    (36, 'ar_SA', NULL),
    (37, 'ar_SA', NULL),
    (38, 'ar_SA', NULL),
    (39, 'ar_SA', NULL),
    (40, 'ar_SA', NULL),
    (41, 'ar_SA', NULL),
    (42, 'ar_SA', NULL),
    (43, 'ar_SA', NULL),
    (44, 'ar_SA', NULL),
    (45, 'ar_SA', NULL),
    (46, 'ar_SA', NULL),
    (47, 'ar_SA', NULL),
    (48, 'ar_SA', NULL),
    (49, 'ar_SA', NULL),
    (50, 'ar_SA', NULL),
    (51, 'ar_SA', NULL),
    (52, 'ar_SA', NULL),
    (53, 'ar_SA', NULL),
    (54, 'ar_SA', NULL),
    (55, 'ar_SA', NULL),
    (56, 'ar_SA', NULL),
    (57, 'ar_SA', NULL),
    (58, 'ar_SA', NULL),
    (59, 'ar_SA', NULL),
    (60, 'ar_SA', NULL),
    (61, 'ar_SA', NULL),
    (62, 'ar_SA', NULL),
    (63, 'ar_SA', NULL),
    (64, 'ar_SA', NULL),
    (65, 'ar_SA', NULL),
    (66, 'ar_SA', NULL),
    (67, 'ar_SA', NULL),
    (68, 'ar_SA', NULL),
    (69, 'ar_SA', NULL),
    (70, 'ar_SA', NULL),
    (71, 'ar_SA', NULL),
    (72, 'ar_SA', NULL),
    (73, 'ar_SA', NULL),
    (74, 'ar_SA', NULL),
    (75, 'ar_SA', NULL),
    (76, 'ar_SA', NULL),
    (77, 'ar_SA', NULL),
    (78, 'ar_SA', NULL),
    (79, 'ar_SA', NULL),
    (80, 'ar_SA', NULL),
    (81, 'ar_SA', NULL),
    (82, 'ar_SA', NULL),
    (83, 'ar_SA', NULL),
    (84, 'ar_SA', NULL),
    (85, 'ar_SA', NULL),
    (86, 'ar_SA', NULL),
    (87, 'ar_SA', NULL),
    (88, 'ar_SA', NULL),
    (89, 'ar_SA', NULL),
    (90, 'ar_SA', NULL),
    (91, 'ar_SA', NULL),
    (92, 'ar_SA', NULL),
    (93, 'ar_SA', NULL),
    (94, 'ar_SA', NULL),
    (95, 'ar_SA', NULL),
    (96, 'ar_SA', NULL),
    (97, 'ar_SA', NULL),
    (98, 'ar_SA', NULL),
    (99, 'ar_SA', NULL),
    (100, 'ar_SA', NULL),
    (101, 'ar_SA', NULL),
    (102, 'ar_SA', NULL),
    (103, 'ar_SA', NULL),
    (104, 'ar_SA', NULL),
    (105, 'ar_SA', NULL),
    (106, 'ar_SA', NULL),
    (107, 'ar_SA', NULL),
    (108, 'ar_SA', NULL),
    (109, 'ar_SA', NULL),
    (110, 'ar_SA', NULL),
    (111, 'ar_SA', NULL),
    (112, 'ar_SA', NULL),
    (113, 'ar_SA', NULL),
    (114, 'ar_SA', NULL),
    (115, 'ar_SA', NULL),
    (116, 'ar_SA', NULL),
    (117, 'ar_SA', NULL),
    (118, 'ar_SA', NULL),
    (119, 'ar_SA', NULL),
    (120, 'ar_SA', NULL),
    (121, 'ar_SA', NULL),
    (122, 'ar_SA', NULL),
    (123, 'ar_SA', NULL),
    (124, 'ar_SA', NULL),
    (125, 'ar_SA', NULL),
    (126, 'ar_SA', NULL),
    (127, 'ar_SA', NULL),
    (128, 'ar_SA', NULL),
    (129, 'ar_SA', NULL),
    (130, 'ar_SA', NULL),
    (131, 'ar_SA', NULL),
    (132, 'ar_SA', NULL),
    (133, 'ar_SA', NULL),
    (134, 'ar_SA', NULL),
    (135, 'ar_SA', NULL),
    (136, 'ar_SA', NULL),
    (137, 'ar_SA', NULL),
    (138, 'ar_SA', NULL),
    (139, 'ar_SA', NULL),
    (140, 'ar_SA', NULL),
    (141, 'ar_SA', NULL),
    (142, 'ar_SA', NULL),
    (143, 'ar_SA', NULL),
    (144, 'ar_SA', NULL),
    (145, 'ar_SA', NULL),
    (146, 'ar_SA', NULL),
    (147, 'ar_SA', NULL),
    (148, 'ar_SA', NULL),
    (149, 'ar_SA', NULL),
    (150, 'ar_SA', NULL),
    (151, 'ar_SA', NULL),
    (152, 'ar_SA', NULL),
    (153, 'ar_SA', NULL),
    (154, 'ar_SA', NULL),
    (155, 'ar_SA', NULL),
    (156, 'ar_SA', NULL),
    (157, 'ar_SA', NULL),
    (158, 'ar_SA', NULL),
    (159, 'ar_SA', NULL),
    (160, 'ar_SA', NULL),
    (161, 'ar_SA', NULL),
    (162, 'ar_SA', NULL),
    (163, 'ar_SA', NULL),
    (164, 'ar_SA', NULL),
    (165, 'ar_SA', NULL),
    (166, 'ar_SA', NULL),
    (167, 'ar_SA', NULL),
    (168, 'ar_SA', NULL),
    (169, 'ar_SA', NULL),
    (170, 'ar_SA', NULL),
    (171, 'ar_SA', NULL),
    (172, 'ar_SA', NULL),
    (173, 'ar_SA', NULL),
    (174, 'ar_SA', NULL),
    (175, 'ar_SA', NULL),
    (176, 'ar_SA', NULL),
    (177, 'ar_SA', NULL),
    (178, 'ar_SA', NULL),
    (179, 'ar_SA', NULL),
    (180, 'ar_SA', NULL),
    (181, 'ar_SA', NULL),
    (182, 'ar_SA', NULL),
    (183, 'ar_SA', NULL),
    (184, 'ar_SA', NULL),
    (185, 'ar_SA', NULL),
    (186, 'ar_SA', NULL),
    (187, 'ar_SA', NULL),
    (188, 'ar_SA', NULL),
    (189, 'ar_SA', NULL),
    (190, 'ar_SA', NULL),
    (191, 'ar_SA', NULL),
    (192, 'ar_SA', NULL),
    (193, 'ar_SA', NULL),
    (194, 'ar_SA', NULL),
    (195, 'ar_SA', NULL),
    (196, 'ar_SA', NULL),
    (197, 'ar_SA', NULL),
    (198, 'ar_SA', NULL),
    (199, 'ar_SA', NULL),
    (200, 'ar_SA', NULL),
    (201, 'ar_SA', NULL),
    (202, 'ar_SA', NULL),
    (203, 'ar_SA', NULL),
    (204, 'ar_SA', NULL),
    (205, 'ar_SA', NULL),
    (206, 'ar_SA', NULL),
    (207, 'ar_SA', NULL),
    (208, 'ar_SA', NULL),
    (209, 'ar_SA', NULL),
    (210, 'ar_SA', NULL),
    (211, 'ar_SA', NULL),
    (212, 'ar_SA', NULL),
    (213, 'ar_SA', NULL),
    (214, 'ar_SA', NULL),
    (215, 'ar_SA', NULL),
    (216, 'ar_SA', NULL),
    (217, 'ar_SA', NULL),
    (218, 'ar_SA', NULL),
    (219, 'ar_SA', NULL),
    (220, 'ar_SA', NULL),
    (221, 'ar_SA', NULL),
    (222, 'ar_SA', NULL),
    (223, 'ar_SA', NULL),
    (224, 'ar_SA', NULL),
    (225, 'ar_SA', NULL),
    (226, 'ar_SA', NULL),
    (227, 'ar_SA', NULL),
    (228, 'ar_SA', NULL),
    (229, 'ar_SA', NULL),
    (230, 'ar_SA', NULL),
    (231, 'ar_SA', NULL),
    (232, 'ar_SA', NULL),
    (233, 'ar_SA', NULL),
    (234, 'ar_SA', NULL),
    (235, 'ar_SA', NULL),
    (236, 'ar_SA', NULL),
    (237, 'ar_SA', NULL),
    (238, 'ar_SA', NULL),
    (239, 'ar_SA', NULL),
    (240, 'ar_SA', NULL),
    (241, 'ar_SA', NULL),
    (242, 'ar_SA', NULL),
    (243, 'ar_SA', NULL),
    (244, 'ar_SA', NULL),
    (245, 'ar_SA', NULL),
    (246, 'ar_SA', NULL),
    (247, 'ar_SA', NULL),
    (248, 'ar_SA', NULL),
    (249, 'ar_SA', NULL),
    (250, 'ar_SA', NULL),
    (251, 'ar_SA', NULL),
    (252, 'ar_SA', NULL),
    (253, 'ar_SA', NULL),
    (254, 'ar_SA', NULL),
    (255, 'ar_SA', NULL),
    (256, 'ar_SA', NULL),
    (257, 'ar_SA', NULL),
    (258, 'ar_SA', NULL),
    (259, 'ar_SA', NULL),
    (260, 'ar_SA', NULL),
    (261, 'ar_SA', NULL),
    (262, 'ar_SA', NULL),
    (263, 'ar_SA', NULL),
    (264, 'ar_SA', NULL),
    (265, 'ar_SA', NULL),
    (266, 'ar_SA', NULL),
    (267, 'ar_SA', NULL),
    (268, 'ar_SA', NULL),
    (269, 'ar_SA', NULL),
    (270, 'ar_SA', NULL),
    (271, 'ar_SA', NULL),
    (272, 'ar_SA', NULL),
    (273, 'ar_SA', NULL),
    (274, 'ar_SA', NULL),
    (275, 'ar_SA', NULL),
    (276, 'ar_SA', NULL),
    (277, 'ar_SA', NULL),
    (278, 'ar_SA', NULL),
    (279, 'ar_SA', NULL),
    (280, 'ar_SA', NULL),
    (281, 'ar_SA', NULL),
    (282, 'ar_SA', NULL),
    (283, 'ar_SA', NULL),
    (284, 'ar_SA', NULL),
    (285, 'ar_SA', NULL),
    (286, 'ar_SA', NULL),
    (287, 'ar_SA', NULL),
    (288, 'ar_SA', NULL),
    (289, 'ar_SA', NULL),
    (290, 'ar_SA', NULL),
    (291, 'ar_SA', NULL),
    (292, 'ar_SA', NULL),
    (293, 'ar_SA', NULL),
    (294, 'ar_SA', NULL),
    (295, 'ar_SA', NULL),
    (296, 'ar_SA', NULL),
    (297, 'ar_SA', NULL),
    (298, 'ar_SA', NULL),
    (299, 'ar_SA', NULL),
    (300, 'ar_SA', NULL),
    (301, 'ar_SA', NULL),
    (302, 'ar_SA', NULL),
    (303, 'ar_SA', NULL),
    (304, 'ar_SA', NULL),
    (305, 'ar_SA', NULL),
    (306, 'ar_SA', NULL),
    (307, 'ar_SA', NULL),
    (308, 'ar_SA', NULL),
    (309, 'ar_SA', NULL),
    (310, 'ar_SA', NULL),
    (311, 'ar_SA', NULL),
    (312, 'ar_SA', NULL),
    (313, 'ar_SA', ''),
    (314, 'ar_SA', ''),
    (315, 'ar_SA', ''),
    (316, 'ar_SA', ''),
    (317, 'ar_SA', ''),

    (1, 'de_DE', NULL),
    (2, 'de_DE', NULL),
    (3, 'de_DE', NULL),
    (4, 'de_DE', NULL),
    (5, 'de_DE', NULL),
    (6, 'de_DE', NULL),
    (7, 'de_DE', NULL),
    (8, 'de_DE', NULL),
    (9, 'de_DE', NULL),
    (10, 'de_DE', NULL),
    (11, 'de_DE', NULL),
    (12, 'de_DE', NULL),
    (13, 'de_DE', NULL),
    (14, 'de_DE', NULL),
    (15, 'de_DE', NULL),
    (16, 'de_DE', NULL),
    (17, 'de_DE', NULL),
    (18, 'de_DE', NULL),
    (19, 'de_DE', NULL),
    (20, 'de_DE', NULL),
    (21, 'de_DE', NULL),
    (22, 'de_DE', NULL),
    (23, 'de_DE', NULL),
    (24, 'de_DE', NULL),
    (25, 'de_DE', NULL),
    (26, 'de_DE', NULL),
    (27, 'de_DE', NULL),
    (28, 'de_DE', NULL),
    (29, 'de_DE', NULL),
    (30, 'de_DE', NULL),
    (31, 'de_DE', NULL),
    (32, 'de_DE', NULL),
    (33, 'de_DE', NULL),
    (34, 'de_DE', NULL),
    (35, 'de_DE', NULL),
    (36, 'de_DE', NULL),
    (37, 'de_DE', NULL),
    (38, 'de_DE', NULL),
    (39, 'de_DE', NULL),
    (40, 'de_DE', NULL),
    (41, 'de_DE', NULL),
    (42, 'de_DE', NULL),
    (43, 'de_DE', NULL),
    (44, 'de_DE', NULL),
    (45, 'de_DE', NULL),
    (46, 'de_DE', NULL),
    (47, 'de_DE', NULL),
    (48, 'de_DE', NULL),
    (49, 'de_DE', NULL),
    (50, 'de_DE', NULL),
    (51, 'de_DE', NULL),
    (52, 'de_DE', NULL),
    (53, 'de_DE', NULL),
    (54, 'de_DE', NULL),
    (55, 'de_DE', NULL),
    (56, 'de_DE', NULL),
    (57, 'de_DE', NULL),
    (58, 'de_DE', NULL),
    (59, 'de_DE', NULL),
    (60, 'de_DE', NULL),
    (61, 'de_DE', NULL),
    (62, 'de_DE', NULL),
    (63, 'de_DE', NULL),
    (64, 'de_DE', NULL),
    (65, 'de_DE', NULL),
    (66, 'de_DE', NULL),
    (67, 'de_DE', NULL),
    (68, 'de_DE', NULL),
    (69, 'de_DE', NULL),
    (70, 'de_DE', NULL),
    (71, 'de_DE', NULL),
    (72, 'de_DE', NULL),
    (73, 'de_DE', NULL),
    (74, 'de_DE', NULL),
    (75, 'de_DE', NULL),
    (76, 'de_DE', NULL),
    (77, 'de_DE', NULL),
    (78, 'de_DE', NULL),
    (79, 'de_DE', NULL),
    (80, 'de_DE', NULL),
    (81, 'de_DE', NULL),
    (82, 'de_DE', NULL),
    (83, 'de_DE', NULL),
    (84, 'de_DE', NULL),
    (85, 'de_DE', NULL),
    (86, 'de_DE', 'Ontario'),
    (87, 'de_DE', NULL),
    (88, 'de_DE', NULL),
    (89, 'de_DE', 'Alberta'),
    (90, 'de_DE', 'Manitoba'),
    (91, 'de_DE', 'Saskatchewan'),
    (92, 'de_DE', NULL),
    (93, 'de_DE', NULL),
    (94, 'de_DE', NULL),
    (95, 'de_DE', NULL),
    (96, 'de_DE', NULL),
    (97, 'de_DE', 'Yukon'),
    (98, 'de_DE', 'Nunavut'),
    (99, 'de_DE', NULL),
    (100, 'de_DE', NULL),
    (101, 'de_DE', NULL),
    (102, 'de_DE', NULL),
    (103, 'de_DE', NULL),
    (104, 'de_DE', NULL),
    (105, 'de_DE', NULL),
    (106, 'de_DE', NULL),
    (107, 'de_DE', NULL),
    (108, 'de_DE', NULL),
    (109, 'de_DE', NULL),
    (110, 'de_DE', NULL),
    (111, 'de_DE', NULL),
    (112, 'de_DE', NULL),
    (113, 'de_DE', NULL),
    (114, 'de_DE', NULL),
    (115, 'de_DE', NULL),
    (116, 'de_DE', NULL),
    (117, 'de_DE', NULL),
    (118, 'de_DE', NULL),
    (119, 'de_DE', NULL),
    (120, 'de_DE', NULL),
    (121, 'de_DE', NULL),
    (122, 'de_DE', NULL),
    (123, 'de_DE', NULL),
    (124, 'de_DE', NULL),
    (125, 'de_DE', NULL),
    (126, 'de_DE', NULL),
    (127, 'de_DE', NULL),
    (128, 'de_DE', NULL),
    (129, 'de_DE', NULL),
    (130, 'de_DE', NULL),
    (131, 'de_DE', NULL),
    (132, 'de_DE', NULL),
    (133, 'de_DE', NULL),
    (134, 'de_DE', NULL),
    (135, 'de_DE', NULL),
    (136, 'de_DE', NULL),
    (137, 'de_DE', NULL),
    (138, 'de_DE', NULL),
    (139, 'de_DE', NULL),
    (140, 'de_DE', NULL),
    (141, 'de_DE', NULL),
    (142, 'de_DE', NULL),
    (143, 'de_DE', NULL),
    (144, 'de_DE', NULL),
    (145, 'de_DE', NULL),
    (146, 'de_DE', NULL),
    (147, 'de_DE', NULL),
    (148, 'de_DE', NULL),
    (149, 'de_DE', NULL),
    (150, 'de_DE', NULL),
    (151, 'de_DE', NULL),
    (152, 'de_DE', NULL),
    (153, 'de_DE', NULL),
    (154, 'de_DE', NULL),
    (155, 'de_DE', NULL),
    (156, 'de_DE', NULL),
    (157, 'de_DE', NULL),
    (158, 'de_DE', NULL),
    (159, 'de_DE', NULL),
    (160, 'de_DE', NULL),
    (161, 'de_DE', NULL),
    (162, 'de_DE', NULL),
    (163, 'de_DE', NULL),
    (164, 'de_DE', NULL),
    (165, 'de_DE', NULL),
    (166, 'de_DE', NULL),
    (167, 'de_DE', NULL),
    (168, 'de_DE', NULL),
    (169, 'de_DE', NULL),
    (170, 'de_DE', NULL),
    (171, 'de_DE', NULL),
    (172, 'de_DE', NULL),
    (173, 'de_DE', NULL),
    (174, 'de_DE', NULL),
    (175, 'de_DE', NULL),
    (176, 'de_DE', NULL),
    (177, 'de_DE', NULL),
    (178, 'de_DE', NULL),
    (179, 'de_DE', NULL),
    (180, 'de_DE', NULL),
    (181, 'de_DE', NULL),
    (182, 'de_DE', NULL),
    (183, 'de_DE', NULL),
    (184, 'de_DE', NULL),
    (185, 'de_DE', NULL),
    (186, 'de_DE', NULL),
    (187, 'de_DE', NULL),
    (188, 'de_DE', NULL),
    (189, 'de_DE', NULL),
    (190, 'de_DE', NULL),
    (191, 'de_DE', NULL),
    (192, 'de_DE', NULL),
    (193, 'de_DE', NULL),
    (194, 'de_DE', NULL),
    (195, 'de_DE', NULL),
    (196, 'de_DE', NULL),
    (197, 'de_DE', NULL),
    (198, 'de_DE', NULL),
    (199, 'de_DE', NULL),
    (200, 'de_DE', NULL),
    (201, 'de_DE', NULL),
    (202, 'de_DE', NULL),
    (203, 'de_DE', NULL),
    (204, 'de_DE', NULL),
    (205, 'de_DE', NULL),
    (206, 'de_DE', NULL),
    (207, 'de_DE', NULL),
    (208, 'de_DE', NULL),
    (209, 'de_DE', NULL),
    (210, 'de_DE', NULL),
    (211, 'de_DE', NULL),
    (212, 'de_DE', NULL),
    (213, 'de_DE', NULL),
    (214, 'de_DE', NULL),
    (215, 'de_DE', NULL),
    (216, 'de_DE', NULL),
    (217, 'de_DE', NULL),
    (218, 'de_DE', NULL),
    (219, 'de_DE', NULL),
    (220, 'de_DE', NULL),
    (221, 'de_DE', NULL),
    (222, 'de_DE', NULL),
    (223, 'de_DE', NULL),
    (224, 'de_DE', NULL),
    (225, 'de_DE', NULL),
    (226, 'de_DE', NULL),
    (227, 'de_DE', NULL),
    (228, 'de_DE', NULL),
    (229, 'de_DE', NULL),
    (230, 'de_DE', NULL),
    (231, 'de_DE', NULL),
    (232, 'de_DE', NULL),
    (233, 'de_DE', NULL),
    (234, 'de_DE', NULL),
    (235, 'de_DE', NULL),
    (236, 'de_DE', NULL),
    (237, 'de_DE', NULL),
    (238, 'de_DE', NULL),
    (239, 'de_DE', NULL),
    (240, 'de_DE', NULL),
    (241, 'de_DE', NULL),
    (242, 'de_DE', NULL),
    (243, 'de_DE', NULL),
    (244, 'de_DE', NULL),
    (245, 'de_DE', NULL),
    (246, 'de_DE', NULL),
    (247, 'de_DE', NULL),
    (248, 'de_DE', NULL),
    (249, 'de_DE', NULL),
    (250, 'de_DE', NULL),
    (251, 'de_DE', NULL),
    (252, 'de_DE', NULL),
    (253, 'de_DE', NULL),
    (254, 'de_DE', NULL),
    (255, 'de_DE', NULL),
    (256, 'de_DE', NULL),
    (257, 'de_DE', NULL),
    (258, 'de_DE', NULL),
    (259, 'de_DE', NULL),
    (260, 'de_DE', NULL),
    (261, 'de_DE', NULL),
    (262, 'de_DE', NULL),
    (263, 'de_DE', NULL),
    (264, 'de_DE', NULL),
    (265, 'de_DE', NULL),
    (266, 'de_DE', NULL),
    (267, 'de_DE', NULL),
    (268, 'de_DE', NULL),
    (269, 'de_DE', NULL),
    (270, 'de_DE', NULL),
    (271, 'de_DE', NULL),
    (272, 'de_DE', NULL),
    (273, 'de_DE', NULL),
    (274, 'de_DE', NULL),
    (275, 'de_DE', NULL),
    (276, 'de_DE', NULL),
    (277, 'de_DE', NULL),
    (278, 'de_DE', NULL),
    (279, 'de_DE', NULL),
    (280, 'de_DE', NULL),
    (281, 'de_DE', NULL),
    (282, 'de_DE', NULL),
    (283, 'de_DE', NULL),
    (284, 'de_DE', NULL),
    (285, 'de_DE', NULL),
    (286, 'de_DE', NULL),
    (287, 'de_DE', NULL),
    (288, 'de_DE', NULL),
    (289, 'de_DE', NULL),
    (290, 'de_DE', NULL),
    (291, 'de_DE', NULL),
    (292, 'de_DE', NULL),
    (293, 'de_DE', NULL),
    (294, 'de_DE', NULL),
    (295, 'de_DE', NULL),
    (296, 'de_DE', NULL),
    (297, 'de_DE', NULL),
    (298, 'de_DE', NULL),
    (299, 'de_DE', NULL),
    (300, 'de_DE', NULL),
    (301, 'de_DE', NULL),
    (302, 'de_DE', NULL),
    (303, 'de_DE', NULL),
    (304, 'de_DE', NULL),
    (305, 'de_DE', NULL),
    (306, 'de_DE', NULL),
    (307, 'de_DE', NULL),
    (308, 'de_DE', NULL),
    (309, 'de_DE', NULL),
    (310, 'de_DE', NULL),
    (311, 'de_DE', NULL),
    (312, 'de_DE', NULL),
    (313, 'de_DE', ''),
    (314, 'de_DE', ''),
    (315, 'de_DE', ''),
    (316, 'de_DE', ''),
    (317, 'de_DE', ''),

    (1, 'en_US', 'Alabama'),
    (2, 'en_US', 'Alaska'),
    (3, 'en_US', 'Arizona'),
    (4, 'en_US', 'Arkansas'),
    (5, 'en_US', 'California'),
    (6, 'en_US', 'Colorado'),
    (7, 'en_US', 'Connecticut'),
    (8, 'en_US', 'Delaware'),
    (9, 'en_US', 'Florida'),
    (10, 'en_US', 'Georgia'),
    (11, 'en_US', 'Hawaii'),
    (12, 'en_US', 'Idaho'),
    (13, 'en_US', 'Illinois'),
    (14, 'en_US', 'Indiana'),
    (15, 'en_US', 'Iowa'),
    (16, 'en_US', 'Kansas'),
    (17, 'en_US', 'Kentucky'),
    (18, 'en_US', 'Louisiana'),
    (19, 'en_US', 'Maine'),
    (20, 'en_US', 'Maryland'),
    (21, 'en_US', 'Massachusetts'),
    (22, 'en_US', 'Michigan'),
    (23, 'en_US', 'Minnesota'),
    (24, 'en_US', 'Mississippi'),
    (25, 'en_US', 'Missouri'),
    (26, 'en_US', 'Montana'),
    (27, 'en_US', 'Nebraska'),
    (28, 'en_US', 'Nevada'),
    (29, 'en_US', 'New Hampshire'),
    (30, 'en_US', 'New Jersey'),
    (31, 'en_US', 'New Mexico'),
    (32, 'en_US', 'New York'),
    (33, 'en_US', 'North Carolina'),
    (34, 'en_US', 'North Dakota'),
    (35, 'en_US', 'Ohio'),
    (36, 'en_US', 'Oklahoma'),
    (37, 'en_US', 'Oregon'),
    (38, 'en_US', 'Pennsylvania'),
    (39, 'en_US', 'Rhode Island'),
    (40, 'en_US', 'South Carolina'),
    (41, 'en_US', 'South Dakota'),
    (42, 'en_US', 'Tennessee'),
    (43, 'en_US', 'Texas'),
    (44, 'en_US', 'Utah'),
    (45, 'en_US', 'Vermont'),
    (46, 'en_US', 'Virginia'),
    (47, 'en_US', 'Washington'),
    (48, 'en_US', 'West Virginia'),
    (49, 'en_US', 'Wisconsin'),
    (50, 'en_US', 'Wyoming'),
    (51, 'en_US', 'Puerto Rico'),
    (52, 'en_US', 'US Virgin Islands'),
    (53, 'en_US', 'District of Columbia'),
    (54, 'en_US', 'Aguascalientes'),
    (55, 'en_US', 'Baja California'),
    (56, 'en_US', 'Baja California Sur'),
    (57, 'en_US', 'Campeche'),
    (58, 'en_US', 'Chiapas'),
    (59, 'en_US', 'Chihuahua'),
    (60, 'en_US', 'Coahuila'),
    (61, 'en_US', 'Colima'),
    (62, 'en_US', 'Distrito Federal'),
    (63, 'en_US', 'Durango'),
    (64, 'en_US', 'Guanajuato'),
    (65, 'en_US', 'Guerrero'),
    (66, 'en_US', 'Hidalgo'),
    (67, 'en_US', 'Jalisco'),
    (68, 'en_US', 'Estado de México'),
    (69, 'en_US', 'Michoacán'),
    (70, 'en_US', 'Morelos'),
    (71, 'en_US', 'Nayarit'),
    (72, 'en_US', 'Nuevo León'),
    (73, 'en_US', 'Oaxaca'),
    (74, 'en_US', 'Puebla'),
    (75, 'en_US', 'Querétaro'),
    (76, 'en_US', 'Quintana Roo'),
    (77, 'en_US', 'San Luis Potosí'),
    (78, 'en_US', 'Sinaloa'),
    (79, 'en_US', 'Sonora'),
    (80, 'en_US', 'Tabasco'),
    (81, 'en_US', 'Tamaulipas'),
    (82, 'en_US', 'Tlaxcala'),
    (83, 'en_US', 'Veracruz'),
    (84, 'en_US', 'Yucatán'),
    (85, 'en_US', 'Zacatecas'),
    (86, 'en_US', 'Ontario'),
    (87, 'en_US', 'Quebec'),
    (88, 'en_US', 'British Columbia'),
    (89, 'en_US', 'Alberta'),
    (90, 'en_US', 'Manitoba'),
    (91, 'en_US', 'Saskatchewan'),
    (92, 'en_US', 'Nova Scotia'),
    (93, 'en_US', 'New Brunswick'),
    (94, 'en_US', 'Newfoundland and Labrador'),
    (95, 'en_US', 'Prince Edward Island'),
    (96, 'en_US', 'Northwest Territories'),
    (97, 'en_US', 'Yukon'),
    (98, 'en_US', 'Nunavut'),
    (99, 'en_US', 'Buenos Aires'),
    (100, 'en_US', 'Catamarca'),
    (101, 'en_US', 'Chaco'),
    (102, 'en_US', 'Chubut'),
    (103, 'en_US', 'Ciudad de Buenos Aires'),
    (104, 'en_US', 'Córdoba'),
    (105, 'en_US', 'Corrientes'),
    (106, 'en_US', 'Entre Ríos'),
    (107, 'en_US', 'Formosa'),
    (108, 'en_US', 'Jujuy'),
    (109, 'en_US', 'La Pampa'),
    (110, 'en_US', 'La Rioja'),
    (111, 'en_US', 'Mendoza'),
    (112, 'en_US', 'Misiones'),
    (113, 'en_US', 'Neuquén'),
    (114, 'en_US', 'Río Negro'),
    (115, 'en_US', 'Salta'),
    (116, 'en_US', 'San Juan'),
    (117, 'en_US', 'San Luis'),
    (118, 'en_US', 'Santa Cruz'),
    (119, 'en_US', 'Santa Fe'),
    (120, 'en_US', 'Santiago del Estero'),
    (121, 'en_US', 'Tierra del Fuego'),
    (122, 'en_US', 'Tucumán'),
    (123, 'en_US', 'Agrigento'),
    (124, 'en_US', 'Alessandria'),
    (125, 'en_US', 'Ancona'),
    (126, 'en_US', 'Aosta'),
    (127, 'en_US', 'Arezzo'),
    (128, 'en_US', 'Ascoli Piceno'),
    (129, 'en_US', 'Asti'),
    (130, 'en_US', 'Avellino'),
    (131, 'en_US', 'Bari'),
    (132, 'en_US', 'Barletta-Andria-Trani'),
    (133, 'en_US', 'Belluno'),
    (134, 'en_US', 'Benevento'),
    (135, 'en_US', 'Bergamo'),
    (136, 'en_US', 'Biella'),
    (137, 'en_US', 'Bologna'),
    (138, 'en_US', 'Bolzano'),
    (139, 'en_US', 'Brescia'),
    (140, 'en_US', 'Brindisi'),
    (141, 'en_US', 'Cagliari'),
    (142, 'en_US', 'Caltanissetta'),
    (143, 'en_US', 'Campobasso'),
    (144, 'en_US', 'Carbonia-Iglesias'),
    (145, 'en_US', 'Caserta'),
    (146, 'en_US', 'Catania'),
    (147, 'en_US', 'Catanzaro'),
    (148, 'en_US', 'Chieti'),
    (149, 'en_US', 'Como'),
    (150, 'en_US', 'Cosenza'),
    (151, 'en_US', 'Cremona'),
    (152, 'en_US', 'Crotone'),
    (153, 'en_US', 'Cuneo'),
    (154, 'en_US', 'Enna'),
    (155, 'en_US', 'Fermo'),
    (156, 'en_US', 'Ferrara'),
    (157, 'en_US', 'Firenze'),
    (158, 'en_US', 'Foggia'),
    (159, 'en_US', 'Forlì-Cesena'),
    (160, 'en_US', 'Frosinone'),
    (161, 'en_US', 'Genova'),
    (162, 'en_US', 'Gorizia'),
    (163, 'en_US', 'Grosseto'),
    (164, 'en_US', 'Imperia'),
    (165, 'en_US', 'Isernia'),
    (166, 'en_US', 'L\'Aquila'),
    (167, 'en_US', 'La Spezia'),
    (168, 'en_US', 'Latina'),
    (169, 'en_US', 'Lecce'),
    (170, 'en_US', 'Lecco'),
    (171, 'en_US', 'Livorno'),
    (172, 'en_US', 'Lodi'),
    (173, 'en_US', 'Lucca'),
    (174, 'en_US', 'Macerata'),
    (175, 'en_US', 'Mantova'),
    (176, 'en_US', 'Massa'),
    (177, 'en_US', 'Matera'),
    (178, 'en_US', 'Medio Campidano'),
    (179, 'en_US', 'Messina'),
    (180, 'en_US', 'Milano'),
    (181, 'en_US', 'Modena'),
    (182, 'en_US', 'Monza e della Brianza'),
    (183, 'en_US', 'Napoli'),
    (184, 'en_US', 'Novara'),
    (185, 'en_US', 'Nuoro'),
    (186, 'en_US', 'Ogliastra'),
    (187, 'en_US', 'Olbia-Tempio'),
    (188, 'en_US', 'Oristano'),
    (189, 'en_US', 'Padova'),
    (190, 'en_US', 'Palermo'),
    (191, 'en_US', 'Parma'),
    (192, 'en_US', 'Pavia'),
    (193, 'en_US', 'Perugia'),
    (194, 'en_US', 'Pesaro-Urbino'),
    (195, 'en_US', 'Pescara'),
    (196, 'en_US', 'Piacenza'),
    (197, 'en_US', 'Pisa'),
    (198, 'en_US', 'Pistoia'),
    (199, 'en_US', 'Pordenone'),
    (200, 'en_US', 'Potenza'),
    (201, 'en_US', 'Prato'),
    (202, 'en_US', 'Ragusa'),
    (203, 'en_US', 'Ravenna'),
    (204, 'en_US', 'Reggio Calabria'),
    (205, 'en_US', 'Reggio Emilia'),
    (206, 'en_US', 'Rieti'),
    (207, 'en_US', 'Rimini'),
    (208, 'en_US', 'Roma'),
    (209, 'en_US', 'Rovigo'),
    (210, 'en_US', 'Salerno'),
    (211, 'en_US', 'Sassari'),
    (212, 'en_US', 'Savona'),
    (213, 'en_US', 'Siena'),
    (214, 'en_US', 'Siracusa'),
    (215, 'en_US', 'Sondrio'),
    (216, 'en_US', 'Taranto'),
    (217, 'en_US', 'Teramo'),
    (218, 'en_US', 'Terni'),
    (219, 'en_US', 'Torino'),
    (220, 'en_US', 'Trapani'),
    (221, 'en_US', 'Trento'),
    (222, 'en_US', 'Treviso'),
    (223, 'en_US', 'Trieste'),
    (224, 'en_US', 'Udine'),
    (225, 'en_US', 'Varese'),
    (226, 'en_US', 'Venezia'),
    (227, 'en_US', 'Verbano-Cusio-Ossola'),
    (228, 'en_US', 'Vercelli'),
    (229, 'en_US', 'Verona'),
    (230, 'en_US', 'Vibo Valentia'),
    (231, 'en_US', 'Vicenza'),
    (232, 'en_US', 'Viterbo'),
    (233, 'en_US', 'Aceh'),
    (234, 'en_US', 'Bali'),
    (235, 'en_US', 'Bangka'),
    (236, 'en_US', 'Banten'),
    (237, 'en_US', 'Bengkulu'),
    (238, 'en_US', 'Central Java'),
    (239, 'en_US', 'Central Kalimantan'),
    (240, 'en_US', 'Central Sulawesi'),
    (241, 'en_US', 'Coat of arms of East Java'),
    (242, 'en_US', 'East kalimantan'),
    (243, 'en_US', 'East Nusa Tenggara'),
    (244, 'en_US', 'Lambang propinsi'),
    (245, 'en_US', 'Jakarta'),
    (246, 'en_US', 'Jambi'),
    (247, 'en_US', 'Lampung'),
    (248, 'en_US', 'Maluku'),
    (249, 'en_US', 'North Maluku'),
    (250, 'en_US', 'North Sulawesi'),
    (251, 'en_US', 'North Sumatra'),
    (252, 'en_US', 'Papua'),
    (253, 'en_US', 'Riau'),
    (254, 'en_US', 'Lambang Riau'),
    (255, 'en_US', 'Southeast Sulawesi'),
    (256, 'en_US', 'South Kalimantan'),
    (257, 'en_US', 'South Sulawesi'),
    (258, 'en_US', 'South Sumatra'),
    (259, 'en_US', 'West Java'),
    (260, 'en_US', 'West Kalimantan'),
    (261, 'en_US', 'West Nusa Tenggara'),
    (262, 'en_US', 'Lambang Provinsi Papua Barat'),
    (263, 'en_US', 'West Sulawesi'),
    (264, 'en_US', 'West Sumatra'),
    (265, 'en_US', 'Yogyakarta'),
    (266, 'en_US', 'Aichi'),
    (267, 'en_US', 'Akita'),
    (268, 'en_US', 'Aomori'),
    (269, 'en_US', 'Chiba'),
    (270, 'en_US', 'Ehime'),
    (271, 'en_US', 'Fukui'),
    (272, 'en_US', 'Fukuoka'),
    (273, 'en_US', 'Fukushima'),
    (274, 'en_US', 'Gifu'),
    (275, 'en_US', 'Gunma'),
    (276, 'en_US', 'Hiroshima'),
    (277, 'en_US', 'Hokkaido'),
    (278, 'en_US', 'Hyogo'),
    (279, 'en_US', 'Ibaraki'),
    (280, 'en_US', 'Ishikawa'),
    (281, 'en_US', 'Iwate'),
    (282, 'en_US', 'Kagawa'),
    (283, 'en_US', 'Kagoshima'),
    (284, 'en_US', 'Kanagawa'),
    (285, 'en_US', 'Kochi'),
    (286, 'en_US', 'Kumamoto'),
    (287, 'en_US', 'Kyoto'),
    (288, 'en_US', 'Mie'),
    (289, 'en_US', 'Miyagi'),
    (290, 'en_US', 'Miyazaki'),
    (291, 'en_US', 'Nagano'),
    (292, 'en_US', 'Nagasaki'),
    (293, 'en_US', 'Nara'),
    (294, 'en_US', 'Niigata'),
    (295, 'en_US', 'Oita'),
    (296, 'en_US', 'Okayama'),
    (297, 'en_US', 'Okinawa'),
    (298, 'en_US', 'Osaka'),
    (299, 'en_US', 'Saga'),
    (300, 'en_US', 'Saitama'),
    (301, 'en_US', 'Shiga'),
    (302, 'en_US', 'Shimane'),
    (303, 'en_US', 'Shizuoka'),
    (304, 'en_US', 'Tochigi'),
    (305, 'en_US', 'Tokushima'),
    (306, 'en_US', 'Tokyo'),
    (307, 'en_US', 'Tottori'),
    (308, 'en_US', 'Toyama'),
    (309, 'en_US', 'Wakayama'),
    (310, 'en_US', 'Yamagata'),
    (311, 'en_US', 'Yamaguchi'),
    (312, 'en_US', 'Yamanashi'),
    (313, 'en_US', ''),
    (314, 'en_US', ''),
    (315, 'en_US', ''),
    (316, 'en_US', ''),
    (317, 'en_US', ''),

    (1, 'es_ES', NULL),
    (2, 'es_ES', NULL),
    (3, 'es_ES', NULL),
    (4, 'es_ES', NULL),
    (5, 'es_ES', NULL),
    (6, 'es_ES', NULL),
    (7, 'es_ES', NULL),
    (8, 'es_ES', NULL),
    (9, 'es_ES', NULL),
    (10, 'es_ES', NULL),
    (11, 'es_ES', NULL),
    (12, 'es_ES', NULL),
    (13, 'es_ES', NULL),
    (14, 'es_ES', NULL),
    (15, 'es_ES', NULL),
    (16, 'es_ES', NULL),
    (17, 'es_ES', NULL),
    (18, 'es_ES', NULL),
    (19, 'es_ES', NULL),
    (20, 'es_ES', NULL),
    (21, 'es_ES', NULL),
    (22, 'es_ES', NULL),
    (23, 'es_ES', NULL),
    (24, 'es_ES', NULL),
    (25, 'es_ES', NULL),
    (26, 'es_ES', NULL),
    (27, 'es_ES', NULL),
    (28, 'es_ES', NULL),
    (29, 'es_ES', NULL),
    (30, 'es_ES', NULL),
    (31, 'es_ES', NULL),
    (32, 'es_ES', NULL),
    (33, 'es_ES', NULL),
    (34, 'es_ES', NULL),
    (35, 'es_ES', NULL),
    (36, 'es_ES', NULL),
    (37, 'es_ES', NULL),
    (38, 'es_ES', NULL),
    (39, 'es_ES', NULL),
    (40, 'es_ES', NULL),
    (41, 'es_ES', NULL),
    (42, 'es_ES', NULL),
    (43, 'es_ES', NULL),
    (44, 'es_ES', NULL),
    (45, 'es_ES', NULL),
    (46, 'es_ES', NULL),
    (47, 'es_ES', NULL),
    (48, 'es_ES', NULL),
    (49, 'es_ES', NULL),
    (50, 'es_ES', NULL),
    (51, 'es_ES', NULL),
    (52, 'es_ES', NULL),
    (53, 'es_ES', NULL),
    (54, 'es_ES', NULL),
    (55, 'es_ES', NULL),
    (56, 'es_ES', NULL),
    (57, 'es_ES', NULL),
    (58, 'es_ES', NULL),
    (59, 'es_ES', NULL),
    (60, 'es_ES', NULL),
    (61, 'es_ES', NULL),
    (62, 'es_ES', NULL),
    (63, 'es_ES', NULL),
    (64, 'es_ES', NULL),
    (65, 'es_ES', NULL),
    (66, 'es_ES', NULL),
    (67, 'es_ES', NULL),
    (68, 'es_ES', NULL),
    (69, 'es_ES', NULL),
    (70, 'es_ES', NULL),
    (71, 'es_ES', NULL),
    (72, 'es_ES', NULL),
    (73, 'es_ES', NULL),
    (74, 'es_ES', NULL),
    (75, 'es_ES', NULL),
    (76, 'es_ES', NULL),
    (77, 'es_ES', NULL),
    (78, 'es_ES', NULL),
    (79, 'es_ES', NULL),
    (80, 'es_ES', NULL),
    (81, 'es_ES', NULL),
    (82, 'es_ES', NULL),
    (83, 'es_ES', NULL),
    (84, 'es_ES', NULL),
    (85, 'es_ES', NULL),
    (86, 'es_ES', NULL),
    (87, 'es_ES', NULL),
    (88, 'es_ES', NULL),
    (89, 'es_ES', NULL),
    (90, 'es_ES', NULL),
    (91, 'es_ES', NULL),
    (92, 'es_ES', NULL),
    (93, 'es_ES', NULL),
    (94, 'es_ES', NULL),
    (95, 'es_ES', NULL),
    (96, 'es_ES', NULL),
    (97, 'es_ES', NULL),
    (98, 'es_ES', NULL),
    (99, 'es_ES', NULL),
    (100, 'es_ES', NULL),
    (101, 'es_ES', NULL),
    (102, 'es_ES', NULL),
    (103, 'es_ES', NULL),
    (104, 'es_ES', NULL),
    (105, 'es_ES', NULL),
    (106, 'es_ES', NULL),
    (107, 'es_ES', NULL),
    (108, 'es_ES', NULL),
    (109, 'es_ES', NULL),
    (110, 'es_ES', NULL),
    (111, 'es_ES', NULL),
    (112, 'es_ES', NULL),
    (113, 'es_ES', NULL),
    (114, 'es_ES', NULL),
    (115, 'es_ES', NULL),
    (116, 'es_ES', NULL),
    (117, 'es_ES', NULL),
    (118, 'es_ES', NULL),
    (119, 'es_ES', NULL),
    (120, 'es_ES', NULL),
    (121, 'es_ES', NULL),
    (122, 'es_ES', NULL),
    (123, 'es_ES', NULL),
    (124, 'es_ES', NULL),
    (125, 'es_ES', NULL),
    (126, 'es_ES', NULL),
    (127, 'es_ES', NULL),
    (128, 'es_ES', NULL),
    (129, 'es_ES', NULL),
    (130, 'es_ES', NULL),
    (131, 'es_ES', NULL),
    (132, 'es_ES', NULL),
    (133, 'es_ES', NULL),
    (134, 'es_ES', NULL),
    (135, 'es_ES', NULL),
    (136, 'es_ES', NULL),
    (137, 'es_ES', NULL),
    (138, 'es_ES', NULL),
    (139, 'es_ES', NULL),
    (140, 'es_ES', NULL),
    (141, 'es_ES', NULL),
    (142, 'es_ES', NULL),
    (143, 'es_ES', NULL),
    (144, 'es_ES', NULL),
    (145, 'es_ES', NULL),
    (146, 'es_ES', NULL),
    (147, 'es_ES', NULL),
    (148, 'es_ES', NULL),
    (149, 'es_ES', NULL),
    (150, 'es_ES', NULL),
    (151, 'es_ES', NULL),
    (152, 'es_ES', NULL),
    (153, 'es_ES', NULL),
    (154, 'es_ES', NULL),
    (155, 'es_ES', NULL),
    (156, 'es_ES', NULL),
    (157, 'es_ES', NULL),
    (158, 'es_ES', NULL),
    (159, 'es_ES', NULL),
    (160, 'es_ES', NULL),
    (161, 'es_ES', NULL),
    (162, 'es_ES', NULL),
    (163, 'es_ES', NULL),
    (164, 'es_ES', NULL),
    (165, 'es_ES', NULL),
    (166, 'es_ES', NULL),
    (167, 'es_ES', NULL),
    (168, 'es_ES', NULL),
    (169, 'es_ES', NULL),
    (170, 'es_ES', NULL),
    (171, 'es_ES', NULL),
    (172, 'es_ES', NULL),
    (173, 'es_ES', NULL),
    (174, 'es_ES', NULL),
    (175, 'es_ES', NULL),
    (176, 'es_ES', NULL),
    (177, 'es_ES', NULL),
    (178, 'es_ES', NULL),
    (179, 'es_ES', NULL),
    (180, 'es_ES', NULL),
    (181, 'es_ES', NULL),
    (182, 'es_ES', NULL),
    (183, 'es_ES', NULL),
    (184, 'es_ES', NULL),
    (185, 'es_ES', NULL),
    (186, 'es_ES', NULL),
    (187, 'es_ES', NULL),
    (188, 'es_ES', NULL),
    (189, 'es_ES', NULL),
    (190, 'es_ES', NULL),
    (191, 'es_ES', NULL),
    (192, 'es_ES', NULL),
    (193, 'es_ES', NULL),
    (194, 'es_ES', NULL),
    (195, 'es_ES', NULL),
    (196, 'es_ES', NULL),
    (197, 'es_ES', NULL),
    (198, 'es_ES', NULL),
    (199, 'es_ES', NULL),
    (200, 'es_ES', NULL),
    (201, 'es_ES', NULL),
    (202, 'es_ES', NULL),
    (203, 'es_ES', NULL),
    (204, 'es_ES', NULL),
    (205, 'es_ES', NULL),
    (206, 'es_ES', NULL),
    (207, 'es_ES', NULL),
    (208, 'es_ES', NULL),
    (209, 'es_ES', NULL),
    (210, 'es_ES', NULL),
    (211, 'es_ES', NULL),
    (212, 'es_ES', NULL),
    (213, 'es_ES', NULL),
    (214, 'es_ES', NULL),
    (215, 'es_ES', NULL),
    (216, 'es_ES', NULL),
    (217, 'es_ES', NULL),
    (218, 'es_ES', NULL),
    (219, 'es_ES', NULL),
    (220, 'es_ES', NULL),
    (221, 'es_ES', NULL),
    (222, 'es_ES', NULL),
    (223, 'es_ES', NULL),
    (224, 'es_ES', NULL),
    (225, 'es_ES', NULL),
    (226, 'es_ES', NULL),
    (227, 'es_ES', NULL),
    (228, 'es_ES', NULL),
    (229, 'es_ES', NULL),
    (230, 'es_ES', NULL),
    (231, 'es_ES', NULL),
    (232, 'es_ES', NULL),
    (233, 'es_ES', NULL),
    (234, 'es_ES', NULL),
    (235, 'es_ES', NULL),
    (236, 'es_ES', NULL),
    (237, 'es_ES', NULL),
    (238, 'es_ES', NULL),
    (239, 'es_ES', NULL),
    (240, 'es_ES', NULL),
    (241, 'es_ES', NULL),
    (242, 'es_ES', NULL),
    (243, 'es_ES', NULL),
    (244, 'es_ES', NULL),
    (245, 'es_ES', NULL),
    (246, 'es_ES', NULL),
    (247, 'es_ES', NULL),
    (248, 'es_ES', NULL),
    (249, 'es_ES', NULL),
    (250, 'es_ES', NULL),
    (251, 'es_ES', NULL),
    (252, 'es_ES', NULL),
    (253, 'es_ES', NULL),
    (254, 'es_ES', NULL),
    (255, 'es_ES', NULL),
    (256, 'es_ES', NULL),
    (257, 'es_ES', NULL),
    (258, 'es_ES', NULL),
    (259, 'es_ES', NULL),
    (260, 'es_ES', NULL),
    (261, 'es_ES', NULL),
    (262, 'es_ES', NULL),
    (263, 'es_ES', NULL),
    (264, 'es_ES', NULL),
    (265, 'es_ES', NULL),
    (266, 'es_ES', NULL),
    (267, 'es_ES', NULL),
    (268, 'es_ES', NULL),
    (269, 'es_ES', NULL),
    (270, 'es_ES', NULL),
    (271, 'es_ES', NULL),
    (272, 'es_ES', NULL),
    (273, 'es_ES', NULL),
    (274, 'es_ES', NULL),
    (275, 'es_ES', NULL),
    (276, 'es_ES', NULL),
    (277, 'es_ES', NULL),
    (278, 'es_ES', NULL),
    (279, 'es_ES', NULL),
    (280, 'es_ES', NULL),
    (281, 'es_ES', NULL),
    (282, 'es_ES', NULL),
    (283, 'es_ES', NULL),
    (284, 'es_ES', NULL),
    (285, 'es_ES', NULL),
    (286, 'es_ES', NULL),
    (287, 'es_ES', NULL),
    (288, 'es_ES', NULL),
    (289, 'es_ES', NULL),
    (290, 'es_ES', NULL),
    (291, 'es_ES', NULL),
    (292, 'es_ES', NULL),
    (293, 'es_ES', NULL),
    (294, 'es_ES', NULL),
    (295, 'es_ES', NULL),
    (296, 'es_ES', NULL),
    (297, 'es_ES', NULL),
    (298, 'es_ES', NULL),
    (299, 'es_ES', NULL),
    (300, 'es_ES', NULL),
    (301, 'es_ES', NULL),
    (302, 'es_ES', NULL),
    (303, 'es_ES', NULL),
    (304, 'es_ES', NULL),
    (305, 'es_ES', NULL),
    (306, 'es_ES', NULL),
    (307, 'es_ES', NULL),
    (308, 'es_ES', NULL),
    (309, 'es_ES', NULL),
    (310, 'es_ES', NULL),
    (311, 'es_ES', NULL),
    (312, 'es_ES', NULL),
    (313, 'es_ES', ''),
    (314, 'es_ES', ''),
    (315, 'es_ES', ''),
    (316, 'es_ES', ''),
    (317, 'es_ES', ''),

    (1, 'fr_FR', 'Alabama'),
    (2, 'fr_FR', 'Alaska'),
    (3, 'fr_FR', 'Arizona'),
    (4, 'fr_FR', 'Arkansas'),
    (5, 'fr_FR', 'Californie'),
    (6, 'fr_FR', 'Colorado'),
    (7, 'fr_FR', 'Connecticut'),
    (8, 'fr_FR', 'Delaware'),
    (9, 'fr_FR', 'Floride'),
    (10, 'fr_FR', 'Géorgie'),
    (11, 'fr_FR', 'Hawaii'),
    (12, 'fr_FR', 'Idaho'),
    (13, 'fr_FR', 'Illinois'),
    (14, 'fr_FR', 'Indiana'),
    (15, 'fr_FR', 'Iowa'),
    (16, 'fr_FR', 'Kansas'),
    (17, 'fr_FR', 'Kentucky'),
    (18, 'fr_FR', 'Louisiana'),
    (19, 'fr_FR', 'Maine'),
    (20, 'fr_FR', 'Maryland'),
    (21, 'fr_FR', 'Massachusetts'),
    (22, 'fr_FR', 'Michigan'),
    (23, 'fr_FR', 'Minnesota'),
    (24, 'fr_FR', 'Mississippi'),
    (25, 'fr_FR', 'Missouri'),
    (26, 'fr_FR', 'Montana'),
    (27, 'fr_FR', 'Nebraska'),
    (28, 'fr_FR', 'Nevada'),
    (29, 'fr_FR', 'New Hampshire'),
    (30, 'fr_FR', 'New Jersey'),
    (31, 'fr_FR', 'Nouveau-Mexique'),
    (32, 'fr_FR', 'New York'),
    (33, 'fr_FR', 'Caroline du Nord'),
    (34, 'fr_FR', 'Dakota du Nord'),
    (35, 'fr_FR', 'Ohio'),
    (36, 'fr_FR', 'Oklahoma'),
    (37, 'fr_FR', 'Oregon'),
    (38, 'fr_FR', 'Pennsylvanie'),
    (39, 'fr_FR', 'Rhode Island'),
    (40, 'fr_FR', 'Caroline du Sud'),
    (41, 'fr_FR', 'Dakota du Sud'),
    (42, 'fr_FR', 'Tennessee'),
    (43, 'fr_FR', 'Texas'),
    (44, 'fr_FR', 'Utah'),
    (45, 'fr_FR', 'Vermont'),
    (46, 'fr_FR', 'Virginie'),
    (47, 'fr_FR', 'Washington'),
    (48, 'fr_FR', 'Virginie-occidentale'),
    (49, 'fr_FR', 'Wisconsin'),
    (50, 'fr_FR', 'Wyoming'),
    (51, 'fr_FR', 'Puerto Rico'),
    (52, 'fr_FR', 'US Virgin Islands'),
    (53, 'fr_FR', 'District of Columbia'),
    (54, 'fr_FR', 'Aguascalientes'),
    (55, 'fr_FR', 'Baja California'),
    (56, 'fr_FR', 'Baja California Sur'),
    (57, 'fr_FR', 'Campeche'),
    (58, 'fr_FR', 'Chiapas'),
    (59, 'fr_FR', 'Chihuahua'),
    (60, 'fr_FR', 'Coahuila'),
    (61, 'fr_FR', 'Colima'),
    (62, 'fr_FR', 'Distrito Federal'),
    (63, 'fr_FR', 'Durango'),
    (64, 'fr_FR', 'Guanajuato'),
    (65, 'fr_FR', 'Guerrero'),
    (66, 'fr_FR', 'Hidalgo'),
    (67, 'fr_FR', 'Jalisco'),
    (68, 'fr_FR', 'Estado de México'),
    (69, 'fr_FR', 'Michoacán'),
    (70, 'fr_FR', 'Morelos'),
    (71, 'fr_FR', 'Nayarit'),
    (72, 'fr_FR', 'Nuevo León'),
    (73, 'fr_FR', 'Oaxaca'),
    (74, 'fr_FR', 'Puebla'),
    (75, 'fr_FR', 'Querétaro'),
    (76, 'fr_FR', 'Quintana Roo'),
    (77, 'fr_FR', 'San Luis Potosí'),
    (78, 'fr_FR', 'Sinaloa'),
    (79, 'fr_FR', 'Sonora'),
    (80, 'fr_FR', 'Tabasco'),
    (81, 'fr_FR', 'Tamaulipas'),
    (82, 'fr_FR', 'Tlaxcala'),
    (83, 'fr_FR', 'Veracruz'),
    (84, 'fr_FR', 'Yucatán'),
    (85, 'fr_FR', 'Zacatecas'),
    (86, 'fr_FR', 'Ontario'),
    (87, 'fr_FR', 'Québec'),
    (88, 'fr_FR', 'Colombie-Britannique'),
    (89, 'fr_FR', 'Alberta'),
    (90, 'fr_FR', 'Manitoba'),
    (91, 'fr_FR', 'Saskatchewan'),
    (92, 'fr_FR', 'Nouvelle-Écosse'),
    (93, 'fr_FR', 'Nouveau-Brunswick'),
    (94, 'fr_FR', 'Terre Neuve et Labrador'),
    (95, 'fr_FR', 'Île-du-Prince-Édouard'),
    (96, 'fr_FR', 'Territoires du Nord-Ouest'),
    (97, 'fr_FR', 'Yukon'),
    (98, 'fr_FR', 'Nunavut'),
    (99, 'fr_FR', 'Buenos Aires'),
    (100, 'fr_FR', 'Catamarca'),
    (101, 'fr_FR', 'Chaco'),
    (102, 'fr_FR', 'Chubut'),
    (103, 'fr_FR', 'Ciudad de Buenos Aires'),
    (104, 'fr_FR', 'Córdoba'),
    (105, 'fr_FR', 'Corrientes'),
    (106, 'fr_FR', 'Entre Ríos'),
    (107, 'fr_FR', 'Formosa'),
    (108, 'fr_FR', 'Jujuy'),
    (109, 'fr_FR', 'La Pampa'),
    (110, 'fr_FR', 'La Rioja'),
    (111, 'fr_FR', 'Mendoza'),
    (112, 'fr_FR', 'Misiones'),
    (113, 'fr_FR', 'Neuquén'),
    (114, 'fr_FR', 'Río Negro'),
    (115, 'fr_FR', 'Salta'),
    (116, 'fr_FR', 'San Juan'),
    (117, 'fr_FR', 'San Luis'),
    (118, 'fr_FR', 'Santa Cruz'),
    (119, 'fr_FR', 'Santa Fe'),
    (120, 'fr_FR', 'Santiago del Estero'),
    (121, 'fr_FR', 'Tierra del Fuego'),
    (122, 'fr_FR', 'Tucumán'),
    (123, 'fr_FR', 'Agrigento'),
    (124, 'fr_FR', 'Alessandria'),
    (125, 'fr_FR', 'Ancona'),
    (126, 'fr_FR', 'Aosta'),
    (127, 'fr_FR', 'Arezzo'),
    (128, 'fr_FR', 'Ascoli Piceno'),
    (129, 'fr_FR', 'Asti'),
    (130, 'fr_FR', 'Avellino'),
    (131, 'fr_FR', 'Bari'),
    (132, 'fr_FR', 'Barletta-Andria-Trani'),
    (133, 'fr_FR', 'Belluno'),
    (134, 'fr_FR', 'Benevento'),
    (135, 'fr_FR', 'Bergamo'),
    (136, 'fr_FR', 'Biella'),
    (137, 'fr_FR', 'Bologna'),
    (138, 'fr_FR', 'Bolzano'),
    (139, 'fr_FR', 'Brescia'),
    (140, 'fr_FR', 'Brindisi'),
    (141, 'fr_FR', 'Cagliari'),
    (142, 'fr_FR', 'Caltanissetta'),
    (143, 'fr_FR', 'Campobasso'),
    (144, 'fr_FR', 'Carbonia-Iglesias'),
    (145, 'fr_FR', 'Caserta'),
    (146, 'fr_FR', 'Catania'),
    (147, 'fr_FR', 'Catanzaro'),
    (148, 'fr_FR', 'Chieti'),
    (149, 'fr_FR', 'Como'),
    (150, 'fr_FR', 'Cosenza'),
    (151, 'fr_FR', 'Cremona'),
    (152, 'fr_FR', 'Crotone'),
    (153, 'fr_FR', 'Cuneo'),
    (154, 'fr_FR', 'Enna'),
    (155, 'fr_FR', 'Fermo'),
    (156, 'fr_FR', 'Ferrara'),
    (157, 'fr_FR', 'Firenze'),
    (158, 'fr_FR', 'Foggia'),
    (159, 'fr_FR', 'Forlì-Cesena'),
    (160, 'fr_FR', 'Frosinone'),
    (161, 'fr_FR', 'Genova'),
    (162, 'fr_FR', 'Gorizia'),
    (163, 'fr_FR', 'Grosseto'),
    (164, 'fr_FR', 'Imperia'),
    (165, 'fr_FR', 'Isernia'),
    (166, 'fr_FR', 'L\'Aquila'),
    (167, 'fr_FR', 'La Spezia'),
    (168, 'fr_FR', 'Latina'),
    (169, 'fr_FR', 'Lecce'),
    (170, 'fr_FR', 'Lecco'),
    (171, 'fr_FR', 'Livorno'),
    (172, 'fr_FR', 'Lodi'),
    (173, 'fr_FR', 'Lucca'),
    (174, 'fr_FR', 'Macerata'),
    (175, 'fr_FR', 'Mantova'),
    (176, 'fr_FR', 'Massa'),
    (177, 'fr_FR', 'Matera'),
    (178, 'fr_FR', 'Medio Campidano'),
    (179, 'fr_FR', 'Messina'),
    (180, 'fr_FR', 'Milano'),
    (181, 'fr_FR', 'Modena'),
    (182, 'fr_FR', 'Monza e della Brianza'),
    (183, 'fr_FR', 'Napoli'),
    (184, 'fr_FR', 'Novara'),
    (185, 'fr_FR', 'Nuoro'),
    (186, 'fr_FR', 'Ogliastra'),
    (187, 'fr_FR', 'Olbia-Tempio'),
    (188, 'fr_FR', 'Oristano'),
    (189, 'fr_FR', 'Padova'),
    (190, 'fr_FR', 'Palermo'),
    (191, 'fr_FR', 'Parma'),
    (192, 'fr_FR', 'Pavia'),
    (193, 'fr_FR', 'Perugia'),
    (194, 'fr_FR', 'Pesaro-Urbino'),
    (195, 'fr_FR', 'Pescara'),
    (196, 'fr_FR', 'Piacenza'),
    (197, 'fr_FR', 'Pisa'),
    (198, 'fr_FR', 'Pistoia'),
    (199, 'fr_FR', 'Pordenone'),
    (200, 'fr_FR', 'Potenza'),
    (201, 'fr_FR', 'Prato'),
    (202, 'fr_FR', 'Ragusa'),
    (203, 'fr_FR', 'Ravenna'),
    (204, 'fr_FR', 'Reggio Calabria'),
    (205, 'fr_FR', 'Reggio Emilia'),
    (206, 'fr_FR', 'Rieti'),
    (207, 'fr_FR', 'Rimini'),
    (208, 'fr_FR', 'Roma'),
    (209, 'fr_FR', 'Rovigo'),
    (210, 'fr_FR', 'Salerno'),
    (211, 'fr_FR', 'Sassari'),
    (212, 'fr_FR', 'Savona'),
    (213, 'fr_FR', 'Siena'),
    (214, 'fr_FR', 'Siracusa'),
    (215, 'fr_FR', 'Sondrio'),
    (216, 'fr_FR', 'Taranto'),
    (217, 'fr_FR', 'Teramo'),
    (218, 'fr_FR', 'Terni'),
    (219, 'fr_FR', 'Torino'),
    (220, 'fr_FR', 'Trapani'),
    (221, 'fr_FR', 'Trento'),
    (222, 'fr_FR', 'Treviso'),
    (223, 'fr_FR', 'Trieste'),
    (224, 'fr_FR', 'Udine'),
    (225, 'fr_FR', 'Varese'),
    (226, 'fr_FR', 'Venezia'),
    (227, 'fr_FR', 'Verbano-Cusio-Ossola'),
    (228, 'fr_FR', 'Vercelli'),
    (229, 'fr_FR', 'Verona'),
    (230, 'fr_FR', 'Vibo Valentia'),
    (231, 'fr_FR', 'Vicenza'),
    (232, 'fr_FR', 'Viterbo'),
    (233, 'fr_FR', 'Aceh'),
    (234, 'fr_FR', 'Bali'),
    (235, 'fr_FR', 'Bangka'),
    (236, 'fr_FR', 'Banten'),
    (237, 'fr_FR', 'Bengkulu'),
    (238, 'fr_FR', 'Central Java'),
    (239, 'fr_FR', 'Central Kalimantan'),
    (240, 'fr_FR', 'Central Sulawesi'),
    (241, 'fr_FR', 'Coat of arms of East Java'),
    (242, 'fr_FR', 'East kalimantan'),
    (243, 'fr_FR', 'East Nusa Tenggara'),
    (244, 'fr_FR', 'Lambang propinsi'),
    (245, 'fr_FR', 'Jakarta'),
    (246, 'fr_FR', 'Jambi'),
    (247, 'fr_FR', 'Lampung'),
    (248, 'fr_FR', 'Maluku'),
    (249, 'fr_FR', 'North Maluku'),
    (250, 'fr_FR', 'North Sulawesi'),
    (251, 'fr_FR', 'North Sumatra'),
    (252, 'fr_FR', 'Papua'),
    (253, 'fr_FR', 'Riau'),
    (254, 'fr_FR', 'Lambang Riau'),
    (255, 'fr_FR', 'Southeast Sulawesi'),
    (256, 'fr_FR', 'South Kalimantan'),
    (257, 'fr_FR', 'South Sulawesi'),
    (258, 'fr_FR', 'South Sumatra'),
    (259, 'fr_FR', 'West Java'),
    (260, 'fr_FR', 'West Kalimantan'),
    (261, 'fr_FR', 'West Nusa Tenggara'),
    (262, 'fr_FR', 'Lambang Provinsi Papua Barat'),
    (263, 'fr_FR', 'West Sulawesi'),
    (264, 'fr_FR', 'West Sumatra'),
    (265, 'fr_FR', 'Yogyakarta'),
    (266, 'fr_FR', 'Aichi'),
    (267, 'fr_FR', 'Akita'),
    (268, 'fr_FR', 'Aomori'),
    (269, 'fr_FR', 'Chiba'),
    (270, 'fr_FR', 'Ehime'),
    (271, 'fr_FR', 'Fukui'),
    (272, 'fr_FR', 'Fukuoka'),
    (273, 'fr_FR', 'Fukushima'),
    (274, 'fr_FR', 'Gifu'),
    (275, 'fr_FR', 'Gunma'),
    (276, 'fr_FR', 'Hiroshima'),
    (277, 'fr_FR', 'Hokkaido'),
    (278, 'fr_FR', 'Hyogo'),
    (279, 'fr_FR', 'Ibaraki'),
    (280, 'fr_FR', 'Ishikawa'),
    (281, 'fr_FR', 'Iwate'),
    (282, 'fr_FR', 'Kagawa'),
    (283, 'fr_FR', 'Kagoshima'),
    (284, 'fr_FR', 'Kanagawa'),
    (285, 'fr_FR', 'Kochi'),
    (286, 'fr_FR', 'Kumamoto'),
    (287, 'fr_FR', 'Kyoto'),
    (288, 'fr_FR', 'Mie'),
    (289, 'fr_FR', 'Miyagi'),
    (290, 'fr_FR', 'Miyazaki'),
    (291, 'fr_FR', 'Nagano'),
    (292, 'fr_FR', 'Nagasaki'),
    (293, 'fr_FR', 'Nara'),
    (294, 'fr_FR', 'Niigata'),
    (295, 'fr_FR', 'Oita'),
    (296, 'fr_FR', 'Okayama'),
    (297, 'fr_FR', 'Okinawa'),
    (298, 'fr_FR', 'Osaka'),
    (299, 'fr_FR', 'Saga'),
    (300, 'fr_FR', 'Saitama'),
    (301, 'fr_FR', 'Shiga'),
    (302, 'fr_FR', 'Shimane'),
    (303, 'fr_FR', 'Shizuoka'),
    (304, 'fr_FR', 'Tochigi'),
    (305, 'fr_FR', 'Tokushima'),
    (306, 'fr_FR', 'Tokyo'),
    (307, 'fr_FR', 'Tottori'),
    (308, 'fr_FR', 'Toyama'),
    (309, 'fr_FR', 'Wakayama'),
    (310, 'fr_FR', 'Yamagata'),
    (311, 'fr_FR', 'Yamaguchi'),
    (312, 'fr_FR', 'Yamanashi'),
    (313, 'fr_FR', ''),
    (314, 'fr_FR', ''),
    (315, 'fr_FR', ''),
    (316, 'fr_FR', ''),
    (317, 'fr_FR', ''),

    (1, 'it_IT', NULL),
    (2, 'it_IT', NULL),
    (3, 'it_IT', NULL),
    (4, 'it_IT', NULL),
    (5, 'it_IT', NULL),
    (6, 'it_IT', NULL),
    (7, 'it_IT', NULL),
    (8, 'it_IT', NULL),
    (9, 'it_IT', NULL),
    (10, 'it_IT', NULL),
    (11, 'it_IT', NULL),
    (12, 'it_IT', NULL),
    (13, 'it_IT', NULL),
    (14, 'it_IT', NULL),
    (15, 'it_IT', NULL),
    (16, 'it_IT', NULL),
    (17, 'it_IT', NULL),
    (18, 'it_IT', NULL),
    (19, 'it_IT', NULL),
    (20, 'it_IT', NULL),
    (21, 'it_IT', NULL),
    (22, 'it_IT', NULL),
    (23, 'it_IT', NULL),
    (24, 'it_IT', NULL),
    (25, 'it_IT', NULL),
    (26, 'it_IT', NULL),
    (27, 'it_IT', NULL),
    (28, 'it_IT', NULL),
    (29, 'it_IT', NULL),
    (30, 'it_IT', NULL),
    (31, 'it_IT', NULL),
    (32, 'it_IT', NULL),
    (33, 'it_IT', NULL),
    (34, 'it_IT', NULL),
    (35, 'it_IT', NULL),
    (36, 'it_IT', NULL),
    (37, 'it_IT', NULL),
    (38, 'it_IT', NULL),
    (39, 'it_IT', NULL),
    (40, 'it_IT', NULL),
    (41, 'it_IT', NULL),
    (42, 'it_IT', NULL),
    (43, 'it_IT', NULL),
    (44, 'it_IT', NULL),
    (45, 'it_IT', NULL),
    (46, 'it_IT', NULL),
    (47, 'it_IT', NULL),
    (48, 'it_IT', NULL),
    (49, 'it_IT', NULL),
    (50, 'it_IT', NULL),
    (51, 'it_IT', NULL),
    (52, 'it_IT', NULL),
    (53, 'it_IT', NULL),
    (54, 'it_IT', NULL),
    (55, 'it_IT', NULL),
    (56, 'it_IT', NULL),
    (57, 'it_IT', NULL),
    (58, 'it_IT', NULL),
    (59, 'it_IT', NULL),
    (60, 'it_IT', NULL),
    (61, 'it_IT', NULL),
    (62, 'it_IT', NULL),
    (63, 'it_IT', NULL),
    (64, 'it_IT', NULL),
    (65, 'it_IT', NULL),
    (66, 'it_IT', NULL),
    (67, 'it_IT', NULL),
    (68, 'it_IT', NULL),
    (69, 'it_IT', NULL),
    (70, 'it_IT', NULL),
    (71, 'it_IT', NULL),
    (72, 'it_IT', NULL),
    (73, 'it_IT', NULL),
    (74, 'it_IT', NULL),
    (75, 'it_IT', NULL),
    (76, 'it_IT', NULL),
    (77, 'it_IT', NULL),
    (78, 'it_IT', NULL),
    (79, 'it_IT', NULL),
    (80, 'it_IT', NULL),
    (81, 'it_IT', NULL),
    (82, 'it_IT', NULL),
    (83, 'it_IT', NULL),
    (84, 'it_IT', NULL),
    (85, 'it_IT', NULL),
    (86, 'it_IT', NULL),
    (87, 'it_IT', NULL),
    (88, 'it_IT', NULL),
    (89, 'it_IT', NULL),
    (90, 'it_IT', NULL),
    (91, 'it_IT', NULL),
    (92, 'it_IT', NULL),
    (93, 'it_IT', NULL),
    (94, 'it_IT', NULL),
    (95, 'it_IT', NULL),
    (96, 'it_IT', NULL),
    (97, 'it_IT', NULL),
    (98, 'it_IT', NULL),
    (99, 'it_IT', NULL),
    (100, 'it_IT', NULL),
    (101, 'it_IT', NULL),
    (102, 'it_IT', NULL),
    (103, 'it_IT', NULL),
    (104, 'it_IT', NULL),
    (105, 'it_IT', NULL),
    (106, 'it_IT', NULL),
    (107, 'it_IT', NULL),
    (108, 'it_IT', NULL),
    (109, 'it_IT', NULL),
    (110, 'it_IT', NULL),
    (111, 'it_IT', NULL),
    (112, 'it_IT', NULL),
    (113, 'it_IT', NULL),
    (114, 'it_IT', NULL),
    (115, 'it_IT', NULL),
    (116, 'it_IT', NULL),
    (117, 'it_IT', NULL),
    (118, 'it_IT', NULL),
    (119, 'it_IT', NULL),
    (120, 'it_IT', NULL),
    (121, 'it_IT', NULL),
    (122, 'it_IT', NULL),
    (123, 'it_IT', NULL),
    (124, 'it_IT', NULL),
    (125, 'it_IT', NULL),
    (126, 'it_IT', NULL),
    (127, 'it_IT', NULL),
    (128, 'it_IT', NULL),
    (129, 'it_IT', NULL),
    (130, 'it_IT', NULL),
    (131, 'it_IT', NULL),
    (132, 'it_IT', NULL),
    (133, 'it_IT', NULL),
    (134, 'it_IT', NULL),
    (135, 'it_IT', NULL),
    (136, 'it_IT', NULL),
    (137, 'it_IT', NULL),
    (138, 'it_IT', NULL),
    (139, 'it_IT', NULL),
    (140, 'it_IT', NULL),
    (141, 'it_IT', NULL),
    (142, 'it_IT', NULL),
    (143, 'it_IT', NULL),
    (144, 'it_IT', NULL),
    (145, 'it_IT', NULL),
    (146, 'it_IT', NULL),
    (147, 'it_IT', NULL),
    (148, 'it_IT', NULL),
    (149, 'it_IT', NULL),
    (150, 'it_IT', NULL),
    (151, 'it_IT', NULL),
    (152, 'it_IT', NULL),
    (153, 'it_IT', NULL),
    (154, 'it_IT', NULL),
    (155, 'it_IT', NULL),
    (156, 'it_IT', NULL),
    (157, 'it_IT', NULL),
    (158, 'it_IT', NULL),
    (159, 'it_IT', NULL),
    (160, 'it_IT', NULL),
    (161, 'it_IT', NULL),
    (162, 'it_IT', NULL),
    (163, 'it_IT', NULL),
    (164, 'it_IT', NULL),
    (165, 'it_IT', NULL),
    (166, 'it_IT', NULL),
    (167, 'it_IT', NULL),
    (168, 'it_IT', NULL),
    (169, 'it_IT', NULL),
    (170, 'it_IT', NULL),
    (171, 'it_IT', NULL),
    (172, 'it_IT', NULL),
    (173, 'it_IT', NULL),
    (174, 'it_IT', NULL),
    (175, 'it_IT', NULL),
    (176, 'it_IT', NULL),
    (177, 'it_IT', NULL),
    (178, 'it_IT', NULL),
    (179, 'it_IT', NULL),
    (180, 'it_IT', NULL),
    (181, 'it_IT', NULL),
    (182, 'it_IT', NULL),
    (183, 'it_IT', NULL),
    (184, 'it_IT', NULL),
    (185, 'it_IT', NULL),
    (186, 'it_IT', NULL),
    (187, 'it_IT', NULL),
    (188, 'it_IT', NULL),
    (189, 'it_IT', NULL),
    (190, 'it_IT', NULL),
    (191, 'it_IT', NULL),
    (192, 'it_IT', NULL),
    (193, 'it_IT', NULL),
    (194, 'it_IT', NULL),
    (195, 'it_IT', NULL),
    (196, 'it_IT', NULL),
    (197, 'it_IT', NULL),
    (198, 'it_IT', NULL),
    (199, 'it_IT', NULL),
    (200, 'it_IT', NULL),
    (201, 'it_IT', NULL),
    (202, 'it_IT', NULL),
    (203, 'it_IT', NULL),
    (204, 'it_IT', NULL),
    (205, 'it_IT', NULL),
    (206, 'it_IT', NULL),
    (207, 'it_IT', NULL),
    (208, 'it_IT', NULL),
    (209, 'it_IT', NULL),
    (210, 'it_IT', NULL),
    (211, 'it_IT', NULL),
    (212, 'it_IT', NULL),
    (213, 'it_IT', NULL),
    (214, 'it_IT', NULL),
    (215, 'it_IT', NULL),
    (216, 'it_IT', NULL),
    (217, 'it_IT', NULL),
    (218, 'it_IT', NULL),
    (219, 'it_IT', NULL),
    (220, 'it_IT', NULL),
    (221, 'it_IT', NULL),
    (222, 'it_IT', NULL),
    (223, 'it_IT', NULL),
    (224, 'it_IT', NULL),
    (225, 'it_IT', NULL),
    (226, 'it_IT', NULL),
    (227, 'it_IT', NULL),
    (228, 'it_IT', NULL),
    (229, 'it_IT', NULL),
    (230, 'it_IT', NULL),
    (231, 'it_IT', NULL),
    (232, 'it_IT', NULL),
    (233, 'it_IT', NULL),
    (234, 'it_IT', NULL),
    (235, 'it_IT', NULL),
    (236, 'it_IT', NULL),
    (237, 'it_IT', NULL),
    (238, 'it_IT', NULL),
    (239, 'it_IT', NULL),
    (240, 'it_IT', NULL),
    (241, 'it_IT', NULL),
    (242, 'it_IT', NULL),
    (243, 'it_IT', NULL),
    (244, 'it_IT', NULL),
    (245, 'it_IT', NULL),
    (246, 'it_IT', NULL),
    (247, 'it_IT', NULL),
    (248, 'it_IT', NULL),
    (249, 'it_IT', NULL),
    (250, 'it_IT', NULL),
    (251, 'it_IT', NULL),
    (252, 'it_IT', NULL),
    (253, 'it_IT', NULL),
    (254, 'it_IT', NULL),
    (255, 'it_IT', NULL),
    (256, 'it_IT', NULL),
    (257, 'it_IT', NULL),
    (258, 'it_IT', NULL),
    (259, 'it_IT', NULL),
    (260, 'it_IT', NULL),
    (261, 'it_IT', NULL),
    (262, 'it_IT', NULL),
    (263, 'it_IT', NULL),
    (264, 'it_IT', NULL),
    (265, 'it_IT', NULL),
    (266, 'it_IT', NULL),
    (267, 'it_IT', NULL),
    (268, 'it_IT', NULL),
    (269, 'it_IT', NULL),
    (270, 'it_IT', NULL),
    (271, 'it_IT', NULL),
    (272, 'it_IT', NULL),
    (273, 'it_IT', NULL),
    (274, 'it_IT', NULL),
    (275, 'it_IT', NULL),
    (276, 'it_IT', NULL),
    (277, 'it_IT', NULL),
    (278, 'it_IT', NULL),
    (279, 'it_IT', NULL),
    (280, 'it_IT', NULL),
    (281, 'it_IT', NULL),
    (282, 'it_IT', NULL),
    (283, 'it_IT', NULL),
    (284, 'it_IT', NULL),
    (285, 'it_IT', NULL),
    (286, 'it_IT', NULL),
    (287, 'it_IT', NULL),
    (288, 'it_IT', NULL),
    (289, 'it_IT', NULL),
    (290, 'it_IT', NULL),
    (291, 'it_IT', NULL),
    (292, 'it_IT', NULL),
    (293, 'it_IT', NULL),
    (294, 'it_IT', NULL),
    (295, 'it_IT', NULL),
    (296, 'it_IT', NULL),
    (297, 'it_IT', NULL),
    (298, 'it_IT', NULL),
    (299, 'it_IT', NULL),
    (300, 'it_IT', NULL),
    (301, 'it_IT', NULL),
    (302, 'it_IT', NULL),
    (303, 'it_IT', NULL),
    (304, 'it_IT', NULL),
    (305, 'it_IT', NULL),
    (306, 'it_IT', NULL),
    (307, 'it_IT', NULL),
    (308, 'it_IT', NULL),
    (309, 'it_IT', NULL),
    (310, 'it_IT', NULL),
    (311, 'it_IT', NULL),
    (312, 'it_IT', NULL),
    (313, 'it_IT', ''),
    (314, 'it_IT', ''),
    (315, 'it_IT', ''),
    (316, 'it_IT', ''),
    (317, 'it_IT', ''),

    (1, 'pt_BR', NULL),
    (2, 'pt_BR', NULL),
    (3, 'pt_BR', NULL),
    (4, 'pt_BR', NULL),
    (5, 'pt_BR', NULL),
    (6, 'pt_BR', NULL),
    (7, 'pt_BR', NULL),
    (8, 'pt_BR', NULL),
    (9, 'pt_BR', NULL),
    (10, 'pt_BR', NULL),
    (11, 'pt_BR', NULL),
    (12, 'pt_BR', NULL),
    (13, 'pt_BR', NULL),
    (14, 'pt_BR', NULL),
    (15, 'pt_BR', NULL),
    (16, 'pt_BR', NULL),
    (17, 'pt_BR', NULL),
    (18, 'pt_BR', NULL),
    (19, 'pt_BR', NULL),
    (20, 'pt_BR', NULL),
    (21, 'pt_BR', NULL),
    (22, 'pt_BR', NULL),
    (23, 'pt_BR', NULL),
    (24, 'pt_BR', NULL),
    (25, 'pt_BR', NULL),
    (26, 'pt_BR', NULL),
    (27, 'pt_BR', NULL),
    (28, 'pt_BR', NULL),
    (29, 'pt_BR', NULL),
    (30, 'pt_BR', NULL),
    (31, 'pt_BR', NULL),
    (32, 'pt_BR', NULL),
    (33, 'pt_BR', NULL),
    (34, 'pt_BR', NULL),
    (35, 'pt_BR', NULL),
    (36, 'pt_BR', NULL),
    (37, 'pt_BR', NULL),
    (38, 'pt_BR', NULL),
    (39, 'pt_BR', NULL),
    (40, 'pt_BR', NULL),
    (41, 'pt_BR', NULL),
    (42, 'pt_BR', NULL),
    (43, 'pt_BR', NULL),
    (44, 'pt_BR', NULL),
    (45, 'pt_BR', NULL),
    (46, 'pt_BR', NULL),
    (47, 'pt_BR', NULL),
    (48, 'pt_BR', NULL),
    (49, 'pt_BR', NULL),
    (50, 'pt_BR', NULL),
    (51, 'pt_BR', NULL),
    (52, 'pt_BR', NULL),
    (53, 'pt_BR', NULL),
    (54, 'pt_BR', NULL),
    (55, 'pt_BR', NULL),
    (56, 'pt_BR', NULL),
    (57, 'pt_BR', NULL),
    (58, 'pt_BR', NULL),
    (59, 'pt_BR', NULL),
    (60, 'pt_BR', NULL),
    (61, 'pt_BR', NULL),
    (62, 'pt_BR', NULL),
    (63, 'pt_BR', NULL),
    (64, 'pt_BR', NULL),
    (65, 'pt_BR', NULL),
    (66, 'pt_BR', NULL),
    (67, 'pt_BR', NULL),
    (68, 'pt_BR', NULL),
    (69, 'pt_BR', NULL),
    (70, 'pt_BR', NULL),
    (71, 'pt_BR', NULL),
    (72, 'pt_BR', NULL),
    (73, 'pt_BR', NULL),
    (74, 'pt_BR', NULL),
    (75, 'pt_BR', NULL),
    (76, 'pt_BR', NULL),
    (77, 'pt_BR', NULL),
    (78, 'pt_BR', NULL),
    (79, 'pt_BR', NULL),
    (80, 'pt_BR', NULL),
    (81, 'pt_BR', NULL),
    (82, 'pt_BR', NULL),
    (83, 'pt_BR', NULL),
    (84, 'pt_BR', NULL),
    (85, 'pt_BR', NULL),
    (86, 'pt_BR', NULL),
    (87, 'pt_BR', NULL),
    (88, 'pt_BR', NULL),
    (89, 'pt_BR', NULL),
    (90, 'pt_BR', NULL),
    (91, 'pt_BR', NULL),
    (92, 'pt_BR', NULL),
    (93, 'pt_BR', NULL),
    (94, 'pt_BR', NULL),
    (95, 'pt_BR', NULL),
    (96, 'pt_BR', NULL),
    (97, 'pt_BR', NULL),
    (98, 'pt_BR', NULL),
    (99, 'pt_BR', NULL),
    (100, 'pt_BR', NULL),
    (101, 'pt_BR', NULL),
    (102, 'pt_BR', NULL),
    (103, 'pt_BR', NULL),
    (104, 'pt_BR', NULL),
    (105, 'pt_BR', NULL),
    (106, 'pt_BR', NULL),
    (107, 'pt_BR', NULL),
    (108, 'pt_BR', NULL),
    (109, 'pt_BR', NULL),
    (110, 'pt_BR', NULL),
    (111, 'pt_BR', NULL),
    (112, 'pt_BR', NULL),
    (113, 'pt_BR', NULL),
    (114, 'pt_BR', NULL),
    (115, 'pt_BR', NULL),
    (116, 'pt_BR', NULL),
    (117, 'pt_BR', NULL),
    (118, 'pt_BR', NULL),
    (119, 'pt_BR', NULL),
    (120, 'pt_BR', NULL),
    (121, 'pt_BR', NULL),
    (122, 'pt_BR', NULL),
    (123, 'pt_BR', NULL),
    (124, 'pt_BR', NULL),
    (125, 'pt_BR', NULL),
    (126, 'pt_BR', NULL),
    (127, 'pt_BR', NULL),
    (128, 'pt_BR', NULL),
    (129, 'pt_BR', NULL),
    (130, 'pt_BR', NULL),
    (131, 'pt_BR', NULL),
    (132, 'pt_BR', NULL),
    (133, 'pt_BR', NULL),
    (134, 'pt_BR', NULL),
    (135, 'pt_BR', NULL),
    (136, 'pt_BR', NULL),
    (137, 'pt_BR', NULL),
    (138, 'pt_BR', NULL),
    (139, 'pt_BR', NULL),
    (140, 'pt_BR', NULL),
    (141, 'pt_BR', NULL),
    (142, 'pt_BR', NULL),
    (143, 'pt_BR', NULL),
    (144, 'pt_BR', NULL),
    (145, 'pt_BR', NULL),
    (146, 'pt_BR', NULL),
    (147, 'pt_BR', NULL),
    (148, 'pt_BR', NULL),
    (149, 'pt_BR', NULL),
    (150, 'pt_BR', NULL),
    (151, 'pt_BR', NULL),
    (152, 'pt_BR', NULL),
    (153, 'pt_BR', NULL),
    (154, 'pt_BR', NULL),
    (155, 'pt_BR', NULL),
    (156, 'pt_BR', NULL),
    (157, 'pt_BR', NULL),
    (158, 'pt_BR', NULL),
    (159, 'pt_BR', NULL),
    (160, 'pt_BR', NULL),
    (161, 'pt_BR', NULL),
    (162, 'pt_BR', NULL),
    (163, 'pt_BR', NULL),
    (164, 'pt_BR', NULL),
    (165, 'pt_BR', NULL),
    (166, 'pt_BR', NULL),
    (167, 'pt_BR', NULL),
    (168, 'pt_BR', NULL),
    (169, 'pt_BR', NULL),
    (170, 'pt_BR', NULL),
    (171, 'pt_BR', NULL),
    (172, 'pt_BR', NULL),
    (173, 'pt_BR', NULL),
    (174, 'pt_BR', NULL),
    (175, 'pt_BR', NULL),
    (176, 'pt_BR', NULL),
    (177, 'pt_BR', NULL),
    (178, 'pt_BR', NULL),
    (179, 'pt_BR', NULL),
    (180, 'pt_BR', NULL),
    (181, 'pt_BR', NULL),
    (182, 'pt_BR', NULL),
    (183, 'pt_BR', NULL),
    (184, 'pt_BR', NULL),
    (185, 'pt_BR', NULL),
    (186, 'pt_BR', NULL),
    (187, 'pt_BR', NULL),
    (188, 'pt_BR', NULL),
    (189, 'pt_BR', NULL),
    (190, 'pt_BR', NULL),
    (191, 'pt_BR', NULL),
    (192, 'pt_BR', NULL),
    (193, 'pt_BR', NULL),
    (194, 'pt_BR', NULL),
    (195, 'pt_BR', NULL),
    (196, 'pt_BR', NULL),
    (197, 'pt_BR', NULL),
    (198, 'pt_BR', NULL),
    (199, 'pt_BR', NULL),
    (200, 'pt_BR', NULL),
    (201, 'pt_BR', NULL),
    (202, 'pt_BR', NULL),
    (203, 'pt_BR', NULL),
    (204, 'pt_BR', NULL),
    (205, 'pt_BR', NULL),
    (206, 'pt_BR', NULL),
    (207, 'pt_BR', NULL),
    (208, 'pt_BR', NULL),
    (209, 'pt_BR', NULL),
    (210, 'pt_BR', NULL),
    (211, 'pt_BR', NULL),
    (212, 'pt_BR', NULL),
    (213, 'pt_BR', NULL),
    (214, 'pt_BR', NULL),
    (215, 'pt_BR', NULL),
    (216, 'pt_BR', NULL),
    (217, 'pt_BR', NULL),
    (218, 'pt_BR', NULL),
    (219, 'pt_BR', NULL),
    (220, 'pt_BR', NULL),
    (221, 'pt_BR', NULL),
    (222, 'pt_BR', NULL),
    (223, 'pt_BR', NULL),
    (224, 'pt_BR', NULL),
    (225, 'pt_BR', NULL),
    (226, 'pt_BR', NULL),
    (227, 'pt_BR', NULL),
    (228, 'pt_BR', NULL),
    (229, 'pt_BR', NULL),
    (230, 'pt_BR', NULL),
    (231, 'pt_BR', NULL),
    (232, 'pt_BR', NULL),
    (233, 'pt_BR', NULL),
    (234, 'pt_BR', NULL),
    (235, 'pt_BR', NULL),
    (236, 'pt_BR', NULL),
    (237, 'pt_BR', NULL),
    (238, 'pt_BR', NULL),
    (239, 'pt_BR', NULL),
    (240, 'pt_BR', NULL),
    (241, 'pt_BR', NULL),
    (242, 'pt_BR', NULL),
    (243, 'pt_BR', NULL),
    (244, 'pt_BR', NULL),
    (245, 'pt_BR', NULL),
    (246, 'pt_BR', NULL),
    (247, 'pt_BR', NULL),
    (248, 'pt_BR', NULL),
    (249, 'pt_BR', NULL),
    (250, 'pt_BR', NULL),
    (251, 'pt_BR', NULL),
    (252, 'pt_BR', NULL),
    (253, 'pt_BR', NULL),
    (254, 'pt_BR', NULL),
    (255, 'pt_BR', NULL),
    (256, 'pt_BR', NULL),
    (257, 'pt_BR', NULL),
    (258, 'pt_BR', NULL),
    (259, 'pt_BR', NULL),
    (260, 'pt_BR', NULL),
    (261, 'pt_BR', NULL),
    (262, 'pt_BR', NULL),
    (263, 'pt_BR', NULL),
    (264, 'pt_BR', NULL),
    (265, 'pt_BR', NULL),
    (266, 'pt_BR', NULL),
    (267, 'pt_BR', NULL),
    (268, 'pt_BR', NULL),
    (269, 'pt_BR', NULL),
    (270, 'pt_BR', NULL),
    (271, 'pt_BR', NULL),
    (272, 'pt_BR', NULL),
    (273, 'pt_BR', NULL),
    (274, 'pt_BR', NULL),
    (275, 'pt_BR', NULL),
    (276, 'pt_BR', NULL),
    (277, 'pt_BR', NULL),
    (278, 'pt_BR', NULL),
    (279, 'pt_BR', NULL),
    (280, 'pt_BR', NULL),
    (281, 'pt_BR', NULL),
    (282, 'pt_BR', NULL),
    (283, 'pt_BR', NULL),
    (284, 'pt_BR', NULL),
    (285, 'pt_BR', NULL),
    (286, 'pt_BR', NULL),
    (287, 'pt_BR', NULL),
    (288, 'pt_BR', NULL),
    (289, 'pt_BR', NULL),
    (290, 'pt_BR', NULL),
    (291, 'pt_BR', NULL),
    (292, 'pt_BR', NULL),
    (293, 'pt_BR', NULL),
    (294, 'pt_BR', NULL),
    (295, 'pt_BR', NULL),
    (296, 'pt_BR', NULL),
    (297, 'pt_BR', NULL),
    (298, 'pt_BR', NULL),
    (299, 'pt_BR', NULL),
    (300, 'pt_BR', NULL),
    (301, 'pt_BR', NULL),
    (302, 'pt_BR', NULL),
    (303, 'pt_BR', NULL),
    (304, 'pt_BR', NULL),
    (305, 'pt_BR', NULL),
    (306, 'pt_BR', NULL),
    (307, 'pt_BR', NULL),
    (308, 'pt_BR', NULL),
    (309, 'pt_BR', NULL),
    (310, 'pt_BR', NULL),
    (311, 'pt_BR', NULL),
    (312, 'pt_BR', NULL),
    (313, 'pt_BR', ''),
    (314, 'pt_BR', ''),
    (315, 'pt_BR', ''),
    (316, 'pt_BR', ''),
    (317, 'pt_BR', ''),

    (1, 'tr_TR', 'Alabama'),
    (2, 'tr_TR', 'Alaska'),
    (3, 'tr_TR', 'Arizona'),
    (4, 'tr_TR', 'Arkansas'),
    (5, 'tr_TR', 'California'),
    (6, 'tr_TR', 'Colorado'),
    (7, 'tr_TR', 'Connecticut'),
    (8, 'tr_TR', 'Delaware'),
    (9, 'tr_TR', 'Florida'),
    (10, 'tr_TR', 'Gürcistan'),
    (11, 'tr_TR', 'Hawaii'),
    (12, 'tr_TR', 'Idaho'),
    (13, 'tr_TR', 'Illinois'),
    (14, 'tr_TR', 'Indiana'),
    (15, 'tr_TR', 'Iowa'),
    (16, 'tr_TR', 'Kansas'),
    (17, 'tr_TR', 'Kentucky'),
    (18, 'tr_TR', 'Louisiana'),
    (19, 'tr_TR', 'Maine'),
    (20, 'tr_TR', 'Maryland'),
    (21, 'tr_TR', 'Massachusetts'),
    (22, 'tr_TR', 'Michigan'),
    (23, 'tr_TR', 'Minnesota'),
    (24, 'tr_TR', 'Mississippi'),
    (25, 'tr_TR', 'Missouri'),
    (26, 'tr_TR', 'Montana'),
    (27, 'tr_TR', 'Nebraska'),
    (28, 'tr_TR', 'Nevada'),
    (29, 'tr_TR', 'New Hampshire'),
    (30, 'tr_TR', 'New Jersey'),
    (31, 'tr_TR', 'New Mexico'),
    (32, 'tr_TR', 'New York'),
    (33, 'tr_TR', 'Güney Carolina'),
    (34, 'tr_TR', 'Kuzey Dakota'),
    (35, 'tr_TR', 'Ohio'),
    (36, 'tr_TR', 'Oklahoma'),
    (37, 'tr_TR', 'Oregon'),
    (38, 'tr_TR', 'Pennsylvania'),
    (39, 'tr_TR', 'Rhode Island'),
    (40, 'tr_TR', 'Güney Carolina'),
    (41, 'tr_TR', 'Güney Dakota'),
    (42, 'tr_TR', 'Tennessee'),
    (43, 'tr_TR', 'Texas'),
    (44, 'tr_TR', 'Utah'),
    (45, 'tr_TR', 'Vermont'),
    (46, 'tr_TR', 'Virginia'),
    (47, 'tr_TR', 'Washington'),
    (48, 'tr_TR', 'West Virginia'),
    (49, 'tr_TR', 'Wisconsin'),
    (50, 'tr_TR', 'Wyoming'),
    (51, 'tr_TR', NULL),
    (52, 'tr_TR', NULL),
    (53, 'tr_TR', NULL),
    (54, 'tr_TR', NULL),
    (55, 'tr_TR', NULL),
    (56, 'tr_TR', NULL),
    (57, 'tr_TR', NULL),
    (58, 'tr_TR', NULL),
    (59, 'tr_TR', NULL),
    (60, 'tr_TR', NULL),
    (61, 'tr_TR', NULL),
    (62, 'tr_TR', NULL),
    (63, 'tr_TR', NULL),
    (64, 'tr_TR', NULL),
    (65, 'tr_TR', NULL),
    (66, 'tr_TR', NULL),
    (67, 'tr_TR', NULL),
    (68, 'tr_TR', NULL),
    (69, 'tr_TR', NULL),
    (70, 'tr_TR', NULL),
    (71, 'tr_TR', NULL),
    (72, 'tr_TR', NULL),
    (73, 'tr_TR', NULL),
    (74, 'tr_TR', NULL),
    (75, 'tr_TR', NULL),
    (76, 'tr_TR', NULL),
    (77, 'tr_TR', NULL),
    (78, 'tr_TR', NULL),
    (79, 'tr_TR', NULL),
    (80, 'tr_TR', NULL),
    (81, 'tr_TR', NULL),
    (82, 'tr_TR', NULL),
    (83, 'tr_TR', NULL),
    (84, 'tr_TR', NULL),
    (85, 'tr_TR', NULL),
    (86, 'tr_TR', 'Ontario'),
    (87, 'tr_TR', 'Quebec'),
    (88, 'tr_TR', 'British Columbia'),
    (89, 'tr_TR', 'Alberta'),
    (90, 'tr_TR', 'Manitoba'),
    (91, 'tr_TR', 'Saskatchewan'),
    (92, 'tr_TR', 'Nova Scotia'),
    (93, 'tr_TR', 'New Brunswick'),
    (94, 'tr_TR', 'Newfoundland ve Labrador'),
    (95, 'tr_TR', 'Prince Edward Island'),
    (96, 'tr_TR', 'Kuzeybatı Toprakları'),
    (97, 'tr_TR', 'Yukon'),
    (98, 'tr_TR', 'Nunavut'),
    (99, 'tr_TR', NULL),
    (100, 'tr_TR', NULL),
    (101, 'tr_TR', NULL),
    (102, 'tr_TR', NULL),
    (103, 'tr_TR', NULL),
    (104, 'tr_TR', NULL),
    (105, 'tr_TR', NULL),
    (106, 'tr_TR', NULL),
    (107, 'tr_TR', NULL),
    (108, 'tr_TR', NULL),
    (109, 'tr_TR', NULL),
    (110, 'tr_TR', NULL),
    (111, 'tr_TR', NULL),
    (112, 'tr_TR', NULL),
    (113, 'tr_TR', NULL),
    (114, 'tr_TR', NULL),
    (115, 'tr_TR', NULL),
    (116, 'tr_TR', NULL),
    (117, 'tr_TR', NULL),
    (118, 'tr_TR', NULL),
    (119, 'tr_TR', NULL),
    (120, 'tr_TR', NULL),
    (121, 'tr_TR', NULL),
    (122, 'tr_TR', NULL),
    (123, 'tr_TR', NULL),
    (124, 'tr_TR', NULL),
    (125, 'tr_TR', NULL),
    (126, 'tr_TR', NULL),
    (127, 'tr_TR', NULL),
    (128, 'tr_TR', NULL),
    (129, 'tr_TR', NULL),
    (130, 'tr_TR', NULL),
    (131, 'tr_TR', NULL),
    (132, 'tr_TR', NULL),
    (133, 'tr_TR', NULL),
    (134, 'tr_TR', NULL),
    (135, 'tr_TR', NULL),
    (136, 'tr_TR', NULL),
    (137, 'tr_TR', NULL),
    (138, 'tr_TR', NULL),
    (139, 'tr_TR', NULL),
    (140, 'tr_TR', NULL),
    (141, 'tr_TR', NULL),
    (142, 'tr_TR', NULL),
    (143, 'tr_TR', NULL),
    (144, 'tr_TR', NULL),
    (145, 'tr_TR', NULL),
    (146, 'tr_TR', NULL),
    (147, 'tr_TR', NULL),
    (148, 'tr_TR', NULL),
    (149, 'tr_TR', NULL),
    (150, 'tr_TR', NULL),
    (151, 'tr_TR', NULL),
    (152, 'tr_TR', NULL),
    (153, 'tr_TR', NULL),
    (154, 'tr_TR', NULL),
    (155, 'tr_TR', NULL),
    (156, 'tr_TR', NULL),
    (157, 'tr_TR', NULL),
    (158, 'tr_TR', NULL),
    (159, 'tr_TR', NULL),
    (160, 'tr_TR', NULL),
    (161, 'tr_TR', NULL),
    (162, 'tr_TR', NULL),
    (163, 'tr_TR', NULL),
    (164, 'tr_TR', NULL),
    (165, 'tr_TR', NULL),
    (166, 'tr_TR', NULL),
    (167, 'tr_TR', NULL),
    (168, 'tr_TR', NULL),
    (169, 'tr_TR', NULL),
    (170, 'tr_TR', NULL),
    (171, 'tr_TR', NULL),
    (172, 'tr_TR', NULL),
    (173, 'tr_TR', NULL),
    (174, 'tr_TR', NULL),
    (175, 'tr_TR', NULL),
    (176, 'tr_TR', NULL),
    (177, 'tr_TR', NULL),
    (178, 'tr_TR', NULL),
    (179, 'tr_TR', NULL),
    (180, 'tr_TR', NULL),
    (181, 'tr_TR', NULL),
    (182, 'tr_TR', NULL),
    (183, 'tr_TR', NULL),
    (184, 'tr_TR', NULL),
    (185, 'tr_TR', NULL),
    (186, 'tr_TR', NULL),
    (187, 'tr_TR', NULL),
    (188, 'tr_TR', NULL),
    (189, 'tr_TR', NULL),
    (190, 'tr_TR', NULL),
    (191, 'tr_TR', NULL),
    (192, 'tr_TR', NULL),
    (193, 'tr_TR', NULL),
    (194, 'tr_TR', NULL),
    (195, 'tr_TR', NULL),
    (196, 'tr_TR', NULL),
    (197, 'tr_TR', NULL),
    (198, 'tr_TR', NULL),
    (199, 'tr_TR', NULL),
    (200, 'tr_TR', NULL),
    (201, 'tr_TR', NULL),
    (202, 'tr_TR', NULL),
    (203, 'tr_TR', NULL),
    (204, 'tr_TR', NULL),
    (205, 'tr_TR', NULL),
    (206, 'tr_TR', NULL),
    (207, 'tr_TR', NULL),
    (208, 'tr_TR', NULL),
    (209, 'tr_TR', NULL),
    (210, 'tr_TR', NULL),
    (211, 'tr_TR', NULL),
    (212, 'tr_TR', NULL),
    (213, 'tr_TR', NULL),
    (214, 'tr_TR', NULL),
    (215, 'tr_TR', NULL),
    (216, 'tr_TR', NULL),
    (217, 'tr_TR', NULL),
    (218, 'tr_TR', NULL),
    (219, 'tr_TR', NULL),
    (220, 'tr_TR', NULL),
    (221, 'tr_TR', NULL),
    (222, 'tr_TR', NULL),
    (223, 'tr_TR', NULL),
    (224, 'tr_TR', NULL),
    (225, 'tr_TR', NULL),
    (226, 'tr_TR', NULL),
    (227, 'tr_TR', NULL),
    (228, 'tr_TR', NULL),
    (229, 'tr_TR', NULL),
    (230, 'tr_TR', NULL),
    (231, 'tr_TR', NULL),
    (232, 'tr_TR', NULL),
    (233, 'tr_TR', NULL),
    (234, 'tr_TR', NULL),
    (235, 'tr_TR', NULL),
    (236, 'tr_TR', NULL),
    (237, 'tr_TR', NULL),
    (238, 'tr_TR', NULL),
    (239, 'tr_TR', NULL),
    (240, 'tr_TR', NULL),
    (241, 'tr_TR', NULL),
    (242, 'tr_TR', NULL),
    (243, 'tr_TR', NULL),
    (244, 'tr_TR', NULL),
    (245, 'tr_TR', NULL),
    (246, 'tr_TR', NULL),
    (247, 'tr_TR', NULL),
    (248, 'tr_TR', NULL),
    (249, 'tr_TR', NULL),
    (250, 'tr_TR', NULL),
    (251, 'tr_TR', NULL),
    (252, 'tr_TR', NULL),
    (253, 'tr_TR', NULL),
    (254, 'tr_TR', NULL),
    (255, 'tr_TR', NULL),
    (256, 'tr_TR', NULL),
    (257, 'tr_TR', NULL),
    (258, 'tr_TR', NULL),
    (259, 'tr_TR', NULL),
    (260, 'tr_TR', NULL),
    (261, 'tr_TR', NULL),
    (262, 'tr_TR', NULL),
    (263, 'tr_TR', NULL),
    (264, 'tr_TR', NULL),
    (265, 'tr_TR', NULL),
    (266, 'tr_TR', NULL),
    (267, 'tr_TR', NULL),
    (268, 'tr_TR', NULL),
    (269, 'tr_TR', NULL),
    (270, 'tr_TR', NULL),
    (271, 'tr_TR', NULL),
    (272, 'tr_TR', NULL),
    (273, 'tr_TR', NULL),
    (274, 'tr_TR', NULL),
    (275, 'tr_TR', NULL),
    (276, 'tr_TR', NULL),
    (277, 'tr_TR', NULL),
    (278, 'tr_TR', NULL),
    (279, 'tr_TR', NULL),
    (280, 'tr_TR', NULL),
    (281, 'tr_TR', NULL),
    (282, 'tr_TR', NULL),
    (283, 'tr_TR', NULL),
    (284, 'tr_TR', NULL),
    (285, 'tr_TR', NULL),
    (286, 'tr_TR', NULL),
    (287, 'tr_TR', NULL),
    (288, 'tr_TR', NULL),
    (289, 'tr_TR', NULL),
    (290, 'tr_TR', NULL),
    (291, 'tr_TR', NULL),
    (292, 'tr_TR', NULL),
    (293, 'tr_TR', NULL),
    (294, 'tr_TR', NULL),
    (295, 'tr_TR', NULL),
    (296, 'tr_TR', NULL),
    (297, 'tr_TR', NULL),
    (298, 'tr_TR', NULL),
    (299, 'tr_TR', NULL),
    (300, 'tr_TR', NULL),
    (301, 'tr_TR', NULL),
    (302, 'tr_TR', NULL),
    (303, 'tr_TR', NULL),
    (304, 'tr_TR', NULL),
    (305, 'tr_TR', NULL),
    (306, 'tr_TR', NULL),
    (307, 'tr_TR', NULL),
    (308, 'tr_TR', NULL),
    (309, 'tr_TR', NULL),
    (310, 'tr_TR', NULL),
    (311, 'tr_TR', NULL),
    (312, 'tr_TR', NULL),
    (313, 'tr_TR', ''),
    (314, 'tr_TR', ''),
    (315, 'tr_TR', ''),
    (316, 'tr_TR', ''),
    (317, 'tr_TR', '')
;

-- Add new column in lang table
ALTER TABLE  `lang` ADD  `active` BOOLEAN NOT NULL DEFAULT FALSE AFTER  `decimals` ;
ALTER TABLE  `lang` ADD  `visible` TINYINT NOT NULL DEFAULT  '0' AFTER  `active` ;

-- Update lang
UPDATE `lang` SET `active` = '1', `visible` = '1' WHERE 1;

-- add missing primary key
ALTER TABLE `coupon_customer_count` ADD PRIMARY KEY(`coupon_id`, `customer_id`);
ALTER TABLE `ignored_module_hook` ADD PRIMARY KEY(`module_id`, `hook_id`);

-- add admin email
ALTER TABLE  `admin` ADD  `email` VARCHAR(255) NOT NULL AFTER `remember_me_serial` ;
ALTER TABLE  `admin` ADD  `password_renew_token` VARCHAR(255) NOT NULL AFTER `email` ;

-- add admin password renew message

SELECT @max := MAX(`id`) FROM `message`;
SET @max := @max+1;

INSERT INTO `message` (`id`, `name`, `secured`, `text_layout_file_name`, `text_template_file_name`, `html_layout_file_name`, `html_template_file_name`, `created_at`, `updated_at`) VALUES
(@max, 'new_admin_password', NULL, NULL, 'admin_password.txt', NULL, 'admin_password.html', NOW(), NOW());

INSERT INTO `message_i18n` (`id`, `locale`, `title`, `subject`, `text_message`, `html_message`) VALUES
(@max, 'ar_SA', NULL, NULL, NULL, NULL),(@max, 'de_DE', NULL, NULL, NULL, NULL),(@max, 'en_US', NULL, NULL, NULL, NULL),(@max, 'es_ES', NULL, NULL, NULL, NULL),(@max, 'fr_FR', 'Mail sent to an administrator who requested a new password', 'New password request on {config key=\"store_name\"}', NULL, NULL),(@max, 'it_IT', NULL, NULL, NULL, NULL),(@max, 'pt_BR', NULL, NULL, NULL, NULL),(@max, 'tr_TR', NULL, NULL, NULL, NULL);

SET FOREIGN_KEY_CHECKS = 1;
